date,movie_nm,movie_cd,rank,scrn_cnt,show_cnt,screen_audi_cnt,SS_screen_share_pct,open_date,seat_sales_rate_pct,seat_share_pct_from_kobis,seat_share_pct,seat_share_recalc_vs_kobis_gap_p,audience_share_pct,seats_cnt,audi_cnt,audi_acc,total_seats_cnt,total_audi_cnt,screen_share,seat_share,audience_share,seat_sales_rate,SOI_seat_overallocation,ScOI_screen_overallocation,StEI_seat_efficiency,ScEI_screen_efficiency,MII,MII_pct,screen_minus_audience_share_p,seat_minus_audience_share_p,has_seat_data,over_30_period_start,over_30_period_end,is_in_peak_over_30_period
2022-08-30,공조2: 인터내셔날,20215601,8,7.0,9.0,2265.0,0.1475859160868648,,,,,,,,,,,,0.001475859160868648,,,,,,,,,,,,False,2022-09-07,2022-09-27,False
2022-09-02,공조2: 인터내셔날,20215601,9,10.0,10.0,1990.0,0.2075119319360863,,,,,,,,,,,,0.002075119319360863,,,,,,,,,,,,False,2022-09-07,2022-09-27,False
2022-09-05,공조2: 인터내셔날,20215601,8,5.0,5.0,1162.0,0.1144426642252231,,,,,,,,,,,,0.001144426642252231,,,,,,,,,,,,False,2022-09-07,2022-09-27,False
2022-09-06,공조2: 인터내셔날,20215601,5,14.0,14.0,3251.0,0.3169572107765451,,,,,,,,,,,,0.003169572107765451,,,,,,,,,,,,False,2022-09-07,2022-09-27,False
2022-09-07,공조2: 인터내셔날,20215601,1,2166.0,10151.0,216237.0,47.64628244610647,2022-09-07,13.3,66.21,67.5013884064422,1.2913884064422092,78.71550415533642,1622622.0,216237.0,227335.0,2403835.0,274707.0,0.4764628244610647,0.675013884064422,0.7871550415533641,0.133,0.8575361249447836,0.6052973039730745,1.1661316309728522,1.6520807104808832,0.4130932688077431,41.30932688077431,-31.06922170922995,-11.214115748894216,True,2022-09-07,2022-09-27,True
2022-09-08,공조2: 인터내셔날,20215601,1,2187.0,10359.0,285121.0,43.65269461077844,2022-09-07,17.2,64.32,66.18152787767522,1.861527877675229,77.45453853969151,1657157.0,285121.0,512456.0,2503957.0,368114.0,0.4365269461077844,0.6618152787767522,0.7745453853969151,0.172,0.8544564221212234,0.5635911779192727,1.1703346994776616,1.7743357937076107,0.36144431137724553,36.14443113772455,-33.80184392891307,-11.27301066201629,True,2022-09-07,2022-09-27,True
2022-09-09,공조2: 인터내셔날,20215601,1,2325.0,11315.0,532726.0,38.57000663570007,2022-09-07,29.7,64.25,66.37099988490608,2.120999884906084,75.0629133753977,1793438.0,532726.0,1045182.0,2702141.0,709706.0,0.38570006635700066,0.6637099988490608,0.750629133753977,0.297,0.8842049542225676,0.5138357266098548,1.1309595080014503,1.9461472766748273,0.2711471466489715,27.11471466489715,-36.49290673969763,-8.691913490491615,True,2022-09-07,2022-09-27,True
2022-09-10,공조2: 인터내셔날,20215601,1,2379.0,11441.0,713384.0,39.77595719779301,2022-09-07,39.4,65.45,67.25512850041979,1.8051285004197837,76.97712862612059,1810387.0,713384.0,1758566.0,2691820.0,926748.0,0.3977595719779301,0.6725512850041979,0.7697712862612058,0.39399999999999996,0.8737027439290346,0.5167243557626787,1.1445540339074678,1.935267786098475,0.2410423006186257,24.10423006186257,-37.20117142832758,-9.722000125700802,True,2022-09-07,2022-09-27,True
2022-09-11,공조2: 인터내셔날,20215601,1,2389.0,11568.0,852525.0,41.04105823741625,2022-09-07,46.7,64.82,66.8903042578793,2.0703042578793003,77.8755799391081,1823920.0,852525.0,2611091.0,2726733.0,1094727.0,0.4104105823741625,0.668903042578793,0.7787557993910811,0.467,0.8589381203989962,0.5270080591310751,1.1642282211615864,1.8975041893074438,0.21874884040542858,21.87488404054286,-36.834521701691855,-10.985275681228813,True,2022-09-07,2022-09-27,True
2022-09-12,공조2: 인터내셔날,20215601,1,2328.0,11034.0,733293.0,38.62618218018915,2022-09-07,42.1,64.78,66.82107568035033,2.041075680350332,76.90112662851462,1743132.0,733293.0,3344384.0,2608656.0,953553.0,0.38626182180189145,0.6682107568035033,0.7690112662851462,0.42100000000000004,0.8689219340458056,0.5022836969187746,1.1508513720489009,1.9909067448026532,0.22364559482329513,22.36455948232951,-38.27494444832547,-10.080050948164285,True,2022-09-07,2022-09-27,True
2022-09-13,공조2: 인터내셔날,20215601,1,2135.0,9866.0,200401.0,43.01833568406206,2022-09-07,12.8,65.72,67.66365994581187,1.9436599458118735,79.40981839651613,1571839.0,200401.0,3544785.0,2323018.0,252363.0,0.4301833568406206,0.6766365994581187,0.7940981839651613,0.128,0.8520817867627867,0.541725652478628,1.17359626216068,1.8459528276436046,0.37511988716502115,37.51198871650212,-36.39148271245407,-11.746158450704257,True,2022-09-07,2022-09-27,True
2022-09-14,공조2: 인터내셔날,20215601,1,2136.0,9726.0,142484.0,45.86643762078592,2022-09-07,9.1,67.02,69.15246436930052,2.1324643693005214,78.73001138259899,1565701.0,142484.0,3687269.0,2264129.0,180978.0,0.4586643762078592,0.6915246436930051,0.7873001138259899,0.091,0.8783494775993985,0.5825788262355489,1.1384989978397693,1.7165059129623754,0.41692591797294404,41.692591797294405,-32.863573761813065,-9.57754701329847,True,2022-09-07,2022-09-27,True
2022-09-15,공조2: 인터내셔날,20215601,1,2127.0,9484.0,128665.0,47.17232202262142,2022-09-07,8.4,66.88,71.04864615837599,4.168646158375992,76.38307598235646,1529850.0,128665.0,3815934.0,2153243.0,168447.0,0.4717232202262142,0.7104864615837598,0.7638307598235646,0.084,0.9301621497252524,0.6175755743787752,1.0750813718827152,1.6192350239983324,0.4320984697272122,43.20984697272122,-29.210753959735037,-5.3344298239804715,True,2022-09-07,2022-09-27,True
2022-09-16,공조2: 인터내셔날,20215601,1,2158.0,9825.0,177139.0,45.71065452234696,2022-09-07,11.4,65.48,69.13160452214252,3.65160452214252,78.39361659755446,1559983.0,177139.0,3993073.0,2256541.0,225961.0,0.45710654522346955,0.6913160452214252,0.7839361659755446,0.114,0.8818524711908639,0.5830915386517954,1.1339765240432884,1.7149965892356565,0.404996399067994,40.4996399067994,-32.6829620752075,-9.262012075411931,True,2022-09-07,2022-09-27,True
2022-09-17,공조2: 인터내셔날,20215601,1,2237.0,10597.0,397342.0,44.03543307086614,2022-09-07,23.7,64.0,67.21997385269067,3.2199738526906714,77.06788938154368,1678230.0,397342.0,4390415.0,2496624.0,515574.0,0.4403543307086614,0.6721997385269067,0.7706788938154367,0.237,0.8722176563043208,0.5713849623266289,1.1465028170114173,1.7501335630676882,0.3359903543307087,33.59903543307087,-33.03245631067754,-9.847915528853008,True,2022-09-07,2022-09-27,True
2022-09-18,공조2: 인터내셔날,20215601,1,2225.0,10266.0,341863.0,44.813695871097686,2022-09-07,21.1,63.87,66.97915167638897,3.1091516763889686,75.23691519470401,1624367.0,341863.0,4732278.0,2425183.0,454382.0,0.44813695871097686,0.6697915167638897,0.7523691519470401,0.21100000000000002,0.8902431938238702,0.5956344137066927,1.123288565346611,1.6788821750189007,0.3535800604229607,35.35800604229607,-30.423219323606325,-8.257763518315045,True,2022-09-07,2022-09-27,True
2022-09-19,공조2: 인터내셔날,20215601,1,2098.0,9275.0,100744.0,52.85966238347191,2022-09-07,6.7,69.32,72.2345609010706,2.914560901070601,74.8664214320217,1503259.0,100744.0,4833022.0,2081080.0,134565.0,0.5285966238347191,0.722345609010706,0.7486642143202169,0.067,0.9648459151564923,0.7060530124505576,1.0364349211529862,1.4163242452988278,0.49318065003779293,49.318065003779296,-22.00675904854979,-2.6318605309511014,True,2022-09-07,2022-09-27,True
2022-09-20,공조2: 인터내셔날,20215601,1,2109.0,9129.0,86892.0,52.64603095356964,2022-09-07,5.9,69.09,72.30649526189346,3.2164952618934564,71.42610539814062,1485012.0,86892.0,4919914.0,2053774.0,121653.0,0.5264603095356964,0.7230649526189346,0.7142610539814062,0.059000000000000004,1.0123258836365976,0.7370698802645361,0.9878241939321761,1.3567234624227185,0.4953991512730903,49.53991512730903,-18.780074444570978,0.8803898637528391,True,2022-09-07,2022-09-27,True
2022-09-21,공조2: 인터내셔날,20215601,2,1557.0,6531.0,77515.0,38.425468904244816,2022-09-07,7.5,45.37,46.92018711819232,1.5501871181923192,38.977528146386355,1030890.0,77515.0,4997429.0,2197114.0,198871.0,0.38425468904244814,0.4692018711819232,0.38977528146386353,0.075,1.2037753379838771,0.9858364737736013,0.8307197933418649,1.0143670138031953,0.35543558736426456,35.543558736426455,-0.5520592421415387,7.942658971805962,True,2022-09-07,2022-09-27,True
2022-09-22,공조2: 인터내셔날,20215601,1,1568.0,6420.0,73486.0,37.280076081787925,2022-09-07,7.3,45.0,46.736478543390284,1.7364785433902838,43.864644330235365,1012987.0,73486.0,5070915.0,2167444.0,167529.0,0.3728007608178793,0.46736478543390286,0.43864644330235364,0.073,1.0654703635924707,0.8498889401934857,0.9385526187967135,1.1766243243174102,0.3455863052781741,34.55863052781741,-6.5845682484474395,2.8718342131549193,True,2022-09-07,2022-09-27,True
2022-09-23,공조2: 인터내셔날,20215601,1,1586.0,6696.0,102590.0,35.528673835125446,2022-09-07,9.7,45.32,47.05673243888814,1.73673243888814,52.59137745424719,1056338.0,102590.0,5173505.0,2244818.0,195070.0,0.35528673835125446,0.4705673243888814,0.5259137745424719,0.09699999999999999,0.8947613604497426,0.675560815383363,1.1176164329418072,1.480251632760148,0.32082392473118276,32.082392473118276,-17.06270361912174,-5.534645015359047,True,2022-09-07,2022-09-27,True
2022-09-24,공조2: 인터내셔날,20215601,1,1748.0,6692.0,203206.0,31.14754098360656,2022-09-07,19.7,40.64,42.142617929344496,1.5026179293444955,52.27096757597973,1031862.0,203206.0,5376711.0,2448500.0,388755.0,0.3114754098360656,0.42142617929344495,0.5227096757597973,0.19699999999999998,0.8062337447281241,0.5958860611931718,1.2403350846313401,1.6781731695446125,0.2501147540983607,25.01147540983607,-21.12342659237317,-10.128349646635236,True,2022-09-07,2022-09-27,True
2022-09-25,공조2: 인터내셔날,20215601,1,1729.0,6519.0,178619.0,30.153470526682945,2022-09-07,17.9,40.54,42.06535335241702,1.5253533524170209,51.8391358354326,1000145.0,178619.0,5555330.0,2377598.0,344564.0,0.30153470526682946,0.4206535335241702,0.518391358354326,0.179,0.8114593863207283,0.5816738655213601,1.2323475664433947,1.7191764307713737,0.24755999302406698,24.755999302406696,-21.685665308749655,-9.77378248301558,True,2022-09-07,2022-09-27,True
2022-09-26,공조2: 인터내셔날,20215601,1,1513.0,6224.0,58275.0,40.26077700904737,2022-09-07,5.9,47.33,48.96973064970544,1.6397306497054416,50.301680606986565,985175.0,58275.0,5613605.0,2011804.0,115851.0,0.40260777009047366,0.4896973064970544,0.5030168060698657,0.059000000000000004,0.9735207662803989,0.8003863195667346,1.0271994544305123,1.2493966670261434,0.3788539116551357,37.88539116551357,-10.040903597939199,-1.3319499572811253,True,2022-09-07,2022-09-27,True
2022-09-27,공조2: 인터내셔날,20215601,1,1523.0,6186.0,54532.0,37.64211566979733,2022-09-07,5.6,47.18,49.008100259819656,1.8281002598196565,50.66711264726651,978013.0,54532.0,5668137.0,1995615.0,107628.0,0.37642115669797327,0.49008100259819654,0.5066711264726651,0.055999999999999994,0.9672566226736357,0.7429299540286339,1.0338517995729581,1.346021915763889,0.35534157192288673,35.534157192288674,-13.02499697746918,-1.6590123874468503,True,2022-09-07,2022-09-27,True
2022-09-28,공조2: 인터내셔날,20215601,2,872.0,2608.0,66336.0,16.587407266501806,,,,,,,,,,,,0.16587407266501805,,,,,,,,,,,,False,2022-09-07,2022-09-27,False
2022-09-29,공조2: 인터내셔날,20215601,2,963.0,2845.0,41497.0,18.311466058185964,,,,,,,,,,,,0.18311466058185963,,,,,,,,,,,,False,2022-09-07,2022-09-27,False
2022-09-30,공조2: 인터내셔날,20215601,1,1074.0,3450.0,62894.0,19.509536784741144,,,,,,,,,,,,0.19509536784741144,,,,,,,,,,,,False,2022-09-07,2022-09-27,False
2022-10-01,공조2: 인터내셔날,20215601,1,1210.0,3992.0,107515.0,19.88169569503779,,,,,,,,,,,,0.1988169569503779,,,,,,,,,,,,False,2022-09-07,2022-09-27,False
2022-10-02,공조2: 인터내셔날,20215601,1,1237.0,4060.0,133605.0,19.75091809037203,,,,,,,,,,,,0.19750918090372027,,,,,,,,,,,,False,2022-09-07,2022-09-27,False
2022-10-03,공조2: 인터내셔날,20215601,1,1227.0,3991.0,133804.0,19.96745321399512,,,,,,,,,,,,0.1996745321399512,,,,,,,,,,,,False,2022-09-07,2022-09-27,False
2022-10-04,공조2: 인터내셔날,20215601,1,1033.0,3534.0,32755.0,20.524538048877407,,,,,,,,,,,,0.20524538048877405,,,,,,,,,,,,False,2022-09-07,2022-09-27,False
2022-10-05,공조2: 인터내셔날,20215601,1,992.0,3303.0,27520.0,20.58518364805976,,,,,,,,,,,,0.2058518364805976,,,,,,,,,,,,False,2022-09-07,2022-09-27,False
2022-10-06,공조2: 인터내셔날,20215601,1,946.0,3067.0,28024.0,18.844621513944222,,,,,,,,,,,,0.18844621513944224,,,,,,,,,,,,False,2022-09-07,2022-09-27,False
2022-10-07,공조2: 인터내셔날,20215601,1,973.0,3293.0,43168.0,18.470007593014422,,,,,,,,,,,,0.18470007593014423,,,,,,,,,,,,False,2022-09-07,2022-09-27,False
2022-10-08,공조2: 인터내셔날,20215601,1,1071.0,3743.0,73676.0,16.35364177737059,,,,,,,,,,,,0.1635364177737059,,,,,,,,,,,,False,2022-09-07,2022-09-27,False
2022-10-09,공조2: 인터내셔날,20215601,1,1076.0,3814.0,106806.0,16.168294515401954,,,,,,,,,,,,0.16168294515401954,,,,,,,,,,,,False,2022-09-07,2022-09-27,False
2022-10-10,공조2: 인터내셔날,20215601,1,1069.0,3672.0,80128.0,16.565938323260497,,,,,,,,,,,,0.16565938323260496,,,,,,,,,,,,False,2022-09-07,2022-09-27,False
2022-10-11,공조2: 인터내셔날,20215601,1,979.0,3048.0,18987.0,21.794300979519143,,,,,,,,,,,,0.21794300979519143,,,,,,,,,,,,False,2022-09-07,2022-09-27,False
2022-10-12,공조2: 인터내셔날,20215601,2,780.0,2337.0,17726.0,15.466983938132064,,,,,,,,,,,,0.15466983938132065,,,,,,,,,,,,False,2022-09-07,2022-09-27,False
2022-10-13,공조2: 인터내셔날,20215601,2,808.0,2371.0,17535.0,15.64375605033882,,,,,,,,,,,,0.1564375605033882,,,,,,,,,,,,False,2022-09-07,2022-09-27,False
2022-10-14,공조2: 인터내셔날,20215601,1,833.0,2627.0,29010.0,15.50632911392405,,,,,,,,,,,,0.1550632911392405,,,,,,,,,,,,False,2022-09-07,2022-09-27,False
2022-10-15,공조2: 인터내셔날,20215601,2,887.0,2860.0,45434.0,14.1602809706258,,,,,,,,,,,,0.141602809706258,,,,,,,,,,,,False,2022-09-07,2022-09-27,False
2022-10-16,공조2: 인터내셔날,20215601,2,865.0,2759.0,38431.0,14.00129491744901,,,,,,,,,,,,0.14001294917449011,,,,,,,,,,,,False,2022-09-07,2022-09-27,False
2022-10-17,공조2: 인터내셔날,20215601,2,793.0,2367.0,14466.0,15.888599479062313,,,,,,,,,,,,0.15888599479062313,,,,,,,,,,,,False,2022-09-07,2022-09-27,False
2022-10-18,공조2: 인터내셔날,20215601,2,802.0,2293.0,14854.0,15.771878072763029,,,,,,,,,,,,0.1577187807276303,,,,,,,,,,,,False,2022-09-07,2022-09-27,False
2022-10-19,공조2: 인터내셔날,20215601,3,604.0,1670.0,10927.0,12.311455360782714,,,,,,,,,,,,0.12311455360782714,,,,,,,,,,,,False,2022-09-07,2022-09-27,False
2022-10-20,공조2: 인터내셔날,20215601,3,596.0,1644.0,11238.0,12.76778063410454,,,,,,,,,,,,0.1276778063410454,,,,,,,,,,,,False,2022-09-07,2022-09-27,False
2022-10-21,공조2: 인터내셔날,20215601,3,647.0,1784.0,17801.0,12.478302796528446,,,,,,,,,,,,0.12478302796528445,,,,,,,,,,,,False,2022-09-07,2022-09-27,False
2022-10-22,공조2: 인터내셔날,20215601,3,654.0,1840.0,26826.0,11.843534951104672,,,,,,,,,,,,0.11843534951104673,,,,,,,,,,,,False,2022-09-07,2022-09-27,False
2022-10-23,공조2: 인터내셔날,20215601,4,666.0,1792.0,25427.0,12.06084751901485,,,,,,,,,,,,0.1206084751901485,,,,,,,,,,,,False,2022-09-07,2022-09-27,False
2022-10-24,공조2: 인터내셔날,20215601,3,593.0,1617.0,9445.0,12.810542233743789,,,,,,,,,,,,0.12810542233743788,,,,,,,,,,,,False,2022-09-07,2022-09-27,False
2022-10-25,공조2: 인터내셔날,20215601,3,599.0,1597.0,9634.0,12.62381454162276,,,,,,,,,,,,0.1262381454162276,,,,,,,,,,,,False,2022-09-07,2022-09-27,False
2022-10-26,공조2: 인터내셔날,20215601,6,428.0,717.0,5695.0,8.623816240177312,,,,,,,,,,,,0.08623816240177312,,,,,,,,,,,,False,2022-09-07,2022-09-27,False
2022-10-27,공조2: 인터내셔날,20215601,6,427.0,659.0,4654.0,8.59500805152979,,,,,,,,,,,,0.0859500805152979,,,,,,,,,,,,False,2022-09-07,2022-09-27,False
2022-10-28,공조2: 인터내셔날,20215601,6,436.0,695.0,6497.0,8.48084030344291,,,,,,,,,,,,0.0848084030344291,,,,,,,,,,,,False,2022-09-07,2022-09-27,False
2022-10-29,공조2: 인터내셔날,20215601,7,440.0,679.0,9583.0,7.700385019250963,,,,,,,,,,,,0.07700385019250963,,,,,,,,,,,,False,2022-09-07,2022-09-27,False
2022-10-30,공조2: 인터내셔날,20215601,7,439.0,659.0,8208.0,7.604365148103239,,,,,,,,,,,,0.07604365148103238,,,,,,,,,,,,False,2022-09-07,2022-09-27,False
2022-10-31,공조2: 인터내셔날,20215601,6,420.0,654.0,4066.0,8.670520231213873,,,,,,,,,,,,0.08670520231213873,,,,,,,,,,,,False,2022-09-07,2022-09-27,False
2022-11-01,공조2: 인터내셔날,20215601,6,408.0,628.0,3132.0,8.530211164541084,,,,,,,,,,,,0.08530211164541085,,,,,,,,,,,,False,2022-09-07,2022-09-27,False
2022-11-02,공조2: 인터내셔날,20215601,9,312.0,453.0,2494.0,6.839105655414292,,,,,,,,,,,,0.06839105655414292,,,,,,,,,,,,False,2022-09-07,2022-09-27,False
2022-11-03,공조2: 인터내셔날,20215601,7,312.0,420.0,2419.0,6.837606837606838,,,,,,,,,,,,0.06837606837606838,,,,,,,,,,,,False,2022-09-07,2022-09-27,False
2022-11-04,공조2: 인터내셔날,20215601,7,326.0,473.0,3297.0,6.854499579478554,,,,,,,,,,,,0.06854499579478554,,,,,,,,,,,,False,2022-09-07,2022-09-27,False
2022-11-05,공조2: 인터내셔날,20215601,7,357.0,505.0,5638.0,6.679139382600561,,,,,,,,,,,,0.06679139382600562,,,,,,,,,,,,False,2022-09-07,2022-09-27,False
2022-11-06,공조2: 인터내셔날,20215601,7,347.0,487.0,4850.0,6.581942336874051,,,,,,,,,,,,0.06581942336874051,,,,,,,,,,,,False,2022-09-07,2022-09-27,False
2022-11-07,공조2: 인터내셔날,20215601,7,297.0,414.0,1677.0,6.787020109689214,,,,,,,,,,,,0.06787020109689214,,,,,,,,,,,,False,2022-09-07,2022-09-27,False
2022-11-08,공조2: 인터내셔날,20215601,7,296.0,407.0,2285.0,6.979485970290026,,,,,,,,,,,,0.06979485970290025,,,,,,,,,,,,False,2022-09-07,2022-09-27,False
2022-11-09,공조2: 인터내셔날,20215601,9,76.0,87.0,1088.0,1.5663643858202805,2022-09-07,11.0,0.49,0.5167497101313027,0.026749710131302673,0.5124413023921778,9894.0,1088.0,6979189.0,1914660.0,212317.0,0.015663643858202805,0.005167497101313027,0.005124413023921778,0.11,1.00840761218702,3.0566708391930555,0.9916624863939835,0.32715331568511136,0.013940643033800496,1.3940643033800497,1.0539230834281028,0.0043084077391248865,True,2022-09-07,2022-09-27,False
2023-07-08,미션 임파서블: 데드 레코닝 PART ONE,20232631,2,496.0,896.0,82523.0,7.644882860665844,,,,,,,,,,,,0.07644882860665844,,,,,,,,,,,,False,2023-07-12,2023-07-19,False
2023-07-09,미션 임파서블: 데드 레코닝 PART ONE,20232631,2,500.0,893.0,83692.0,7.723200494284832,,,,,,,,,,,,0.07723200494284832,,,,,,,,,,,,False,2023-07-12,2023-07-19,False
2023-07-12,미션 임파서블: 데드 레코닝 PART ONE,20232631,1,2437.0,9565.0,229753.0,46.8113714944295,2023-07-12,15.4,65.86,70.06702119534174,4.2070211953417385,72.07371970825818,1495301.0,229753.0,396538.0,2134101.0,318775.0,0.468113714944295,0.7006702119534174,0.7207371970825818,0.154,0.9721576946348932,0.6494929314584255,1.028639700656346,1.5396626376741571,0.39602420284287354,39.602420284287355,-25.26234821382868,-2.0066985129164436,True,2023-07-12,2023-07-19,True
2023-07-13,미션 임파서블: 데드 레코닝 PART ONE,20232631,1,2408.0,9330.0,162754.0,47.12328767123288,2023-07-12,11.1,65.17,69.62942460485709,4.459424604857091,66.65574535878545,1461601.0,162754.0,559292.0,2099114.0,244171.0,0.47123287671232883,0.6962942460485709,0.6665574535878546,0.111,1.0446124970933162,0.7069651298261549,0.9572927786931015,1.414496921857947,0.4189260273972603,41.89260273972603,-19.532457687552572,2.97367924607164,True,2023-07-12,2023-07-19,True
2023-07-14,미션 임파서블: 데드 레코닝 PART ONE,20232631,1,2406.0,9518.0,231397.0,44.94675882682608,2023-07-12,15.5,63.67,67.97569040291562,4.305690402915616,65.80882771173427,1496217.0,231397.0,790689.0,2201106.0,351620.0,0.4494675882682608,0.6797569040291562,0.6580882771173426,0.155,1.0329266265108532,0.6829898113929128,0.9681229763414302,1.4641506847087014,0.37980011208668035,37.98001120866804,-20.86206888490819,2.1668626911813504,True,2023-07-12,2023-07-19,True
2023-07-15,미션 임파서블: 데드 레코닝 PART ONE,20232631,1,2311.0,9456.0,528901.0,41.89630166787527,2023-07-12,35.8,58.96,63.36886819776235,4.408868197762352,61.74969995003059,1476859.0,528901.0,1319590.0,2330575.0,856524.0,0.4189630166787527,0.6336886819776235,0.6174969995003059,0.358,1.0262214755544081,0.6784859149401343,0.9744485219038687,1.4738699477471604,0.2689742567077592,26.89742567077592,-19.853398282155318,1.6191682477317642,True,2023-07-12,2023-07-19,True
2023-07-16,미션 임파서블: 데드 레코닝 PART ONE,20232631,1,2268.0,9033.0,448499.0,41.55368266764383,2023-07-12,31.8,58.26,62.72863857530773,4.468638575307729,59.10666371462159,1410779.0,448499.0,1768089.0,2249019.0,758796.0,0.41553682667643826,0.6272863857530773,0.5910666371462159,0.318,1.0612786212765066,0.7030287290156157,0.9422596290474591,1.4224169777531068,0.28339611579333085,28.339611579333084,-17.552981046977763,3.6219748606861373,True,2023-07-12,2023-07-19,True
2023-07-17,미션 임파서블: 데드 레코닝 PART ONE,20232631,1,2195.0,8408.0,129271.0,45.14603044014809,2023-07-12,9.7,60.19,64.47669848047522,4.2866984804752235,61.411109685939735,1336061.0,129271.0,1897360.0,2072161.0,210501.0,0.4514603044014809,0.6447669848047523,0.6141110968593974,0.09699999999999999,1.0499191239209502,0.7351443520729021,0.952454315019498,1.3602770628384464,0.40766865487453724,40.76686548745372,-16.265079245791647,3.0655887945354863,True,2023-07-12,2023-07-19,True
2023-07-18,미션 임파서블: 데드 레코닝 PART ONE,20232631,1,2212.0,8286.0,117419.0,44.759206798866856,2023-07-12,9.0,59.14,63.56624775234957,4.426247752349568,54.078737691478686,1309773.0,117419.0,2014779.0,2060485.0,217126.0,0.4475920679886686,0.6356624775234957,0.5407873769147868,0.09,1.1754388224628596,0.8276673737138593,0.8507461051054378,1.2082148357653149,0.40730878186968844,40.730878186968845,-9.31953089261183,9.487510060870882,True,2023-07-12,2023-07-19,True
2023-07-19,미션 임파서블: 데드 레코닝 PART ONE,20232631,1,1810.0,6587.0,113225.0,35.152456787725775,2023-07-12,10.6,44.1,46.459196820474745,2.359196820474743,33.1580134184162,1063753.0,113225.0,2128004.0,2289650.0,341471.0,0.3515245678772578,0.46459196820474746,0.33158013418416205,0.106,1.4011453652006476,1.0601496640990513,0.713701821978191,0.9432630447040056,0.31426296368226847,31.426296368226847,1.9944433693095718,13.301183402058541,True,2023-07-12,2023-07-19,True
2023-07-20,미션 임파서블: 데드 레코닝 PART ONE,20232631,2,1673.0,5893.0,103026.0,28.20296695886716,,,,,,,,,,,,0.2820296695886716,,,,,,,,,,,,False,2023-07-12,2023-07-19,False
2023-07-21,미션 임파서블: 데드 레코닝 PART ONE,20232631,1,1691.0,6144.0,141339.0,28.09903622465936,,,,,,,,,,,,0.28099036224659363,,,,,,,,,,,,False,2023-07-12,2023-07-19,False
2023-07-22,미션 임파서블: 데드 레코닝 PART ONE,20232631,1,1616.0,6003.0,298526.0,25.93068035943517,,,,,,,,,,,,0.2593068035943517,,,,,,,,,,,,False,2023-07-12,2023-07-19,False
2023-07-23,미션 임파서블: 데드 레코닝 PART ONE,20232631,1,1613.0,5757.0,269577.0,25.944989544796528,,,,,,,,,,,,0.25944989544796526,,,,,,,,,,,,False,2023-07-12,2023-07-19,False
2023-07-24,미션 임파서블: 데드 레코닝 PART ONE,20232631,1,1532.0,5450.0,84652.0,27.430617726051924,,,,,,,,,,,,0.27430617726051926,,,,,,,,,,,,False,2023-07-12,2023-07-19,False
2023-07-25,미션 임파서블: 데드 레코닝 PART ONE,20232631,1,1546.0,5409.0,75454.0,28.24260138838144,,,,,,,,,,,,0.2824260138838144,,,,,,,,,,,,False,2023-07-12,2023-07-19,False
2023-07-26,미션 임파서블: 데드 레코닝 PART ONE,20232631,2,844.0,2348.0,75244.0,14.322077040556596,,,,,,,,,,,,0.14322077040556597,,,,,,,,,,,,False,2023-07-12,2023-07-19,False
2023-07-27,미션 임파서블: 데드 레코닝 PART ONE,20232631,3,827.0,2333.0,46743.0,14.639759249424678,,,,,,,,,,,,0.14639759249424678,,,,,,,,,,,,False,2023-07-12,2023-07-19,False
2023-07-28,미션 임파서블: 데드 레코닝 PART ONE,20232631,3,839.0,2397.0,61122.0,14.543248396602532,,,,,,,,,,,,0.14543248396602532,,,,,,,,,,,,False,2023-07-12,2023-07-19,False
2023-07-29,미션 임파서블: 데드 레코닝 PART ONE,20232631,3,916.0,2582.0,130454.0,15.132991904840576,,,,,,,,,,,,0.15132991904840576,,,,,,,,,,,,False,2023-07-12,2023-07-19,False
2023-07-30,미션 임파서블: 데드 레코닝 PART ONE,20232631,3,892.0,2520.0,117743.0,14.450024299368216,,,,,,,,,,,,0.14450024299368217,,,,,,,,,,,,False,2023-07-12,2023-07-19,False
2023-07-31,미션 임파서블: 데드 레코닝 PART ONE,20232631,3,838.0,2393.0,63003.0,14.887191330609346,,,,,,,,,,,,0.14887191330609345,,,,,,,,,,,,False,2023-07-12,2023-07-19,False
2023-08-01,미션 임파서블: 데드 레코닝 PART ONE,20232631,3,846.0,2430.0,58912.0,14.39509954058193,,,,,,,,,,,,0.1439509954058193,,,,,,,,,,,,False,2023-07-12,2023-07-19,False
2023-08-02,미션 임파서블: 데드 레코닝 PART ONE,20232631,5,541.0,1026.0,31236.0,9.167937637688528,,,,,,,,,,,,0.09167937637688528,,,,,,,,,,,,False,2023-07-12,2023-07-19,False
2023-08-03,미션 임파서블: 데드 레코닝 PART ONE,20232631,5,571.0,1045.0,27973.0,9.224555735056542,,,,,,,,,,,,0.09224555735056543,,,,,,,,,,,,False,2023-07-12,2023-07-19,False
2023-08-04,미션 임파서블: 데드 레코닝 PART ONE,20232631,5,593.0,1118.0,33686.0,9.362172402904957,,,,,,,,,,,,0.09362172402904957,,,,,,,,,,,,False,2023-07-12,2023-07-19,False
2023-08-05,미션 임파서블: 데드 레코닝 PART ONE,20232631,5,614.0,1174.0,54665.0,9.623824451410655,,,,,,,,,,,,0.09623824451410655,,,,,,,,,,,,False,2023-07-12,2023-07-19,False
2023-08-06,미션 임파서블: 데드 레코닝 PART ONE,20232631,5,614.0,1148.0,45991.0,9.497293116782677,,,,,,,,,,,,0.09497293116782676,,,,,,,,,,,,False,2023-07-12,2023-07-19,False
2023-08-07,미션 임파서블: 데드 레코닝 PART ONE,20232631,5,576.0,1134.0,19236.0,10.043591979075847,,,,,,,,,,,,0.10043591979075847,,,,,,,,,,,,False,2023-07-12,2023-07-19,False
2023-08-08,미션 임파서블: 데드 레코닝 PART ONE,20232631,5,589.0,1147.0,17911.0,10.239916550764953,,,,,,,,,,,,0.10239916550764953,,,,,,,,,,,,False,2023-07-12,2023-07-19,False
2023-08-09,미션 임파서블: 데드 레코닝 PART ONE,20232631,6,372.0,646.0,9066.0,6.778425655976676,,,,,,,,,,,,0.06778425655976676,,,,,,,,,,,,False,2023-07-12,2023-07-19,False
2023-08-10,미션 임파서블: 데드 레코닝 PART ONE,20232631,7,360.0,601.0,8123.0,6.31911532385466,,,,,,,,,,,,0.0631911532385466,,,,,,,,,,,,False,2023-07-12,2023-07-19,False
2023-08-11,미션 임파서블: 데드 레코닝 PART ONE,20232631,5,381.0,655.0,13322.0,6.366978609625669,,,,,,,,,,,,0.06366978609625669,,,,,,,,,,,,False,2023-07-12,2023-07-19,False
2023-08-12,미션 임파서블: 데드 레코닝 PART ONE,20232631,5,414.0,720.0,24680.0,6.613418530351438,,,,,,,,,,,,0.06613418530351438,,,,,,,,,,,,False,2023-07-12,2023-07-19,False
2023-08-13,미션 임파서블: 데드 레코닝 PART ONE,20232631,5,405.0,708.0,23262.0,6.437768240343347,,,,,,,,,,,,0.06437768240343347,,,,,,,,,,,,False,2023-07-12,2023-07-19,False
2023-08-14,미션 임파서블: 데드 레코닝 PART ONE,20232631,5,398.0,705.0,19107.0,6.795287689943658,,,,,,,,,,,,0.06795287689943658,,,,,,,,,,,,False,2023-07-12,2023-07-19,False
2023-08-16,미션 임파서블: 데드 레코닝 PART ONE,20232631,9,106.0,128.0,2140.0,1.6777461221905667,,,,,,,,,,,,0.016777461221905668,,,,,,,,,,,,False,2023-07-12,2023-07-19,False
2023-08-17,미션 임파서블: 데드 레코닝 PART ONE,20232631,10,101.0,127.0,1962.0,1.599873277364169,,,,,,,,,,,,0.01599873277364169,,,,,,,,,,,,False,2023-07-12,2023-07-19,False
2023-08-18,미션 임파서블: 데드 레코닝 PART ONE,20232631,9,97.0,119.0,2128.0,1.5208529319535904,,,,,,,,,,,,0.015208529319535903,,,,,,,,,,,,False,2023-07-12,2023-07-19,False
2023-08-19,미션 임파서블: 데드 레코닝 PART ONE,20232631,10,92.0,109.0,3824.0,1.391199153183124,,,,,,,,,,,,0.01391199153183124,,,,,,,,,,,,False,2023-07-12,2023-07-19,False
2023-08-23,미션 임파서블: 데드 레코닝 PART ONE,20232631,9,111.0,142.0,1475.0,2.006144948490873,,,,,,,,,,,,0.02006144948490873,,,,,,,,,,,,False,2023-07-12,2023-07-19,False
2023-08-25,미션 임파서블: 데드 레코닝 PART ONE,20232631,9,119.0,155.0,1731.0,2.111051978002484,,,,,,,,,,,,0.02111051978002484,,,,,,,,,,,,False,2023-07-12,2023-07-19,False
2023-08-26,미션 임파서블: 데드 레코닝 PART ONE,20232631,9,118.0,144.0,2877.0,2.04683434518647,,,,,,,,,,,,0.020468343451864702,,,,,,,,,,,,False,2023-07-12,2023-07-19,False
2023-08-27,미션 임파서블: 데드 레코닝 PART ONE,20232631,9,114.0,139.0,2604.0,2.0045718304905926,,,,,,,,,,,,0.020045718304905927,,,,,,,,,,,,False,2023-07-12,2023-07-19,False
2023-08-28,미션 임파서블: 데드 레코닝 PART ONE,20232631,8,115.0,136.0,1098.0,2.2849195310947747,,,,,,,,,,,,0.022849195310947746,,,,,,,,,,,,False,2023-07-12,2023-07-19,False
2023-08-29,미션 임파서블: 데드 레코닝 PART ONE,20232631,7,116.0,142.0,1349.0,2.243279829820151,,,,,,,,,,,,0.02243279829820151,,,,,,,,,,,,False,2023-07-12,2023-07-19,False
2024-04-15,범죄도시4,20228797,6,11.0,14.0,4185.0,0.2311895754518705,,,,,,,,,,,,0.002311895754518705,,,,,,,,,,,,False,2024-04-24,2024-05-14,False
2024-04-16,범죄도시4,20228797,7,15.0,16.0,2463.0,0.3382187147688839,,,,,,,,,,,,0.0033821871476888386,,,,,,,,,,,,False,2024-04-24,2024-05-14,False
2024-04-17,범죄도시4,20228797,8,19.0,20.0,2947.0,0.4564016334374249,,,,,,,,,,,,0.004564016334374249,,,,,,,,,,,,False,2024-04-24,2024-05-14,False
2024-04-18,범죄도시4,20228797,5,24.0,25.0,4172.0,0.5497022446174988,,,,,,,,,,,,0.005497022446174988,,,,,,,,,,,,False,2024-04-24,2024-05-14,False
2024-04-19,범죄도시4,20228797,6,16.0,22.0,3510.0,0.337126000842815,,,,,,,,,,,,0.00337126000842815,,,,,,,,,,,,False,2024-04-24,2024-05-14,False
2024-04-20,범죄도시4,20228797,8,17.0,33.0,5598.0,0.3116978364503117,,,,,,,,,,,,0.0031169783645031168,,,,,,,,,,,,False,2024-04-24,2024-05-14,False
2024-04-21,범죄도시4,20228797,6,20.0,33.0,5378.0,0.3763643206624011,,,,,,,,,,,,0.003763643206624011,,,,,,,,,,,,False,2024-04-24,2024-05-14,False
2024-04-22,범죄도시4,20228797,3,39.0,39.0,9150.0,0.9781790820165538,,,,,,,,,,,,0.009781790820165538,,,,,,,,,,,,False,2024-04-24,2024-05-14,False
2024-04-23,범죄도시4,20228797,5,16.0,18.0,3049.0,0.4039383993940924,,,,,,,,,,,,0.004039383993940924,,,,,,,,,,,,False,2024-04-24,2024-05-14,False
2024-04-24,범죄도시4,20228797,1,2930.0,15674.0,821466.0,62.18166383701188,2024-04-24,35.7,85.53,87.91735618661303,2.387356186613033,97.38686532907809,2300937.0,821466.0,861918.0,2617159.0,843508.0,0.6218166383701188,0.8791735618661304,0.9738686532907809,0.35700000000000004,0.902764000972135,0.6385015435797734,1.1077092118462377,1.566166926384355,0.3998280984719864,39.98280984719864,-35.20520149206621,-9.469509142465057,True,2024-04-24,2024-05-14,True
2024-04-25,범죄도시4,20228797,1,2846.0,15346.0,473054.0,60.76003415883861,2024-04-24,20.9,84.84,87.73058461896497,2.890584618964965,96.41255788169309,2261848.0,473054.0,1334972.0,2578175.0,490656.0,0.607600341588386,0.8773058461896497,0.964125578816931,0.209,0.9099497674008225,0.6302087144435754,1.0989617623139756,1.5867758999221728,0.4806118701964134,48.06118701964134,-35.65252372285448,-8.681973262728121,True,2024-04-24,2024-05-14,True
2024-04-26,범죄도시4,20228797,1,2883.0,16325.0,651172.0,59.78846951472418,2024-04-24,27.1,85.01,87.83070984848983,2.8207098484898268,96.1086995986935,2406110.0,651172.0,1986144.0,2739486.0,677537.0,0.5978846951472417,0.8783070984848983,0.961086995986935,0.271,0.9138684657604481,0.6220921702652705,1.0942493777459321,1.6074788396285125,0.4358579427623392,43.58579427623392,-36.32023008396933,-8.277989750203673,True,2024-04-24,2024-05-14,True
2024-04-27,범죄도시4,20228797,1,2980.0,17616.0,1219038.0,60.2141846837745,2024-04-24,47.5,85.93,88.52657038138129,2.5965703813812837,95.16648932474494,2568000.0,1219038.0,3205182.0,2900824.0,1280953.0,0.602141846837745,0.8852657038138129,0.9516648932474494,0.475,0.9302283924680076,0.6327246608656579,1.0750048139757162,1.5804662941884655,0.3161244695898161,31.61244695898161,-34.952304640970446,-6.639918943363654,True,2024-04-24,2024-05-14,True
2024-04-28,범죄도시4,20228797,1,2970.0,16833.0,1048321.0,60.35358666937615,2024-04-24,42.9,85.78,88.53512509448855,2.755125094488548,94.3456728125571,2443210.0,1048321.0,4253503.0,2759594.0,1111149.0,0.6035358666937615,0.8853512509448855,0.943456728125571,0.429,0.9384121439293485,0.6397069931260618,1.0656298583400348,1.5632156764666447,0.34461897988213774,34.46189798821378,-33.99208614318095,-5.810547718068548,True,2024-04-24,2024-05-14,True
2024-04-29,범죄도시4,20228797,1,2758.0,15144.0,362002.0,62.03328834907782,2024-04-24,16.3,85.21,87.7304023566729,2.5204023566729035,95.10975657816955,2227031.0,362002.0,4615505.0,2538494.0,380615.0,0.6203328834907782,0.877304023566729,0.9510975657816956,0.163,0.9224122268104886,0.6522284419694988,1.0841139903986245,1.533205140487824,0.5192186234817814,51.92186234817814,-33.07646822909173,-7.379354221496655,True,2024-04-24,2024-05-14,True
2024-04-30,범죄도시4,20228797,1,2819.0,15700.0,389867.0,60.89868222078203,2024-04-24,16.9,84.95,87.66709507177241,2.7170950717724054,93.40078052192912,2309658.0,389867.0,5005372.0,2634578.0,417413.0,0.6089868222078203,0.876670950717724,0.9340078052192912,0.16899999999999998,0.9386120178213015,0.6520147035225677,1.0654029364776212,1.5337077440085487,0.5060680492546986,50.60680492546986,-32.50209830114709,-5.733685450156713,True,2024-04-24,2024-05-14,True
2024-05-01,범죄도시4,20228797,1,2702.0,14172.0,784775.0,48.851925510757546,2024-04-24,38.2,72.73,75.17992659638246,2.449926596382454,86.27077000873949,2056592.0,784775.0,5790147.0,2735560.0,909665.0,0.48851925510757543,0.7517992659638246,0.862707700087395,0.382,0.8714414695587683,0.5662627736579688,1.1475239989512134,1.7659645777880761,0.3019048996564816,30.19048996564816,-37.418844497981944,-11.090843412357032,True,2024-04-24,2024-05-14,True
2024-05-02,범죄도시4,20228797,1,2661.0,13777.0,250557.0,54.19551934826884,2024-04-24,12.6,76.79,79.21179918378583,2.421799183785822,88.2081449875375,1991227.0,250557.0,6040704.0,2513801.0,284052.0,0.5419551934826884,0.7921179918378582,0.882081449875375,0.126,0.8980100329167706,0.614404932287442,1.1135733046901068,1.627591100671962,0.47366883910386964,47.36688391038697,-34.012625639268656,-8.996345803751666,True,2024-04-24,2024-05-14,True
2024-05-03,범죄도시4,20228797,1,2715.0,14654.0,380639.0,52.80046674445741,2024-04-24,18.0,76.72,79.09239405383508,2.3723940538350803,88.52152113042912,2118383.0,380639.0,6421343.0,2678365.0,429996.0,0.5280046674445741,0.7909239405383508,0.8852152113042913,0.18,0.893482093888773,0.5964703957883902,1.1192166097561291,1.6765291405254754,0.4329638273045508,43.29638273045508,-35.72105438597171,-9.429127076594042,True,2024-04-24,2024-05-14,True
2024-05-04,범죄도시4,20228797,1,2795.0,15465.0,689896.0,48.63406994953889,2024-04-24,30.8,75.12,77.74045170293039,2.6204517029303815,87.4133653643913,2241258.0,689896.0,7111239.0,2883001.0,789234.0,0.4863406994953889,0.7774045170293039,0.8741336536439129,0.308,0.8893428525358976,0.5563688086690513,1.1244257455362365,1.7973689114459992,0.3365477640508091,33.65477640508091,-38.779295414852406,-9.67291366146091,True,2024-04-24,2024-05-14,True
2024-05-05,범죄도시4,20228797,1,2778.0,15002.0,851693.0,46.04674291397315,2024-04-24,39.2,72.17,74.83254577621892,2.66254577621892,80.84644080989491,2171966.0,851693.0,7962932.0,2902435.0,1053470.0,0.4604674291397315,0.7483254577621892,0.8084644080989491,0.392,0.9256133606695528,0.569558071483308,1.0803646992267255,1.755747218884435,0.27996419691695673,27.996419691695674,-34.79969789592177,-6.013895033675993,True,2024-04-24,2024-05-14,True
2024-05-06,범죄도시4,20228797,1,2745.0,14402.0,606796.0,47.1244635193133,2024-04-24,29.0,73.64,76.46191471964624,2.8219147196462444,79.99841795098284,2091881.0,606796.0,8569728.0,2735847.0,758510.0,0.47124463519313303,0.7646191471964624,0.7999841795098284,0.29,0.9557928353845259,0.589067443161035,1.0462518267336551,1.6975984865736795,0.3345836909871244,33.458369098712446,-32.87395443166954,-3.536503231336596,True,2024-04-24,2024-05-14,True
2024-05-07,범죄도시4,20228797,1,2575.0,12939.0,148747.0,55.19828510182207,2024-04-24,8.0,77.03,80.25810463252706,3.2281046325270637,85.2086293020485,1866395.0,148747.0,8718475.0,2325491.0,174568.0,0.5519828510182208,0.8025810463252706,0.8520862930204849,0.08,0.9419011347785826,0.6478015848154837,1.0616825514655261,1.5436825463846844,0.5078242229367631,50.78242229367631,-30.01034420022642,-4.950524669521428,True,2024-04-24,2024-05-14,True
2024-05-08,범죄도시4,20228797,1,2022.0,9738.0,124517.0,40.815502624142106,2024-04-24,9.1,58.03,63.31834022973011,5.28834022973011,66.7669374514062,1371543.0,124517.0,8842992.0,2166107.0,186495.0,0.4081550262414211,0.6331834022973011,0.667669374514062,0.091,0.9483487283779336,0.6113130867182298,1.0544644286183746,1.6358229878054715,0.3710129188534518,37.10129188534518,-25.9514348272641,-3.4485972216760956,True,2024-04-24,2024-05-14,True
2024-05-09,범죄도시4,20228797,1,2004.0,9578.0,117161.0,42.4306584797798,2024-04-24,8.7,57.4,62.472263712834305,5.072263712834307,68.59503164501379,1345507.0,117161.0,8960153.0,2153767.0,170801.0,0.42430658479779804,0.6247226371283431,0.6859503164501379,0.087,0.9107403585165551,0.6185675181165123,1.098007780866145,1.6166383955059886,0.38739191192038963,38.739191192038966,-26.16437316523399,-6.122767932179485,True,2024-04-24,2024-05-14,True
2024-05-10,범죄도시4,20228797,1,2035.0,10137.0,161651.0,40.98690835850957,2024-04-24,11.2,57.83,62.77404423969969,4.944044239699693,69.59376264648395,1438960.0,161651.0,9121804.0,2292285.0,232278.0,0.40986908358509566,0.6277404423969969,0.6959376264648395,0.11199999999999999,0.9020067582575404,0.5889451410568376,1.1086391436043772,1.6979510149375567,0.363963746223565,36.3963746223565,-28.606854287974386,-6.819718406784261,True,2024-04-24,2024-05-14,True
2024-05-11,범죄도시4,20228797,1,2071.0,10791.0,328231.0,37.7712930877257,2024-04-24,20.9,57.77,62.654822870177206,4.884822870177203,63.40361416691618,1568972.0,328231.0,9450035.0,2504152.0,517685.0,0.37771293087725705,0.6265482287017721,0.6340361416691618,0.209,0.9881900849568653,0.5957277606965606,1.0119510559991605,1.6786191041873555,0.29877092832391033,29.877092832391032,-25.632321079190476,-0.7487912967389718,True,2024-04-24,2024-05-14,True
2024-05-12,범죄도시4,20228797,1,2042.0,10391.0,287421.0,37.61282004052312,2024-04-24,19.0,57.51,62.359132010069565,4.849132010069567,61.23287671232877,1510804.0,287421.0,9737456.0,2422747.0,469390.0,0.3761282004052312,0.6235913201006956,0.6123287671232877,0.19,1.0183929836096373,0.6142585823172679,0.9819392082372325,1.627978881837575,0.3046638423282373,30.466384232823728,-23.62005667180565,1.1262552977407978,True,2024-04-24,2024-05-14,True
2024-05-13,범죄도시4,20228797,1,1921.0,9001.0,87129.0,42.81256964564297,2024-04-24,6.8,57.54,62.79340702727881,5.253407027278811,68.65795134866788,1291418.0,87129.0,9824585.0,2056614.0,126903.0,0.42812569645642967,0.6279340702727881,0.6865795134866788,0.068,0.9145831734534728,0.6235631679166557,1.0933942685868498,1.6036867657546734,0.39901314909739244,39.90131490973924,-25.845381703024913,-5.864544321389069,True,2024-04-24,2024-05-14,True
2024-05-14,범죄도시4,20228797,1,1968.0,9482.0,111645.0,42.02434336963485,2024-04-24,8.2,57.23,62.62249346440989,5.392493464409895,64.35241224278056,1362048.0,111645.0,9936230.0,2175014.0,173490.0,0.4202434336963485,0.6262249346440989,0.6435241224278055,0.08199999999999999,0.9731180430059988,0.6530344691833894,1.0276245592065705,1.5313127364478727,0.38578347213324793,38.57834721332479,-22.32806887314571,-1.729918778370667,True,2024-04-24,2024-05-14,True
2024-05-15,범죄도시4,20228797,1,1353.0,5839.0,234168.0,20.93131188118812,,,,,,,,,,,,0.2093131188118812,,,,,,,,,,,,False,2024-04-24,2024-05-14,False
2024-05-16,범죄도시4,20228797,1,1296.0,5375.0,70542.0,23.907028223574983,,,,,,,,,,,,0.23907028223574983,,,,,,,,,,,,False,2024-04-24,2024-05-14,False
2024-05-17,범죄도시4,20228797,1,1319.0,5701.0,91040.0,22.643776824034333,,,,,,,,,,,,0.22643776824034334,,,,,,,,,,,,False,2024-04-24,2024-05-14,False
2024-05-18,범죄도시4,20228797,1,1334.0,5713.0,180564.0,21.114276669832226,,,,,,,,,,,,0.21114276669832224,,,,,,,,,,,,False,2024-04-24,2024-05-14,False
2024-05-19,범죄도시4,20228797,1,1285.0,5437.0,147129.0,20.796245347143557,,,,,,,,,,,,0.20796245347143558,,,,,,,,,,,,False,2024-04-24,2024-05-14,False
2024-05-20,범죄도시4,20228797,1,1207.0,5057.0,51462.0,23.75984251968504,,,,,,,,,,,,0.2375984251968504,,,,,,,,,,,,False,2024-04-24,2024-05-14,False
2024-05-21,범죄도시4,20228797,1,1215.0,5041.0,43758.0,23.4420219949836,,,,,,,,,,,,0.23442021994983603,,,,,,,,,,,,False,2024-04-24,2024-05-14,False
2024-05-22,범죄도시4,20228797,3,930.0,3117.0,38060.0,16.28721541155867,,,,,,,,,,,,0.1628721541155867,,,,,,,,,,,,False,2024-04-24,2024-05-14,False
2024-05-23,범죄도시4,20228797,2,954.0,3125.0,33743.0,17.266968325791858,,,,,,,,,,,,0.17266968325791857,,,,,,,,,,,,False,2024-04-24,2024-05-14,False
2024-05-24,범죄도시4,20228797,2,998.0,3386.0,48678.0,16.92099016615802,,,,,,,,,,,,0.1692099016615802,,,,,,,,,,,,False,2024-04-24,2024-05-14,False
2024-05-25,범죄도시4,20228797,2,1041.0,3616.0,91055.0,15.99324012905208,,,,,,,,,,,,0.1599324012905208,,,,,,,,,,,,False,2024-04-24,2024-05-14,False
2024-05-26,범죄도시4,20228797,3,1024.0,3440.0,79337.0,15.574144486692015,,,,,,,,,,,,0.15574144486692015,,,,,,,,,,,,False,2024-04-24,2024-05-14,False
2024-05-27,범죄도시4,20228797,2,895.0,3166.0,29951.0,16.83280045138236,,,,,,,,,,,,0.16832800451382363,,,,,,,,,,,,False,2024-04-24,2024-05-14,False
2024-05-28,범죄도시4,20228797,2,916.0,3137.0,25227.0,17.427701674277017,,,,,,,,,,,,0.17427701674277019,,,,,,,,,,,,False,2024-04-24,2024-05-14,False
2024-05-29,범죄도시4,20228797,3,828.0,2195.0,29551.0,14.495798319327733,,,,,,,,,,,,0.14495798319327732,,,,,,,,,,,,False,2024-04-24,2024-05-14,False
2024-05-30,범죄도시4,20228797,3,798.0,2097.0,20530.0,14.467005076142131,,,,,,,,,,,,0.1446700507614213,,,,,,,,,,,,False,2024-04-24,2024-05-14,False
2024-05-31,범죄도시4,20228797,4,839.0,2264.0,29204.0,15.060132830730568,,,,,,,,,,,,0.1506013283073057,,,,,,,,,,,,False,2024-04-24,2024-05-14,False
2024-06-01,범죄도시4,20228797,4,897.0,2411.0,50484.0,14.719396127338364,,,,,,,,,,,,0.14719396127338363,,,,,,,,,,,,False,2024-04-24,2024-05-14,False
2024-06-02,범죄도시4,20228797,4,889.0,2322.0,42686.0,15.121619323014118,,,,,,,,,,,,0.15121619323014118,,,,,,,,,,,,False,2024-04-24,2024-05-14,False
2024-06-03,범죄도시4,20228797,4,787.0,2162.0,15415.0,15.831824582578957,,,,,,,,,,,,0.15831824582578957,,,,,,,,,,,,False,2024-04-24,2024-05-14,False
2024-06-04,범죄도시4,20228797,4,791.0,2094.0,14119.0,15.455255959359125,,,,,,,,,,,,0.15455255959359124,,,,,,,,,,,,False,2024-04-24,2024-05-14,False
2024-06-05,범죄도시4,20228797,5,703.0,1790.0,15195.0,12.835493883512871,,,,,,,,,,,,0.12835493883512872,,,,,,,,,,,,False,2024-04-24,2024-05-14,False
2024-06-06,범죄도시4,20228797,5,684.0,1398.0,31581.0,10.731095073737055,,,,,,,,,,,,0.10731095073737056,,,,,,,,,,,,False,2024-04-24,2024-05-14,False
2024-06-07,범죄도시4,20228797,4,703.0,1475.0,21933.0,11.545409755296436,,,,,,,,,,,,0.11545409755296436,,,,,,,,,,,,False,2024-04-24,2024-05-14,False
2024-06-08,범죄도시4,20228797,5,713.0,1388.0,28821.0,10.970918602861978,,,,,,,,,,,,0.10970918602861979,,,,,,,,,,,,False,2024-04-24,2024-05-14,False
2024-06-09,범죄도시4,20228797,5,686.0,1309.0,21161.0,10.687022900763358,,,,,,,,,,,,0.10687022900763359,,,,,,,,,,,,False,2024-04-24,2024-05-14,False
2024-06-10,범죄도시4,20228797,4,653.0,1288.0,8344.0,12.26751831673868,,,,,,,,,,,,0.1226751831673868,,,,,,,,,,,,False,2024-04-24,2024-05-14,False
2024-06-11,범죄도시4,20228797,4,634.0,1233.0,7716.0,11.804133308508655,,,,,,,,,,,,0.11804133308508655,,,,,,,,,,,,False,2024-04-24,2024-05-14,False
2024-06-12,범죄도시4,20228797,7,361.0,501.0,4200.0,6.364598025387871,2024-04-24,7.7,2.13,2.255623174142431,0.12562317414243118,1.6285571371516534,54318.0,4200.0,11441884.0,2408115.0,257897.0,0.06364598025387871,0.02255623174142431,0.016285571371516535,0.077,1.3850439279566917,3.9081208022701333,0.7219987610611499,0.2558774537929135,0.058745239774330056,5.874523977433006,4.736040888236218,0.6270660369907777,True,2024-04-24,2024-05-14,False
2024-06-13,범죄도시4,20228797,6,383.0,536.0,4675.0,7.481930064465716,2024-04-24,8.1,2.3,2.422564260700217,0.12256426070021709,2.4103280624055845,57507.0,4675.0,11446559.0,2373807.0,193957.0,0.07481930064465715,0.02422564260700217,0.024103280624055846,0.081,1.0050765696526887,3.104112747622624,0.9949490717364519,0.3221532467742608,0.06875893729243993,6.875893729243993,5.071602002060131,0.012236198294632405,True,2024-04-24,2024-05-14,False
2024-06-14,범죄도시4,20228797,7,401.0,554.0,5847.0,7.596135631748437,2024-04-24,9.7,2.25,2.3759697513393307,0.12596975133933075,1.8924228644297647,60174.0,5847.0,11452406.0,2532608.0,308969.0,0.07596135631748437,0.023759697513393307,0.018924228644297648,0.09699999999999999,1.255517356082712,4.01397371302494,0.7964844095186855,0.2491296833248062,0.06859310475468838,6.859310475468838,5.703712767318672,0.48354688690956604,True,2024-04-24,2024-05-14,False
2024-06-15,범죄도시4,20228797,8,341.0,461.0,9190.0,5.8560879271853,2024-04-24,18.8,1.66,1.7469750202142351,0.0869750202142352,1.0249021101385012,48829.0,9190.0,11461596.0,2795060.0,896671.0,0.058560879271852995,0.01746975020214235,0.010249021101385012,0.188,1.7045286597938176,5.713802195600837,0.5866724471039176,0.17501480901280037,0.04755143396874464,4.755143396874463,4.831185817046799,0.7220729100757339,True,2024-04-24,2024-05-14,False
2024-06-16,범죄도시4,20228797,7,327.0,432.0,7968.0,5.68794572969212,2024-04-24,17.3,1.63,1.7104644729092173,0.08046447290921743,0.9759156558035627,46000.0,7968.0,11469564.0,2689328.0,816464.0,0.056879457296921204,0.017104644729092174,0.009759156558035626,0.17300000000000001,1.7526765379133427,5.828316920491149,0.5705559345197573,0.17157611942552542,0.04703931118455383,4.703931118455383,4.712030073888558,0.7345488171056547,True,2024-04-24,2024-05-14,False
2024-06-17,범죄도시4,20228797,7,376.0,540.0,4234.0,7.622136630853436,2024-04-24,7.3,2.41,2.54512862774328,0.13512862774327994,2.2534101855843485,58185.0,4234.0,11473798.0,2286132.0,187893.0,0.07622136630853436,0.025451286277432802,0.022534101855843484,0.073,1.1294564318671898,3.382489650403743,0.885381650664315,0.29564022461403167,0.07065720656801136,7.065720656801136,5.368726445269088,0.2917184421589316,True,2024-04-24,2024-05-14,False
2024-06-18,범죄도시4,20228797,8,372.0,524.0,3910.0,7.475884244372991,2024-04-24,6.9,2.36,2.503639022968424,0.14363902296842435,2.122946280228909,57035.0,3910.0,11477708.0,2278084.0,184178.0,0.0747588424437299,0.025036390229684242,0.02122946280228909,0.069,1.1793228336886916,3.521466517545086,0.8479442366702892,0.2839725992048132,0.06960048231511255,6.960048231511255,5.352937964144082,0.38069274273951503,True,2024-04-24,2024-05-14,False
2024-06-19,범죄도시4,20228797,10,310.0,468.0,3718.0,6.628180457558264,,,,,,,,,,,,0.06628180457558264,,,,,,,,,,,,False,2024-04-24,2024-05-14,False
2024-06-20,범죄도시4,20228797,6,316.0,488.0,3534.0,6.620574062434527,2024-04-24,6.7,2.19,2.5145351188839005,0.3245351188839005,1.9622867803837953,52842.0,3534.0,11484960.0,2101462.0,180096.0,0.06620574062434527,0.025145351188839003,0.019622867803837953,0.067,1.281431003878084,3.3739074882518634,0.7803775599104674,0.29639224059404606,0.06176995600251414,6.176995600251415,4.658287282050732,0.5522483385001051,True,2024-04-24,2024-05-14,False
2024-06-21,범죄도시4,20228797,10,190.0,245.0,1765.0,4.144851657940663,2024-04-24,7.4,0.88,0.9604025774975818,0.08040257749758184,0.5294147642229601,23780.0,1765.0,11486725.0,2476045.0,333387.0,0.04144851657940663,0.009604025774975818,0.005294147642229601,0.07400000000000001,1.8140834793438319,7.829119884905745,0.5512425483096884,0.1277282778525289,0.03838132635253054,3.838132635253054,3.615436893717703,0.43098781327462177,True,2024-04-24,2024-05-14,False
2024-06-22,범죄도시4,20228797,10,137.0,170.0,2830.0,2.884817856390819,2024-04-24,18.6,0.52,0.5544322508790447,0.03443225087904467,0.3114856766118283,15213.0,2830.0,11489555.0,2743888.0,908549.0,0.02884817856390819,0.005544322508790447,0.003114856766118283,0.18600000000000003,1.7799606611445413,9.261478369632588,0.5618101690837285,0.10797412249850895,0.023482417351021266,2.3482417351021265,2.573332179778991,0.2429465742672164,True,2024-04-24,2024-05-14,False
2024-06-23,범죄도시4,20228797,9,127.0,156.0,2539.0,2.6491447642886943,2024-04-24,17.1,0.53,0.5637991458880731,0.03379914588807309,0.3173500086868159,14810.0,2539.0,11492094.0,2626822.0,800063.0,0.026491447642886943,0.005637991458880731,0.003173500086868159,0.171,1.7765846240907817,8.347706607133146,0.5628777748269541,0.1197933812318579,0.021961410095953274,2.1961410095953275,2.3317947556018783,0.24644913720125722,True,2024-04-24,2024-05-14,False
2024-06-24,범죄도시4,20228797,6,181.0,250.0,1757.0,4.110833522598228,2024-04-24,6.9,1.04,1.138374738859097,0.09837473885909698,0.8648270838050423,25665.0,1757.0,11493851.0,2254530.0,203162.0,0.041108335225982284,0.01138374738859097,0.008648270838050422,0.069,1.31630329366017,4.753358907900406,0.7597033334311248,0.21037754972340336,0.03827186009538951,3.8271860095389507,3.246006438793186,0.27354765505405476,True,2024-04-24,2024-05-14,False
2024-06-25,범죄도시4,20228797,10,182.0,250.0,1584.0,4.010577346848832,2024-04-24,6.3,1.03,1.1337681724919002,0.10376817249190018,0.8495575221238939,25192.0,1584.0,11495435.0,2221971.0,186450.0,0.04010577346848832,0.011337681724919002,0.008495575221238939,0.063,1.3345396197040074,4.72078375201998,0.7493220772432322,0.21182923271418846,0.03757910973997356,3.757910973997356,3.161019824724938,0.2842106503680063,True,2024-04-24,2024-05-14,False
2024-09-09,베테랑2,20239670,10,7.0,8.0,2474.0,0.1680268843014882,,,,,,,,,,,,0.001680268843014882,,,,,,,,,,,,False,2024-09-13,2024-09-30,False
2024-09-11,베테랑2,20239670,10,19.0,20.0,4043.0,0.4498106060606061,,,,,,,,,,,,0.004498106060606061,,,,,,,,,,,,False,2024-09-13,2024-09-30,False
2024-09-12,베테랑2,20239670,2,61.0,65.0,11689.0,1.4159702878365832,,,,,,,,,,,,0.014159702878365831,,,,,,,,,,,,False,2024-09-13,2024-09-30,False
2024-09-13,베테랑2,20239670,1,2682.0,13450.0,497498.0,53.704445334401285,2024-09-13,25.3,75.22,79.14300937612259,3.923009376122593,92.11663586841803,1969602.0,497498.0,515994.0,2488662.0,540074.0,0.5370444533440129,0.791430093761226,0.9211663586841803,0.253,0.8591608739291422,0.5830048484522841,1.1639263732143292,1.7152516015170753,0.4011722066479776,40.117220664797756,-38.412190534016744,-12.973626492295438,True,2024-09-13,2024-09-30,True
2024-09-14,베테랑2,20239670,1,2668.0,13928.0,755086.0,49.28874930722335,2024-09-13,36.8,72.6,76.25476210829916,3.654762108299167,86.67085241118397,2051642.0,755086.0,1271080.0,2690510.0,871211.0,0.4928874930722335,0.7625476210829916,0.8667085241118397,0.368,0.8798201469916462,0.5686888721641689,1.136595932042796,1.7584307500065175,0.31150489562165157,31.150489562165156,-37.382103103960624,-10.416090302884811,True,2024-09-13,2024-09-30,True
2024-09-15,베테랑2,20239670,1,2691.0,13983.0,824702.0,48.64425162689805,2024-09-13,40.2,72.74,76.38992019721678,3.6499201972167867,87.84471537614318,2051352.0,824702.0,2095782.0,2685370.0,938818.0,0.4864425162689805,0.7638992019721678,0.8784471537614319,0.402,0.8696017725155348,0.553752737641732,1.14995165788043,1.8058601466400004,0.2908926247288503,29.08926247288503,-39.20046374924514,-11.454795178926403,True,2024-09-13,2024-09-30,True
2024-09-16,베테랑2,20239670,1,2685.0,14021.0,764681.0,49.04109589041096,2024-09-13,37.1,73.35,76.76284931302548,3.4128493130254896,87.86336315805802,2058818.0,764681.0,2860463.0,2682050.0,870307.0,0.4904109589041096,0.7676284931302548,0.8786336315805802,0.371,0.8736616327209813,0.5581518180927196,1.1446078922861054,1.7916272375805127,0.3084684931506849,30.846849315068493,-38.822267267647064,-11.100513845032538,True,2024-09-13,2024-09-30,True
2024-09-17,베테랑2,20239670,1,2679.0,13968.0,854175.0,49.00310956648985,2024-09-13,41.6,73.54,76.79072874698484,3.2507287469848336,88.51756205840962,2051783.0,854175.0,3714638.0,2671915.0,964978.0,0.4900310956648985,0.7679072874698484,0.8851756205840963,0.41600000000000004,0.8675196984787419,0.5535975960810401,1.1527115773319867,1.806366225357691,0.2861781598683007,28.61781598683007,-39.514452491919776,-11.726833311424784,True,2024-09-13,2024-09-30,True
2024-09-18,베테랑2,20239670,1,2647.0,13139.0,738619.0,52.03459799488893,2024-09-13,38.2,71.4,76.34923132931101,4.949231329311004,83.67287985445418,1935721.0,738619.0,4453257.0,2535351.0,882746.0,0.5203459799488893,0.7634923132931101,0.8367287985445419,0.382,0.9124728521609106,0.6218812844185733,1.0959230158265074,1.6080239509618754,0.3215738156084136,32.15738156084136,-31.638281859565254,-7.32364852514317,True,2024-09-13,2024-09-30,True
2024-09-19,베테랑2,20239670,1,2439.0,11377.0,233283.0,54.870641169853776,2024-09-13,13.8,70.27,77.76364241665799,7.493642416657991,87.4993904977664,1686471.0,233283.0,4686540.0,2168714.0,266611.0,0.5487064116985377,0.7776364241665799,0.8749939049776639,0.138,0.8887335325912135,0.6270974101385822,1.1251966571851693,1.5946485886124295,0.4729849268841395,47.29849268841395,-32.62874932791262,-9.735748081108412,True,2024-09-13,2024-09-30,True
2024-09-20,베테랑2,20239670,1,2482.0,11776.0,218067.0,55.83802024746907,2024-09-13,12.5,70.16,77.6129985939021,7.452998593902109,85.97907171132525,1743687.0,218067.0,4904607.0,2246643.0,253628.0,0.5583802024746907,0.776129985939021,0.8597907171132525,0.125,0.9026964009856696,0.649437347206367,1.1077921645728097,1.539794414814024,0.4885826771653543,48.85826771653543,-30.14105146385618,-8.366073117423142,True,2024-09-13,2024-09-30,True
2024-09-21,베테랑2,20239670,1,2520.0,12296.0,386734.0,50.480769230769226,2024-09-13,21.6,67.52,74.0464702112068,6.526470211206799,79.06940608087801,1789504.0,386734.0,5291341.0,2416731.0,489107.0,0.5048076923076923,0.7404647021120679,0.7906940608087801,0.21600000000000003,0.9364743442674479,0.6384361756699396,1.067834913066673,1.5663272823640597,0.39576923076923076,39.57692307692307,-28.588636850108784,-5.022935869671215,True,2024-09-13,2024-09-30,True
2024-09-22,베테랑2,20239670,1,2497.0,11745.0,309695.0,50.34274193548387,2024-09-13,18.0,67.17,73.73644799153826,6.566447991538254,77.33616679110908,1717723.0,309695.0,5601036.0,2329544.0,400453.0,0.5034274193548387,0.7373644799153826,0.7733616679110908,0.18,0.9534536175125676,0.6509598810536276,1.0488187171693424,1.5361929807124592,0.41281048387096775,41.281048387096774,-26.993424855625207,-3.599718799570823,True,2024-09-13,2024-09-30,True
2024-09-23,베테랑2,20239670,1,2327.0,10014.0,99916.0,55.77660594439118,2024-09-13,6.7,69.74,78.1559687035412,8.41596870354121,81.89231941905925,1488278.0,99916.0,5700952.0,1904241.0,122009.0,0.5577660594439118,0.781559687035412,0.8189231941905925,0.067,0.9543748334151045,0.6810969128737363,1.047806338754378,1.468219839348153,0.5203957334611697,52.039573346116974,-26.11571347466807,-3.736350715518043,True,2024-09-13,2024-09-30,True
2024-09-24,베테랑2,20239670,1,2344.0,9836.0,88771.0,54.38515081206496,2024-09-13,6.1,69.38,78.1161633993133,8.736163399313298,82.15657421032661,1464689.0,88771.0,5789723.0,1875014.0,108051.0,0.5438515081206495,0.781161633993133,0.821565742103266,0.061,0.9508206026133761,0.6619695542907515,1.0517231087036314,1.5106434933724733,0.5106765661252899,51.06765661252899,-27.771423398261653,-4.040410811013317,True,2024-09-13,2024-09-30,True
2024-09-25,베테랑2,20239670,1,2120.0,8636.0,132449.0,45.2991452991453,2024-09-13,10.4,56.11,61.61627985958462,5.506279859584623,71.36606839771325,1279056.0,132449.0,5922172.0,2075841.0,185591.0,0.452991452991453,0.6161627985958462,0.7136606839771324,0.10400000000000001,0.8633834151575452,0.6347434616504222,1.158233969339712,1.5754396231193302,0.4058803418803419,40.588034188034186,-26.066923098567948,-9.749788538128627,True,2024-09-13,2024-09-30,True
2024-09-26,베테랑2,20239670,1,2033.0,8112.0,75957.0,44.92817679558011,2024-09-13,6.3,56.73,62.867205144095394,6.137205144095397,70.65044507073695,1209218.0,75957.0,5998129.0,1923448.0,107511.0,0.44928176795580105,0.628672051440954,0.7065044507073694,0.063,0.8898345237761944,0.6359220632028139,1.123804452715878,1.5725197439502445,0.4209770165745856,42.09770165745856,-25.722268275156843,-7.783239926641556,True,2024-09-13,2024-09-30,True
2024-09-27,베테랑2,20239670,1,2025.0,8532.0,93990.0,42.75760135135135,2024-09-13,7.4,55.76,61.53517612450853,5.775176124508533,67.569607695128,1267864.0,93990.0,6092119.0,2060389.0,139101.0,0.4275760135135135,0.6153517612450853,0.67569607695128,0.07400000000000001,0.9106931092770786,0.6327933935072161,1.098064748501078,1.580294627378401,0.39593538851351345,39.59353885135135,-24.812006343776652,-6.034431570619468,True,2024-09-13,2024-09-30,True
2024-09-28,베테랑2,20239670,1,2008.0,9026.0,171298.0,38.48217707934074,2024-09-13,12.8,51.92,56.90538885265375,4.985388852653749,58.44652575191497,1337498.0,171298.0,6263417.0,2350389.0,293085.0,0.38482177079340735,0.5690538885265375,0.5844652575191497,0.128,0.9736316764865921,0.6584168448725951,1.0270824421084568,1.5187946781548425,0.3355645841318512,33.55645841318512,-19.964348672574232,-1.5411368992612182,True,2024-09-13,2024-09-30,True
2024-09-29,베테랑2,20239670,1,1973.0,8618.0,148391.0,37.92043052085335,2024-09-13,11.6,51.49,56.60358488161323,5.113584881613228,57.48714789891876,1279078.0,148391.0,6411808.0,2259712.0,258129.0,0.3792043052085335,0.5660358488161323,0.5748714789891876,0.11599999999999999,0.9846302512892253,0.6596331859693212,1.0156096653445803,1.5159940725700676,0.3352166058043436,33.52166058043436,-19.566717378065405,-0.8835630173055264,True,2024-09-13,2024-09-30,True
2024-09-30,베테랑2,20239670,1,1891.0,8010.0,77575.0,43.74277122368726,2024-09-13,6.5,54.73,60.718990336813484,5.988990336813487,66.80934254267358,1203046.0,77575.0,6489383.0,1981334.0,116114.0,0.43742771223687255,0.6071899033681348,0.6680934254267358,0.065,0.9088398123066401,0.6547403335955169,1.1003039110511619,1.5273230450131035,0.40899491094147583,40.899491094147585,-23.06657131898632,-6.090352205860093,True,2024-09-13,2024-09-30,True
2024-10-01,베테랑2,20239670,2,1067.0,4012.0,114342.0,18.245554035567714,,,,,,,,,,,,0.18245554035567715,,,,,,,,,,,,False,2024-09-13,2024-09-30,False
2024-10-02,베테랑2,20239670,1,1113.0,3847.0,59901.0,19.9176807444524,,,,,,,,,,,,0.199176807444524,,,,,,,,,,,,False,2024-09-13,2024-09-30,False
2024-10-03,베테랑2,20239670,1,1157.0,4000.0,110330.0,17.84117193523516,,,,,,,,,,,,0.1784117193523516,,,,,,,,,,,,False,2024-09-13,2024-09-30,False
2024-10-04,베테랑2,20239670,1,1181.0,4303.0,64215.0,19.4627554383652,,,,,,,,,,,,0.194627554383652,,,,,,,,,,,,False,2024-09-13,2024-09-30,False
2024-10-05,베테랑2,20239670,1,1317.0,4604.0,87719.0,19.861257728849345,,,,,,,,,,,,0.19861257728849346,,,,,,,,,,,,False,2024-09-13,2024-09-30,False
2024-10-06,베테랑2,20239670,1,1283.0,4333.0,74173.0,19.56389143031412,,,,,,,,,,,,0.19563891430314118,,,,,,,,,,,,False,2024-09-13,2024-09-30,False
2024-10-07,베테랑2,20239670,1,1079.0,3878.0,28304.0,22.6728304265602,,,,,,,,,,,,0.226728304265602,,,,,,,,,,,,False,2024-09-13,2024-09-30,False
2024-10-08,베테랑2,20239670,1,1129.0,4101.0,34501.0,21.854432830042587,,,,,,,,,,,,0.21854432830042586,,,,,,,,,,,,False,2024-09-13,2024-09-30,False
2024-10-09,베테랑2,20239670,2,1077.0,3839.0,66328.0,17.14422158548233,,,,,,,,,,,,0.1714422158548233,,,,,,,,,,,,False,2024-09-13,2024-09-30,False
2024-10-10,베테랑2,20239670,1,1050.0,3471.0,23165.0,22.156573116691288,,,,,,,,,,,,0.2215657311669129,,,,,,,,,,,,False,2024-09-13,2024-09-30,False
2024-10-11,베테랑2,20239670,1,1069.0,3774.0,36151.0,19.64351341418596,,,,,,,,,,,,0.19643513414185962,,,,,,,,,,,,False,2024-09-13,2024-09-30,False
2024-10-12,베테랑2,20239670,1,1021.0,3570.0,60016.0,16.542449773169153,,,,,,,,,,,,0.16542449773169154,,,,,,,,,,,,False,2024-09-13,2024-09-30,False
2024-10-13,베테랑2,20239670,1,1016.0,3388.0,49789.0,17.041261321704127,,,,,,,,,,,,0.17041261321704126,,,,,,,,,,,,False,2024-09-13,2024-09-30,False
2024-10-14,베테랑2,20239670,1,925.0,2963.0,19929.0,19.59330650285957,,,,,,,,,,,,0.1959330650285957,,,,,,,,,,,,False,2024-09-13,2024-09-30,False
2024-10-15,베테랑2,20239670,1,936.0,2945.0,20212.0,20.334564414512275,,,,,,,,,,,,0.20334564414512277,,,,,,,,,,,,False,2024-09-13,2024-09-30,False
2024-10-16,베테랑2,20239670,3,782.0,2039.0,15402.0,17.23226090788894,,,,,,,,,,,,0.17232260907888938,,,,,,,,,,,,False,2024-09-13,2024-09-30,False
2024-10-17,베테랑2,20239670,3,705.0,1775.0,12296.0,14.557092711129464,,,,,,,,,,,,0.14557092711129463,,,,,,,,,,,,False,2024-09-13,2024-09-30,False
2024-10-18,베테랑2,20239670,2,787.0,2017.0,20909.0,14.743349569127014,,,,,,,,,,,,0.14743349569127015,,,,,,,,,,,,False,2024-09-13,2024-09-30,False
2024-10-19,베테랑2,20239670,4,770.0,2122.0,29395.0,14.146610325188316,,,,,,,,,,,,0.14146610325188316,,,,,,,,,,,,False,2024-09-13,2024-09-30,False
2024-10-20,베테랑2,20239670,4,773.0,2050.0,25098.0,14.157509157509155,,,,,,,,,,,,0.14157509157509154,,,,,,,,,,,,False,2024-09-13,2024-09-30,False
2024-10-21,베테랑2,20239670,3,693.0,1698.0,8491.0,15.177398160315375,,,,,,,,,,,,0.15177398160315375,,,,,,,,,,,,False,2024-09-13,2024-09-30,False
2024-10-22,베테랑2,20239670,2,716.0,1800.0,11133.0,16.287534121929028,,,,,,,,,,,,0.1628753412192903,,,,,,,,,,,,False,2024-09-13,2024-09-30,False
2024-10-23,베테랑2,20239670,4,469.0,846.0,5010.0,10.180160625135665,,,,,,,,,,,,0.10180160625135665,,,,,,,,,,,,False,2024-09-13,2024-09-30,False
2024-10-24,베테랑2,20239670,5,491.0,867.0,4701.0,10.928110393946138,,,,,,,,,,,,0.10928110393946139,,,,,,,,,,,,False,2024-09-13,2024-09-30,False
2024-10-25,베테랑2,20239670,5,503.0,914.0,6116.0,10.629754860524091,,,,,,,,,,,,0.10629754860524092,,,,,,,,,,,,False,2024-09-13,2024-09-30,False
2024-10-26,베테랑2,20239670,5,507.0,839.0,9572.0,9.806576402321085,,,,,,,,,,,,0.09806576402321085,,,,,,,,,,,,False,2024-09-13,2024-09-30,False
2024-10-27,베테랑2,20239670,5,521.0,839.0,14930.0,10.280189423835832,,,,,,,,,,,,0.10280189423835832,,,,,,,,,,,,False,2024-09-13,2024-09-30,False
2024-10-28,베테랑2,20239670,5,471.0,793.0,3986.0,11.198288159771757,,,,,,,,,,,,0.11198288159771756,,,,,,,,,,,,False,2024-09-13,2024-09-30,False
2024-10-29,베테랑2,20239670,5,494.0,848.0,4404.0,10.941306755260245,,,,,,,,,,,,0.10941306755260244,,,,,,,,,,,,False,2024-09-13,2024-09-30,False
2024-10-31,베테랑2,20239670,9,254.0,330.0,2040.0,5.050705905746669,,,,,,,,,,,,0.05050705905746669,,,,,,,,,,,,False,2024-09-13,2024-09-30,False
2022-11-09,블랙 팬서: 와칸다 포에버,20226254,1,2571.0,9612.0,184034.0,52.98845836768344,2022-11-09,12.3,74.37,78.21446105313737,3.8444610531373655,86.67888110702393,1497541.0,184034.0,184790.0,1914660.0,212317.0,0.5298845836768344,0.7821446105313737,0.8667888110702393,0.12300000000000001,0.9023473775182286,0.6113191320762167,1.1082206530597456,1.6358068110901594,0.4647087798845838,46.47087798845838,-33.690422739340484,-8.464420053886556,True,2022-11-09,2022-11-16,True
2022-11-10,블랙 팬서: 와칸다 포에버,20226254,1,2523.0,9483.0,108625.0,55.183727034120736,2022-11-09,7.2,73.4,77.07149885798115,3.671498857981149,75.58993201255367,1499900.0,108625.0,293415.0,1946115.0,143703.0,0.5518372703412073,0.7707149885798116,0.7558993201255367,0.07200000000000001,1.0196000552716655,0.7300407020468815,0.9807767220388752,1.3697866395616147,0.5121049868766404,51.21049868766404,-20.40620497843294,1.48156684542748,True,2022-11-09,2022-11-16,True
2022-11-11,블랙 팬서: 와칸다 포에버,20226254,1,2538.0,9820.0,160436.0,52.27600411946447,2022-11-09,10.3,73.19,77.0398778872265,3.849877887226498,81.0098714938524,1550983.0,160436.0,453851.0,2013221.0,198045.0,0.5227600411946447,0.7703987788722649,0.810098714938524,0.10300000000000001,0.9509937056630539,0.645304123503412,1.0515316705516762,1.549656919238193,0.4689157569515963,46.89157569515963,-28.733867374387934,-3.9699936066259056,True,2022-11-09,2022-11-16,True
2022-11-12,블랙 팬서: 와칸다 포에버,20226254,1,2531.0,10514.0,339023.0,48.88931813791771,2022-11-09,20.6,72.21,76.24572173214045,4.035721732140459,83.28841632538749,1644714.0,339023.0,792874.0,2157123.0,407047.0,0.48889318137917714,0.7624572173214045,0.8328841632538748,0.20600000000000002,0.9154420878200763,0.5869882067023474,1.0923683904257446,1.7036117396939194,0.3881811860150667,38.81811860150667,-34.399098187469775,-7.042694593247035,True,2022-11-09,2022-11-16,True
2022-11-13,블랙 팬서: 와칸다 포에버,20226254,1,2518.0,10162.0,293971.0,48.70406189555126,2022-11-09,18.4,71.88,75.83624641459306,3.9562464145930676,82.03094043519754,1595606.0,293971.0,1086845.0,2104015.0,358366.0,0.48704061895551265,0.7583624641459307,0.8203094043519754,0.184,0.9244834450545141,0.5937279474934984,1.0816851349253018,1.6842730820094172,0.3974251450676983,39.74251450676983,-33.32687853964627,-6.194694020604473,True,2022-11-09,2022-11-16,True
2022-11-14,블랙 팬서: 와칸다 포에버,20226254,1,2327.0,8365.0,73373.0,50.87450808919982,2022-11-09,5.5,70.49,75.2256072794084,4.7356072794083985,73.34366253498601,1344581.0,73373.0,1160218.0,1787398.0,100040.0,0.5087450808919982,0.7522560727940839,0.7334366253498601,0.055,1.0256592686999326,0.6936455902366743,0.9749826580005885,1.4416584118393898,0.4807641014429383,48.07641014429383,-22.469154445786188,1.881944744422384,True,2022-11-09,2022-11-16,True
2022-11-15,블랙 팬서: 와칸다 포에버,20226254,1,2347.0,7952.0,63586.0,50.77888360017309,2022-11-09,5.0,69.58,74.63842963190427,5.058429631904275,67.74485675626724,1283366.0,63586.0,1223804.0,1719444.0,93861.0,0.5077888360017309,0.7463842963190427,0.6774485675626724,0.05,1.101757878098979,0.7495607199062446,0.9076404352337771,1.3341147333935541,0.4823993942016443,48.23993942016443,-16.96597315609415,6.893572875637034,True,2022-11-09,2022-11-16,True
2022-11-16,블랙 팬서: 와칸다 포에버,20226254,2,1468.0,4750.0,63082.0,30.1499281166564,2022-11-09,7.9,35.62,37.52764369938408,1.9076436993840815,29.286659393207827,803838.0,63082.0,1286886.0,2141989.0,215395.0,0.301499281166564,0.3752764369938408,0.29286659393207826,0.079,1.2813903830932492,1.0294765173404783,0.7804022983113243,0.971367469928671,0.27768083795440546,27.768083795440546,0.8632687234485736,8.240984306176252,True,2022-11-09,2022-11-16,True
2022-11-17,블랙 팬서: 와칸다 포에버,20226254,1,1458.0,4790.0,69529.0,29.154169166166767,,,,,,,,,,,,0.29154169166166766,,,,,,,,,,,,False,2022-11-09,2022-11-16,False
2022-11-18,블랙 팬서: 와칸다 포에버,20226254,1,1456.0,4908.0,83617.0,28.021555042340264,,,,,,,,,,,,0.2802155504234026,,,,,,,,,,,,False,2022-11-09,2022-11-16,False
2022-11-19,블랙 팬서: 와칸다 포에버,20226254,1,1453.0,5063.0,160078.0,27.057728119180634,,,,,,,,,,,,0.27057728119180635,,,,,,,,,,,,False,2022-11-09,2022-11-16,False
2022-11-20,블랙 팬서: 와칸다 포에버,20226254,1,1448.0,4892.0,130945.0,27.019966411643964,,,,,,,,,,,,0.27019966411643964,,,,,,,,,,,,False,2022-11-09,2022-11-16,False
2022-11-21,블랙 팬서: 와칸다 포에버,20226254,2,1339.0,4215.0,34941.0,28.882657463330457,,,,,,,,,,,,0.2888265746333046,,,,,,,,,,,,False,2022-11-09,2022-11-16,False
2022-11-22,블랙 팬서: 와칸다 포에버,20226254,2,1338.0,4112.0,32242.0,28.94850713976633,,,,,,,,,,,,0.28948507139766333,,,,,,,,,,,,False,2022-11-09,2022-11-16,False
2022-11-23,블랙 팬서: 와칸다 포에버,20226254,3,898.0,2440.0,26956.0,19.069866213633468,,,,,,,,,,,,0.19069866213633468,,,,,,,,,,,,False,2022-11-09,2022-11-16,False
2022-11-24,블랙 팬서: 와칸다 포에버,20226254,2,884.0,2180.0,22243.0,18.5831406348539,,,,,,,,,,,,0.185831406348539,,,,,,,,,,,,False,2022-11-09,2022-11-16,False
2022-11-25,블랙 팬서: 와칸다 포에버,20226254,3,939.0,2489.0,31169.0,18.638348551012307,,,,,,,,,,,,0.18638348551012307,,,,,,,,,,,,False,2022-11-09,2022-11-16,False
2022-11-26,블랙 팬서: 와칸다 포에버,20226254,3,910.0,2526.0,59538.0,17.006167071575405,,,,,,,,,,,,0.17006167071575404,,,,,,,,,,,,False,2022-11-09,2022-11-16,False
2022-11-27,블랙 팬서: 와칸다 포에버,20226254,3,902.0,2465.0,52532.0,17.141771189661725,,,,,,,,,,,,0.17141771189661725,,,,,,,,,,,,False,2022-11-09,2022-11-16,False
2022-11-28,블랙 팬서: 와칸다 포에버,20226254,3,817.0,1870.0,12302.0,18.947124304267163,,,,,,,,,,,,0.18947124304267163,,,,,,,,,,,,False,2022-11-09,2022-11-16,False
2022-11-29,블랙 팬서: 와칸다 포에버,20226254,3,817.0,2093.0,15534.0,18.747131711794403,,,,,,,,,,,,0.18747131711794401,,,,,,,,,,,,False,2022-11-09,2022-11-16,False
2022-11-30,블랙 팬서: 와칸다 포에버,20226254,6,507.0,782.0,13687.0,9.213156460112666,,,,,,,,,,,,0.09213156460112666,,,,,,,,,,,,False,2022-11-09,2022-11-16,False
2022-12-01,블랙 팬서: 와칸다 포에버,20226254,7,454.0,686.0,6547.0,8.459101919135458,,,,,,,,,,,,0.08459101919135457,,,,,,,,,,,,False,2022-11-09,2022-11-16,False
2022-12-02,블랙 팬서: 와칸다 포에버,20226254,6,451.0,674.0,7885.0,8.304179709077518,,,,,,,,,,,,0.08304179709077518,,,,,,,,,,,,False,2022-11-09,2022-11-16,False
2022-12-03,블랙 팬서: 와칸다 포에버,20226254,6,454.0,662.0,14397.0,7.880576288838744,,,,,,,,,,,,0.07880576288838743,,,,,,,,,,,,False,2022-11-09,2022-11-16,False
2022-12-04,블랙 팬서: 와칸다 포에버,20226254,7,456.0,646.0,12686.0,8.08940926024481,,,,,,,,,,,,0.0808940926024481,,,,,,,,,,,,False,2022-11-09,2022-11-16,False
2022-12-05,블랙 팬서: 와칸다 포에버,20226254,6,408.0,573.0,4267.0,8.182912154031289,,,,,,,,,,,,0.0818291215403129,,,,,,,,,,,,False,2022-11-09,2022-11-16,False
2022-12-06,블랙 팬서: 와칸다 포에버,20226254,7,387.0,538.0,4425.0,8.08439523710048,,,,,,,,,,,,0.0808439523710048,,,,,,,,,,,,False,2022-11-09,2022-11-16,False
2022-12-07,블랙 팬서: 와칸다 포에버,20226254,8,251.0,317.0,3657.0,4.976209357652657,,,,,,,,,,,,0.04976209357652657,,,,,,,,,,,,False,2022-11-09,2022-11-16,False
2022-12-08,블랙 팬서: 와칸다 포에버,20226254,9,260.0,340.0,3299.0,5.5508112724167376,,,,,,,,,,,,0.05550811272416738,,,,,,,,,,,,False,2022-11-09,2022-11-16,False
2022-12-09,블랙 팬서: 와칸다 포에버,20226254,10,263.0,356.0,2876.0,5.092951200619675,,,,,,,,,,,,0.05092951200619675,,,,,,,,,,,,False,2022-11-09,2022-11-16,False
2022-12-10,블랙 팬서: 와칸다 포에버,20226254,9,266.0,344.0,5170.0,4.591748662178492,,,,,,,,,,,,0.04591748662178492,,,,,,,,,,,,False,2022-11-09,2022-11-16,False
2022-12-11,블랙 팬서: 와칸다 포에버,20226254,10,254.0,345.0,4607.0,4.3732782369146,,,,,,,,,,,,0.043732782369145996,,,,,,,,,,,,False,2022-11-09,2022-11-16,False
2023-11-09,서울의 봄,20212866,6,22.0,23.0,5736.0,0.4687832942680588,,,,,,,,,,,,0.004687832942680588,,,,,,,,,,,,False,2023-11-22,2023-12-19,False
2023-11-13,서울의 봄,20212866,7,15.0,15.0,3052.0,0.3468208092485549,,,,,,,,,,,,0.003468208092485549,,,,,,,,,,,,False,2023-11-22,2023-12-19,False
2023-11-14,서울의 봄,20212866,7,13.0,13.0,3009.0,0.2867857930730201,,,,,,,,,,,,0.002867857930730201,,,,,,,,,,,,False,2023-11-22,2023-12-19,False
2023-11-22,서울의 봄,20212866,1,2144.0,8392.0,203813.0,48.94977168949772,2023-11-22,15.6,63.13,71.0345041073215,7.904504107321493,80.13974410393124,1307991.0,203813.0,219445.0,1841346.0,254322.0,0.48949771689497723,0.7103450410732149,0.8013974410393123,0.156,0.8863829664242329,0.6108051908178792,1.128180524535699,1.6371832051082964,0.4131360730593608,41.31360730593608,-31.189972414433512,-9.10523999660974,True,2023-11-22,2023-12-19,True
2023-11-23,서울의 봄,20212866,1,2161.0,8339.0,179084.0,45.01145594667778,2023-11-22,13.8,62.88,72.02303177942642,9.143031779426416,82.39808594828379,1300880.0,179084.0,398529.0,1806200.0,217340.0,0.45011455946677775,0.7202303177942642,0.823980859482838,0.138,0.8740862236124131,0.5462682224794481,1.144051894408325,1.8306025480689982,0.3879987502603624,38.79987502603624,-37.386630001606015,-10.375054168857375,True,2023-11-22,2023-12-19,True
2023-11-24,서울의 봄,20212866,1,2204.0,8786.0,274610.0,44.2570281124498,2023-11-22,20.0,62.8,71.2881432791092,8.48814327910921,85.01857585139318,1373987.0,274610.0,673139.0,1927371.0,323000.0,0.44257028112449803,0.7128814327910921,0.8501857585139319,0.2,0.838500793093925,0.5205571567066489,1.192604715745313,1.921018637658521,0.3540562248995984,35.40562248995984,-40.76154773894338,-13.730432572283974,True,2023-11-22,2023-12-19,True
2023-11-25,서울의 봄,20212866,1,2322.0,9641.0,594436.0,42.94433142223044,2023-11-22,40.0,62.46,71.82169110990404,9.361691109904037,83.86796392654378,1487517.0,594436.0,1267575.0,2071125.0,708776.0,0.4294433142223044,0.7182169110990404,0.8386796392654378,0.4,0.8563662183668781,0.5120469057749331,1.1677247170107163,1.952946085059527,0.25766598853338263,25.766598853338262,-40.92363250431334,-12.046272816639743,True,2023-11-22,2023-12-19,True
2023-11-26,서울의 봄,20212866,1,2328.0,9427.0,625180.0,44.32597105864433,2023-11-22,43.1,62.64,72.17148281897909,9.531482818979086,86.11140571863038,1450527.0,625180.0,1892755.0,2009834.0,726013.0,0.44325971058644326,0.7217148281897908,0.8611140571863038,0.431,0.8381175782311567,0.5147514512012467,1.1931500137611901,1.9426851496316442,0.2522147753236862,25.22147753236862,-41.78543465998605,-13.939922899651293,True,2023-11-22,2023-12-19,True
2023-11-27,서울의 봄,20212866,1,2176.0,8498.0,239666.0,48.36630362302734,2023-11-22,18.2,66.65,75.17944476922419,8.529444769224185,91.3364761298633,1318140.0,239666.0,2132421.0,1753325.0,262399.0,0.4836630362302734,0.7517944476922419,0.913364761298633,0.182,0.8231042837949337,0.5295398473032784,1.2149128849013957,1.8884320133651422,0.3956363636363637,39.56363636363637,-42.97017250683596,-16.15703136063911,True,2023-11-22,2023-12-19,True
2023-11-28,서울의 봄,20212866,1,2241.0,8604.0,232277.0,47.69099808469887,2023-11-22,17.5,65.91,74.6785432283169,8.7685432283169,89.17370823527605,1326913.0,232277.0,2364698.0,1776833.0,260477.0,0.4769099808469887,0.746785432283169,0.8917370823527605,0.175,0.8374502384860447,0.5348100805550317,1.1941008003147928,1.8698226461292378,0.39345073419876564,39.34507341987656,-41.482710150577184,-14.495165006959155,True,2023-11-22,2023-12-19,True
2023-11-29,서울의 봄,20212866,1,2194.0,7833.0,346732.0,45.3586934050031,2023-11-22,28.8,54.04,63.324352656793714,9.284352656793715,79.76608402387009,1202696.0,346732.0,2711430.0,1899263.0,434686.0,0.45358693405003103,0.6332435265679371,0.7976608402387009,0.28800000000000003,0.7938756607111844,0.56864636091988,1.259643102175675,1.7585622079464887,0.3229538970436221,32.29538970436221,-34.40739061886699,-16.44173136707638,True,2023-11-22,2023-12-19,True
2023-11-30,서울의 봄,20212866,1,2119.0,7700.0,241470.0,40.91523460127438,2023-11-22,20.3,53.57,61.59479739662919,8.02479739662919,78.04989996088939,1190742.0,241470.0,2952900.0,1933186.0,309379.0,0.40915234601274375,0.6159479739662919,0.7804989996088939,0.203,0.7891720223535736,0.5242189243263207,1.267150851366559,1.9075999617623698,0.32609441977215675,32.609441977215674,-37.13466535961501,-16.4551025642602,True,2023-11-22,2023-12-19,True
2023-12-01,서울의 봄,20212866,1,2281.0,8573.0,323985.0,43.87382188882478,2023-11-22,24.5,57.23,65.16684850266441,7.936848502664411,85.42398890491395,1321237.0,323985.0,3276885.0,2027468.0,379267.0,0.43873821888824777,0.6516684850266441,0.8542398890491395,0.245,0.7628635625433283,0.513600716277263,1.3108503919968035,1.9470377830629004,0.33124735526062704,33.12473552606271,-41.550167016089176,-20.257140402249547,True,2023-11-22,2023-12-19,True
2023-12-02,서울의 봄,20212866,1,2433.0,9924.0,700900.0,43.83783783783784,2023-11-22,46.6,60.67,67.72550909433696,7.055509094336955,85.63612527383646,1505150.0,700900.0,3977785.0,2222427.0,818463.0,0.4383783783783784,0.6772550909433696,0.8563612527383646,0.466,0.790852095161625,0.5119082361288382,1.2644589375408202,1.9534751141380695,0.2340940540540541,23.40940540540541,-41.79828743599862,-17.9106161794995,True,2023-11-22,2023-12-19,True
2023-12-03,서울의 봄,20212866,1,2463.0,9692.0,677249.0,42.23975304407477,2023-11-22,46.1,61.23,68.50809359771036,7.27809359771036,86.78062313000135,1469476.0,677249.0,4655034.0,2144967.0,780415.0,0.4223975304407477,0.6850809359771035,0.8678062313000134,0.461,0.7894399824149925,0.48674175778615564,1.2667207416336819,2.0544775211978803,0.22767226890756298,22.767226890756298,-44.54087008592658,-18.27252953229099,True,2023-11-22,2023-12-19,True
2023-12-04,서울의 봄,20212866,1,2196.0,8417.0,214343.0,47.78067885117493,2023-11-22,16.3,62.58,70.50645753339553,7.926457533395535,87.3247642133996,1314203.0,214343.0,4869377.0,1863947.0,245455.0,0.47780678851174935,0.7050645753339553,0.8732476421339961,0.163,0.8074050719575446,0.547160696986379,1.2385356925929523,1.8276166499307132,0.39992428198433416,39.992428198433416,-39.54408536222467,-16.81830668000407,True,2023-11-22,2023-12-19,True
2023-12-05,서울의 봄,20212866,1,2219.0,8429.0,198569.0,48.15538194444444,2023-11-22,15.1,61.77,70.08679396448125,8.316793964481242,84.97947934453731,1312200.0,198569.0,5067946.0,1872250.0,233667.0,0.4815538194444444,0.7008679396448124,0.8497947934453731,0.151,0.8247496278522044,0.5666707105747876,1.2124891800244626,1.764693288957314,0.4088391927083333,40.88391927083333,-36.82409740009287,-14.892685380056065,True,2023-11-22,2023-12-19,True
2023-12-06,서울의 봄,20212866,1,1979.0,7340.0,203042.0,40.27269027269027,2023-11-22,18.4,50.21,54.13177363486281,3.9217736348628094,65.70364401816022,1102373.0,203042.0,5270988.0,2036462.0,309027.0,0.4027269027269027,0.5413177363486281,0.6570364401816022,0.184,0.8238777992267979,0.6129445462957741,1.2137722377499323,1.6314689575807952,0.32862515262515263,32.86251526251526,-25.43095374546995,-11.571870383297409,True,2023-11-22,2023-12-19,True
2023-12-07,서울의 봄,20212866,1,2023.0,7481.0,200532.0,40.0118670886076,2023-11-22,17.7,51.87,56.225764735140515,4.355764735140518,70.3984160251077,1130419.0,200532.0,5471520.0,2010500.0,284853.0,0.400118670886076,0.5622576473514052,0.7039841602510769,0.177,0.7986794008985588,0.5683631727500419,1.252066847942922,1.7594384153383313,0.32929766613924055,32.92976661392405,-30.38654893650009,-14.172651289967177,True,2023-11-22,2023-12-19,True
2023-12-08,서울의 봄,20212866,1,2150.0,8211.0,289920.0,40.874524714828894,2023-11-22,23.4,54.71,59.10704404300772,4.397044043007718,76.83765553980096,1241190.0,289920.0,5761440.0,2099902.0,377315.0,0.4087452471482889,0.5910704404300772,0.7683765553980096,0.23399999999999999,0.7692458030866258,0.5319595506614122,1.2999745932801516,1.8798421773923402,0.31309885931558934,31.309885931558934,-35.96313082497207,-17.730611496793244,True,2023-11-22,2023-12-19,True
2023-12-09,서울의 봄,20212866,1,2301.0,9331.0,626174.0,39.27291346646186,2023-11-22,43.6,58.21,62.302314396598945,4.092314396598944,80.16638223617419,1436611.0,626174.0,6387614.0,2305871.0,781093.0,0.39272913466461856,0.6230231439659895,0.8016638223617418,0.436,0.7771626043077908,0.48989255060508885,1.286732010080037,2.0412639440319187,0.2214992319508449,22.14992319508449,-40.89346876971233,-17.86406783957524,True,2023-11-22,2023-12-19,True
2023-12-10,서울의 봄,20212866,1,2286.0,8957.0,584136.0,37.81637717121588,2023-11-22,42.5,58.08,62.221770960203656,4.141770960203658,80.61707386751792,1375775.0,584136.0,6971750.0,2211083.0,724581.0,0.3781637717121588,0.6222177096020366,0.8061707386751792,0.425,0.7718187720687533,0.4690864522490785,1.295640940838532,2.131803200040008,0.2174441687344913,21.74441687344913,-42.80069669630203,-18.39530290731426,True,2023-11-22,2023-12-19,True
2023-12-11,서울의 봄,20212866,1,2067.0,7767.0,190750.0,41.98659354052407,2023-11-22,15.9,57.99,62.508362075253466,4.518362075253464,78.42339175516278,1199773.0,190750.0,7162500.0,1919380.0,243231.0,0.4198659354052407,0.6250836207525347,0.7842339175516279,0.159,0.7970627216737077,0.535383545659513,1.2546064102711458,1.8678198239509745,0.3531072516758074,35.31072516758074,-36.43679821463871,-15.915029679909317,True,2023-11-22,2023-12-19,True
2023-12-12,서울의 봄,20212866,1,2137.0,7798.0,199853.0,42.45976554738725,2023-11-22,16.6,57.31,62.35577772401435,5.04577772401435,76.43760589614433,1203633.0,199853.0,7362353.0,1930267.0,261459.0,0.4245976554738725,0.6235577772401435,0.7643760589614433,0.166,0.8157735579622556,0.5554826717764718,1.2258303670664799,1.8002361744281439,0.35411444466520964,35.41144446652096,-33.977840348757084,-14.081828172129981,True,2023-11-22,2023-12-19,True
2023-12-13,서울의 봄,20212866,1,2014.0,7441.0,188621.0,34.527687296416936,2023-11-22,16.2,52.39,55.91105393114412,3.5210539311441167,68.58222223838213,1162071.0,188621.0,7550974.0,2078428.0,275029.0,0.34527687296416937,0.5591105393114412,0.6858222223838213,0.162,0.8152412112982454,0.5034495262694109,1.226630825504432,1.9862964365267277,0.2893420195439739,28.93420195439739,-34.054534941965194,-12.671168307238013,True,2023-11-22,2023-12-19,True
2023-12-14,서울의 봄,20212866,1,2050.0,7532.0,177959.0,35.72050879944241,2023-11-22,15.2,53.76,57.36091294654329,3.600912946543289,70.4576048397314,1171915.0,177959.0,7728933.0,2043055.0,252576.0,0.35720508799442413,0.5736091294654329,0.704576048397314,0.152,0.8141195414891137,0.5069787552485666,1.2283208411517683,1.9724692398791146,0.30290991461927164,30.290991461927163,-34.73709604028899,-13.096691893188115,True,2023-11-22,2023-12-19,True
2023-12-15,서울의 봄,20212866,1,2156.0,8174.0,269165.0,35.981308411214954,2023-11-22,21.3,55.01,58.74654196095178,3.736541960951783,74.77075561061928,1262875.0,269165.0,7998098.0,2149701.0,359987.0,0.3598130841121495,0.5874654196095178,0.7477075561061928,0.213,0.78568875600086,0.4812216770764414,1.2727686279869652,2.0780443767107175,0.2831728971962617,28.31728971962617,-38.78944719940432,-16.024213649667495,True,2023-11-22,2023-12-19,True
2023-12-16,서울의 봄,20212866,1,2313.0,9250.0,497073.0,36.20851596743895,2023-11-22,35.1,58.19,61.883093603812355,3.6930936038123576,75.65637870730303,1415452.0,497073.0,8495171.0,2287300.0,657014.0,0.3620851596743895,0.6188309360381236,0.7565637870730303,0.35100000000000003,0.8179494533200391,0.4785917140909069,1.2225694337724926,2.0894636713456625,0.23499326862867878,23.49932686286788,-39.447862739864085,-13.773285103490679,True,2023-11-22,2023-12-19,True
2023-12-17,서울의 봄,20212866,1,2259.0,8887.0,445484.0,36.057462090981645,2023-11-22,32.3,58.23,62.098609775904045,3.868609775904048,75.08376649205482,1381047.0,445484.0,8940655.0,2223958.0,593316.0,0.36057462090981646,0.6209860977590405,0.7508376649205482,0.32299999999999995,0.8270577340106556,0.48022979900451795,1.2091054334873268,2.0823364190912943,0.24410901835594576,24.410901835594576,-39.026304401073176,-12.985156716150776,True,2023-11-22,2023-12-19,True
2023-12-18,서울의 봄,20212866,1,2065.0,7799.0,142485.0,38.28327771598072,2023-11-22,11.5,58.69,62.96363050388195,4.273630503881954,75.47754505291931,1236663.0,142485.0,9083140.0,1964091.0,188778.0,0.3828327771598072,0.6296363050388195,0.7547754505291931,0.115,0.8342034768054059,0.5072141348680498,1.1987483003901092,1.9715538886946575,0.33880700778642936,33.88070077864293,-37.194267336938594,-12.51391454903736,True,2023-11-22,2023-12-19,True
2023-12-19,서울의 봄,20212866,1,2101.0,7814.0,135758.0,37.34447209384999,2023-11-22,11.0,57.72,62.09715543074748,4.377155430747479,68.79430827155302,1232133.0,135758.0,9218898.0,1984202.0,197339.0,0.3734447209384999,0.6209715543074747,0.6879430827155302,0.11,0.9026496085349133,0.5428424681070922,1.1078495914080058,1.842155061093561,0.3323658016352649,33.23658016352649,-31.449836177703034,-6.697152840805543,True,2023-11-22,2023-12-19,True
2023-12-20,서울의 봄,20212866,2,1190.0,3541.0,100346.0,20.884520884520885,,,,,,,,,,,,0.20884520884520885,,,,,,,,,,,,False,2023-11-22,2023-12-19,False
2023-12-21,서울의 봄,20212866,2,1248.0,3674.0,103029.0,21.87938288920056,,,,,,,,,,,,0.2187938288920056,,,,,,,,,,,,False,2023-11-22,2023-12-19,False
2023-12-22,서울의 봄,20212866,2,1400.0,4084.0,143174.0,21.63833075734157,,,,,,,,,,,,0.2163833075734157,,,,,,,,,,,,False,2023-11-22,2023-12-19,False
2023-12-23,서울의 봄,20212866,2,1454.0,4687.0,302886.0,20.662214011652694,,,,,,,,,,,,0.20662214011652694,,,,,,,,,,,,False,2023-11-22,2023-12-19,False
2023-12-24,서울의 봄,20212866,2,1531.0,4856.0,439672.0,21.490735541830432,,,,,,,,,,,,0.21490735541830433,,,,,,,,,,,,False,2023-11-22,2023-12-19,False
2023-12-25,서울의 봄,20212866,2,1481.0,4657.0,427026.0,21.16923956546598,,,,,,,,,,,,0.2116923956546598,,,,,,,,,,,,False,2023-11-22,2023-12-19,False
2023-12-26,서울의 봄,20212866,2,1376.0,4403.0,128590.0,22.072505614372798,,,,,,,,,,,,0.22072505614372798,,,,,,,,,,,,False,2023-11-22,2023-12-19,False
2023-12-27,서울의 봄,20212866,2,1491.0,4692.0,139572.0,22.461584814703222,,,,,,,,,,,,0.22461584814703223,,,,,,,,,,,,False,2023-11-22,2023-12-19,False
2023-12-28,서울의 봄,20212866,2,1504.0,4823.0,112114.0,22.83631946553295,,,,,,,,,,,,0.22836319465532948,,,,,,,,,,,,False,2023-11-22,2023-12-19,False
2023-12-29,서울의 봄,20212866,2,1599.0,5262.0,156407.0,23.58407079646018,,,,,,,,,,,,0.23584070796460177,,,,,,,,,,,,False,2023-11-22,2023-12-19,False
2023-12-30,서울의 봄,20212866,2,1645.0,5764.0,256589.0,23.12992125984252,,,,,,,,,,,,0.23129921259842517,,,,,,,,,,,,False,2023-11-22,2023-12-19,False
2023-12-31,서울의 봄,20212866,2,1654.0,5748.0,326476.0,23.207520695945,,,,,,,,,,,,0.23207520695945,,,,,,,,,,,,False,2023-11-22,2023-12-19,False
2024-01-01,서울의 봄,20212866,2,1614.0,5444.0,262422.0,23.641423758605537,,,,,,,,,,,,0.23641423758605537,,,,,,,,,,,,False,2023-11-22,2023-12-19,False
2024-01-02,서울의 봄,20212866,2,1467.0,4820.0,67766.0,23.900293255131967,,,,,,,,,,,,0.23900293255131966,,,,,,,,,,,,False,2023-11-22,2023-12-19,False
2024-01-03,서울의 봄,20212866,3,1308.0,4144.0,50166.0,22.06477732793522,,,,,,,,,,,,0.22064777327935223,,,,,,,,,,,,False,2023-11-22,2023-12-19,False
2024-01-04,서울의 봄,20212866,2,1291.0,4030.0,45359.0,21.31770145310436,,,,,,,,,,,,0.2131770145310436,,,,,,,,,,,,False,2023-11-22,2023-12-19,False
2024-01-05,서울의 봄,20212866,2,1284.0,4067.0,53788.0,20.723047127178827,,,,,,,,,,,,0.20723047127178826,,,,,,,,,,,,False,2023-11-22,2023-12-19,False
2024-01-06,서울의 봄,20212866,3,1287.0,4136.0,108206.0,19.82134606499307,,,,,,,,,,,,0.1982134606499307,,,,,,,,,,,,False,2023-11-22,2023-12-19,False
2024-01-07,서울의 봄,20212866,3,1276.0,3886.0,96517.0,19.79522184300341,,,,,,,,,,,,0.1979522184300341,,,,,,,,,,,,False,2023-11-22,2023-12-19,False
2024-01-08,서울의 봄,20212866,2,1179.0,3531.0,32765.0,20.793650793650794,,,,,,,,,,,,0.20793650793650795,,,,,,,,,,,,False,2023-11-22,2023-12-19,False
2024-01-09,서울의 봄,20212866,2,1191.0,3478.0,29076.0,20.7599790831445,,,,,,,,,,,,0.207599790831445,,,,,,,,,,,,False,2023-11-22,2023-12-19,False
2024-01-10,서울의 봄,20212866,3,840.0,2164.0,24108.0,14.332025251663538,,,,,,,,,,,,0.14332025251663538,,,,,,,,,,,,False,2023-11-22,2023-12-19,False
2024-01-11,서울의 봄,20212866,3,842.0,2167.0,22640.0,14.31972789115646,,,,,,,,,,,,0.14319727891156458,,,,,,,,,,,,False,2023-11-22,2023-12-19,False
2024-01-12,서울의 봄,20212866,3,882.0,2270.0,27486.0,14.051298390951091,,,,,,,,,,,,0.14051298390951092,,,,,,,,,,,,False,2023-11-22,2023-12-19,False
2024-01-13,서울의 봄,20212866,3,923.0,2274.0,55697.0,13.836006595712783,,,,,,,,,,,,0.13836006595712783,,,,,,,,,,,,False,2023-11-22,2023-12-19,False
2024-01-14,서울의 봄,20212866,3,907.0,2184.0,51569.0,13.851557727550398,,,,,,,,,,,,0.13851557727550398,,,,,,,,,,,,False,2023-11-22,2023-12-19,False
2024-01-15,서울의 봄,20212866,2,804.0,1999.0,22017.0,13.98017736045905,,,,,,,,,,,,0.1398017736045905,,,,,,,,,,,,False,2023-11-22,2023-12-19,False
2024-01-16,서울의 봄,20212866,3,823.0,2060.0,18133.0,14.400699912510936,,,,,,,,,,,,0.14400699912510936,,,,,,,,,,,,False,2023-11-22,2023-12-19,False
2024-01-17,서울의 봄,20212866,3,757.0,1890.0,16629.0,13.443438110459956,,,,,,,,,,,,0.13443438110459957,,,,,,,,,,,,False,2023-11-22,2023-12-19,False
2024-01-18,서울의 봄,20212866,3,755.0,1900.0,16671.0,13.365197380067269,,,,,,,,,,,,0.13365197380067267,,,,,,,,,,,,False,2023-11-22,2023-12-19,False
2024-01-19,서울의 봄,20212866,3,807.0,2003.0,20032.0,13.990984743411929,,,,,,,,,,,,0.13990984743411927,,,,,,,,,,,,False,2023-11-22,2023-12-19,False
2024-01-20,서울의 봄,20212866,3,835.0,2073.0,37748.0,13.028553596504915,,,,,,,,,,,,0.13028553596504916,,,,,,,,,,,,False,2023-11-22,2023-12-19,False
2024-01-21,서울의 봄,20212866,3,814.0,1980.0,33334.0,12.92679053517548,,,,,,,,,,,,0.1292679053517548,,,,,,,,,,,,False,2023-11-22,2023-12-19,False
2024-01-22,서울의 봄,20212866,3,746.0,1782.0,12615.0,14.019921067468522,,,,,,,,,,,,0.14019921067468522,,,,,,,,,,,,False,2023-11-22,2023-12-19,False
2024-01-23,서울의 봄,20212866,3,754.0,1751.0,11847.0,13.921713441654356,,,,,,,,,,,,0.13921713441654357,,,,,,,,,,,,False,2023-11-22,2023-12-19,False
2024-01-24,서울의 봄,20212866,5,624.0,1245.0,8455.0,12.532637075718014,,,,,,,,,,,,0.12532637075718014,,,,,,,,,,,,False,2023-11-22,2023-12-19,False
2024-01-25,서울의 봄,20212866,4,629.0,1230.0,7803.0,12.024469508698148,,,,,,,,,,,,0.12024469508698149,,,,,,,,,,,,False,2023-11-22,2023-12-19,False
2024-01-26,서울의 봄,20212866,4,647.0,1338.0,10172.0,12.223691668241072,,,,,,,,,,,,0.12223691668241071,,,,,,,,,,,,False,2023-11-22,2023-12-19,False
2024-01-27,서울의 봄,20212866,4,715.0,1465.0,21104.0,11.80842279108175,,,,,,,,,,,,0.11808422791081749,,,,,,,,,,,,False,2023-11-22,2023-12-19,False
2024-01-28,서울의 봄,20212866,4,689.0,1384.0,19481.0,11.613011966964436,,,,,,,,,,,,0.11613011966964436,,,,,,,,,,,,False,2023-11-22,2023-12-19,False
2024-01-29,서울의 봄,20212866,3,630.0,1236.0,7802.0,13.029989658738367,,,,,,,,,,,,0.13029989658738367,,,,,,,,,,,,False,2023-11-22,2023-12-19,False
2024-01-30,서울의 봄,20212866,4,645.0,1251.0,7803.0,13.285272914521112,,,,,,,,,,,,0.13285272914521112,,,,,,,,,,,,False,2023-11-22,2023-12-19,False
2024-01-31,서울의 봄,20212866,4,494.0,740.0,6983.0,9.751283063560996,,,,,,,,,,,,0.09751283063560995,,,,,,,,,,,,False,2023-11-22,2023-12-19,False
2024-02-01,서울의 봄,20212866,6,498.0,705.0,4857.0,10.265924551638838,,,,,,,,,,,,0.10265924551638837,,,,,,,,,,,,False,2023-11-22,2023-12-19,False
2024-02-02,서울의 봄,20212866,4,497.0,708.0,5485.0,9.833795013850416,,,,,,,,,,,,0.09833795013850416,,,,,,,,,,,,False,2023-11-22,2023-12-19,False
2024-02-03,서울의 봄,20212866,6,493.0,682.0,9243.0,8.673469387755102,,,,,,,,,,,,0.08673469387755102,,,,,,,,,,,,False,2023-11-22,2023-12-19,False
2024-02-04,서울의 봄,20212866,6,483.0,663.0,8521.0,8.562311646871121,,,,,,,,,,,,0.08562311646871121,,,,,,,,,,,,False,2023-11-22,2023-12-19,False
2024-02-05,서울의 봄,20212866,5,474.0,657.0,4167.0,10.025380710659896,,,,,,,,,,,,0.10025380710659895,,,,,,,,,,,,False,2023-11-22,2023-12-19,False
2024-02-06,서울의 봄,20212866,5,462.0,624.0,3892.0,9.724268575036836,,,,,,,,,,,,0.09724268575036836,,,,,,,,,,,,False,2023-11-22,2023-12-19,False
2024-02-10,서울의 봄,20212866,9,135.0,161.0,5882.0,1.9435646415202996,,,,,,,,,,,,0.019435646415202998,,,,,,,,,,,,False,2023-11-22,2023-12-19,False
2024-02-11,서울의 봄,20212866,9,162.0,194.0,5514.0,2.2149302707137,,,,,,,,,,,,0.022149302707137,,,,,,,,,,,,False,2023-11-22,2023-12-19,False
2024-02-12,서울의 봄,20212866,10,145.0,180.0,4097.0,2.0192173791950982,,,,,,,,,,,,0.02019217379195098,,,,,,,,,,,,False,2023-11-22,2023-12-19,False
2024-02-13,서울의 봄,20212866,10,108.0,127.0,1219.0,1.8499486125385407,,,,,,,,,,,,0.018499486125385406,,,,,,,,,,,,False,2023-11-22,2023-12-19,False
2022-12-14,아바타: 물의 길,20225061,1,2797.0,10115.0,359031.0,56.653838363378576,2022-12-14,23.2,76.66,80.41602872021477,3.756028720214772,85.87532648941361,1544693.0,359031.0,359787.0,1920877.0,418084.0,0.5665383836337857,0.8041602872021477,0.8587532648941361,0.23199999999999998,0.9364276330306374,0.6597219559958546,1.0678881792110493,1.5157900853708794,0.43510147863074744,43.51014786307474,-29.221488126035034,-5.459297769198841,True,2022-12-14,2023-01-03,True
2022-12-15,아바타: 물의 길,20225061,1,2806.0,9921.0,291397.0,56.75566343042071,2022-12-14,19.2,76.36,80.72501886465822,4.365018864658225,83.71696823089343,1520174.0,291397.0,651184.0,1883151.0,348074.0,0.5675566343042071,0.8072501886465823,0.8371696823089343,0.192,0.9642611357116596,0.6779469518519498,1.0370634706354351,1.4750416640539457,0.45858576051779937,45.858576051779934,-26.961304800472718,-2.991949366235204,True,2022-12-14,2023-01-03,True
2022-12-16,아바타: 물의 길,20225061,1,2809.0,10289.0,414520.0,55.45903257650543,2022-12-14,26.3,76.26,80.50980628710649,4.24980628710648,85.20329614990123,1574928.0,414520.0,1065704.0,1956194.0,486507.0,0.5545903257650543,0.8050980628710649,0.8520329614990123,0.263,0.94491422192708,0.6509024308042538,1.0582971203042926,1.5363285688830535,0.408733070088845,40.8733070088845,-29.744263573395806,-4.693489862794749,True,2022-12-14,2023-01-03,True
2022-12-17,아바타: 물의 길,20225061,1,2803.0,10610.0,828253.0,51.830621301775146,2022-12-14,51.0,74.76,79.00952469889685,4.249524698896849,84.3652183301808,1624454.0,828253.0,1893957.0,2056023.0,981747.0,0.5183062130177515,0.7900952469889685,0.8436521833018079,0.51,0.9365177529639842,0.6143600683746856,1.0677854176657098,1.6277099562241089,0.25397004437869825,25.397004437869825,-32.53459702840565,-5.355693631283941,True,2022-12-14,2023-01-03,True
2022-12-18,아바타: 물의 길,20225061,1,2777.0,10247.0,786962.0,51.83871569908531,2022-12-14,50.1,74.5,78.67263639462064,4.172636394620639,83.97020034315274,1571943.0,786962.0,2680919.0,1998081.0,937192.0,0.5183871569908531,0.7867263639462064,0.8397020034315275,0.501,0.9369113813366757,0.6173465763716312,1.0673368046541571,1.6198356616430292,0.2586751913384357,25.86751913384357,-32.13148464406743,-5.297563948532101,True,2022-12-14,2023-01-03,True
2022-12-19,아바타: 물의 길,20225061,1,2696.0,9536.0,264527.0,56.8177028451001,2022-12-14,17.9,75.78,80.59078278308911,4.81078278308911,85.04488111006803,1474767.0,264527.0,2945446.0,1829945.0,311044.0,0.568177028451001,0.8059078278308911,0.8504488111006804,0.179,0.9476264971055192,0.6680908022149464,1.0552680861652277,1.4968025254720803,0.4664733403582718,46.64733403582718,-28.227178264967932,-4.454098326978922,True,2022-12-14,2023-01-03,True
2022-12-20,아바타: 물의 길,20225061,1,2717.0,9502.0,256091.0,56.11317637339942,2022-12-14,17.5,74.67,79.75407142017579,5.084071420175789,82.85750338106732,1465631.0,256091.0,3201537.0,1837688.0,309074.0,0.5611317637339942,0.7975407142017579,0.8285750338106732,0.175,0.9625449496514681,0.6772250440051408,1.0389125207732837,1.4766140278657636,0.4629337050805452,46.29337050805452,-26.7443270076679,-3.103431960891527,True,2022-12-14,2023-01-03,True
2022-12-21,아바타: 물의 길,20225061,1,2198.0,7443.0,242929.0,44.02163028239535,2022-12-14,21.3,52.82,56.04480388105044,3.224803881050441,63.56103380970073,1140463.0,242929.0,3444466.0,2034913.0,382198.0,0.4402163028239535,0.5604480388105044,0.6356103380970073,0.213,0.8817478338827278,0.6925883303628195,1.1341110934138112,1.44385915292009,0.3464502303224514,34.64502303224514,-19.53940352730538,-7.51622992865029,True,2022-12-14,2023-01-03,True
2022-12-22,아바타: 물의 길,20225061,1,2209.0,7372.0,225354.0,41.84504641030498,2022-12-14,19.8,52.94,56.16227047749383,3.2222704774938293,65.4634503433611,1135951.0,225354.0,3669820.0,2022623.0,344244.0,0.4184504641030498,0.5616227047749383,0.6546345034336111,0.198,0.8579179707595331,0.6392123572898208,1.165612604098593,1.564425325317353,0.33559727221064595,33.55972722106459,-23.618403933056122,-9.301179865867276,True,2022-12-14,2023-01-03,True
2022-12-23,아바타: 물의 길,20225061,1,2242.0,7820.0,329464.0,42.277955874033566,2022-12-14,27.4,54.08,57.407179040086106,3.327179040086108,69.62939167483853,1201042.0,329464.0,3999284.0,2092146.0,473168.0,0.4227795587403357,0.5740717904008611,0.6962939167483853,0.27399999999999997,0.8244676229281338,0.6071854838466333,1.212903905733078,1.6469431938076213,0.3069379596454837,30.69379596454837,-27.351435800804964,-12.222212634752424,True,2022-12-14,2023-01-03,True
2022-12-24,아바타: 물의 길,20225061,1,2289.0,8363.0,803132.0,36.98497333979641,2022-12-14,62.5,52.95,57.039175568860145,4.089175568860142,68.03862399886141,1285201.0,803132.0,4802416.0,2253190.0,1180406.0,0.3698497333979641,0.5703917556886015,0.6803862399886141,0.625,0.8383352310272274,0.5435879088385934,1.1928402421721938,1.8396288507162661,0.13869365002423656,13.869365002423656,-31.053650659065,-10.999448430001266,True,2022-12-14,2023-01-03,True
2022-12-25,아바타: 물의 길,20225061,1,2280.0,8067.0,772960.0,36.42172523961661,2022-12-14,62.0,52.69,57.13613360347078,4.446133603470784,65.93809687515729,1246767.0,772960.0,5575376.0,2182099.0,1172251.0,0.36421725239616615,0.5713613360347078,0.6593809687515728,0.62,0.8665117179776732,0.552362396939891,1.154052483368455,1.810405642274055,0.13840255591054312,13.840255591054312,-29.516371635540672,-8.801963271686503,True,2022-12-14,2023-01-03,True
2022-12-26,아바타: 물의 길,20225061,1,2156.0,7394.0,237068.0,39.77859778597786,2022-12-14,20.5,53.9,57.99340658899398,4.093406588993979,66.21918688286476,1155398.0,237068.0,5812444.0,1992292.0,358005.0,0.3977859778597786,0.5799340658899398,0.6621918688286477,0.205,0.8757795031759996,0.600711057602418,1.1418399224616662,1.6646938446434463,0.316239852398524,31.6239852398524,-26.440589096886903,-8.225780293870784,True,2022-12-14,2023-01-03,True
2022-12-27,아바타: 물의 길,20225061,1,2200.0,7389.0,203956.0,39.7183607149305,2022-12-14,17.7,53.19,57.522253734240735,4.332253734240737,61.28964402267004,1152643.0,203956.0,6016400.0,2003821.0,332774.0,0.39718360714930495,0.5752225373424074,0.6128964402267004,0.177,0.9385313726567606,0.6480435862906843,1.065494483332226,1.5431060829162242,0.32688210868387796,32.6882108683878,-21.57128330773954,-3.7673902884293042,True,2022-12-14,2023-01-03,True
2022-12-28,아바타: 물의 길,20225061,1,2066.0,6905.0,236019.0,37.10488505747127,2022-12-14,21.5,49.55,53.4433921929112,3.8933921929112003,56.49928902805107,1099989.0,236019.0,6252419.0,2058232.0,417738.0,0.3710488505747127,0.534433921929112,0.5649928902805107,0.215,0.9459126497393151,0.6567318933703615,1.0571800686623558,1.5226913906495076,0.2912733477011495,29.12733477011495,-19.394403970579795,-3.055896835139869,True,2022-12-14,2023-01-03,True
2022-12-29,아바타: 물의 길,20225061,1,2035.0,6910.0,215887.0,37.88866132936138,2022-12-14,19.6,49.78,54.1540486903316,4.374048690331598,57.81825388535816,1099957.0,215887.0,6468306.0,2031163.0,373389.0,0.37888661329361384,0.541540486903316,0.5781825388535816,0.196,0.9366254608398944,0.6553062187676386,1.067662626962197,1.526004135716259,0.30462483708806554,30.462483708806552,-19.929592555996777,-3.664205195026561,True,2022-12-14,2023-01-03,True
2022-12-30,아바타: 물의 길,20225061,1,2075.0,7287.0,329562.0,37.33357322777977,2022-12-14,28.5,50.43,54.90979397943636,4.479793979436359,60.938028715919486,1157868.0,329562.0,6797868.0,2108673.0,540815.0,0.3733357322777977,0.5490979397943636,0.6093802871591949,0.285,0.9010759805738792,0.6126481938203348,1.1097843262486233,1.6322581378461716,0.2669350485786254,26.69350485786254,-23.604455488139713,-6.028234736483128,True,2022-12-14,2023-01-03,True
2022-12-31,아바타: 물의 길,20225061,1,2050.0,7454.0,515281.0,32.53968253968254,2022-12-14,43.2,49.81,54.34371199254855,4.533711992548547,61.44040311541635,1192557.0,515281.0,7313149.0,2194471.0,838668.0,0.32539682539682535,0.5434371199254855,0.6144040311541635,0.43200000000000005,0.8844947174331423,0.5296137539748307,1.1305890021616647,1.8881684859859662,0.18482539682539678,18.482539682539677,-28.900720575733814,-7.096691122867803,True,2022-12-14,2023-01-03,True
2023-01-01,아바타: 물의 길,20225061,1,2047.0,7148.0,429533.0,32.668368975422915,2022-12-14,37.7,49.85,54.225253886548074,4.375253886548073,61.08896401361347,1139079.0,429533.0,7742682.0,2100643.0,703127.0,0.3266836897542291,0.5422525388654807,0.6108896401361347,0.377,0.8876440247777677,0.5347671138790777,1.1265777407225401,1.8699728798695752,0.20352393871688473,20.352393871688474,-28.420595038190555,-6.863710127065396,True,2022-12-14,2023-01-03,True
2023-01-02,아바타: 물의 길,20225061,1,1992.0,6578.0,145308.0,36.61764705882353,2022-12-14,13.8,49.79,54.2538529778743,4.4638529778743035,57.0459443862108,1056182.0,145308.0,7887990.0,1946741.0,254721.0,0.36617647058823527,0.5425385297787431,0.570459443862108,0.138,0.951055391607972,0.6418974644527891,1.0514634676633041,1.5578812121535481,0.3156441176470588,31.56441176470588,-20.42829732738727,-2.7920914083364963,True,2022-12-14,2023-01-03,True
2023-01-03,아바타: 물의 길,20225061,1,1991.0,6471.0,113903.0,36.49193548387097,2022-12-14,11.0,49.35,53.999928311576596,4.649928311576595,53.204568278954625,1039497.0,113903.0,8001893.0,1924997.0,214085.0,0.3649193548387097,0.539999283115766,0.5320456827895462,0.11,1.014949092875857,0.6858797404865996,0.98527109095344,1.457981539577983,0.3247782258064516,32.47782258064516,-16.712632795083657,0.7953600326219714,True,2022-12-14,2023-01-03,True
2023-01-04,아바타: 물의 길,20225061,1,1473.0,4464.0,91614.0,25.179487179487182,,,,,,,,,,,,0.2517948717948718,,,,,,,,,,,,False,2022-12-14,2023-01-03,False
2023-01-05,아바타: 물의 길,20225061,1,1455.0,4450.0,91107.0,24.808184143222505,,,,,,,,,,,,0.24808184143222506,,,,,,,,,,,,False,2022-12-14,2023-01-03,False
2023-01-06,아바타: 물의 길,20225061,1,1466.0,4587.0,117734.0,24.780256930358348,,,,,,,,,,,,0.2478025693035835,,,,,,,,,,,,False,2022-12-14,2023-01-03,False
2023-01-07,아바타: 물의 길,20225061,1,1454.0,4672.0,251726.0,23.02454473475851,,,,,,,,,,,,0.23024544734758512,,,,,,,,,,,,False,2022-12-14,2023-01-03,False
2023-01-08,아바타: 물의 길,20225061,1,1439.0,4495.0,222534.0,22.812301838934687,,,,,,,,,,,,0.22812301838934687,,,,,,,,,,,,False,2022-12-14,2023-01-03,False
2023-01-09,아바타: 물의 길,20225061,1,1348.0,4045.0,70516.0,24.092940125111703,,,,,,,,,,,,0.24092940125111703,,,,,,,,,,,,False,2022-12-14,2023-01-03,False
2023-01-10,아바타: 물의 길,20225061,1,1350.0,4017.0,63373.0,23.700842696629213,,,,,,,,,,,,0.23700842696629212,,,,,,,,,,,,False,2022-12-14,2023-01-03,False
2023-01-11,아바타: 물의 길,20225061,1,1328.0,3801.0,56896.0,24.565297817240104,,,,,,,,,,,,0.24565297817240103,,,,,,,,,,,,False,2022-12-14,2023-01-03,False
2023-01-12,아바타: 물의 길,20225061,1,1336.0,3797.0,54684.0,24.36177972283005,,,,,,,,,,,,0.24361779722830051,,,,,,,,,,,,False,2022-12-14,2023-01-03,False
2023-01-13,아바타: 물의 길,20225061,1,1379.0,4044.0,74486.0,24.37256981265465,,,,,,,,,,,,0.2437256981265465,,,,,,,,,,,,False,2022-12-14,2023-01-03,False
2023-01-14,아바타: 물의 길,20225061,1,1409.0,4303.0,169086.0,23.37425348374253,,,,,,,,,,,,0.23374253483742533,,,,,,,,,,,,False,2022-12-14,2023-01-03,False
2023-01-15,아바타: 물의 길,20225061,1,1390.0,4158.0,148709.0,23.50355089617856,,,,,,,,,,,,0.2350355089617856,,,,,,,,,,,,False,2022-12-14,2023-01-03,False
2023-01-16,아바타: 물의 길,20225061,1,1262.0,3656.0,48885.0,24.44315320550068,,,,,,,,,,,,0.24443153205500678,,,,,,,,,,,,False,2022-12-14,2023-01-03,False
2023-01-17,아바타: 물의 길,20225061,1,1290.0,3669.0,47019.0,24.175412293853075,,,,,,,,,,,,0.24175412293853074,,,,,,,,,,,,False,2022-12-14,2023-01-03,False
2023-01-18,아바타: 물의 길,20225061,4,708.0,1565.0,26246.0,11.74713787954206,,,,,,,,,,,,0.11747137879542059,,,,,,,,,,,,False,2022-12-14,2023-01-03,False
2023-01-19,아바타: 물의 길,20225061,4,727.0,1610.0,28683.0,12.020502645502646,,,,,,,,,,,,0.12020502645502645,,,,,,,,,,,,False,2022-12-14,2023-01-03,False
2023-01-20,아바타: 물의 길,20225061,3,757.0,1732.0,49712.0,12.027327613600256,,,,,,,,,,,,0.12027327613600257,,,,,,,,,,,,False,2022-12-14,2023-01-03,False
2023-01-21,아바타: 물의 길,20225061,3,851.0,2032.0,90918.0,12.372782785693516,,,,,,,,,,,,0.12372782785693516,,,,,,,,,,,,False,2022-12-14,2023-01-03,False
2023-01-22,아바타: 물의 길,20225061,2,864.0,2073.0,116153.0,12.760301284891447,,,,,,,,,,,,0.12760301284891448,,,,,,,,,,,,False,2022-12-14,2023-01-03,False
2023-01-23,아바타: 물의 길,20225061,2,902.0,2162.0,156919.0,12.836203216166217,,,,,,,,,,,,0.12836203216166217,,,,,,,,,,,,False,2022-12-14,2023-01-03,False
2023-01-24,아바타: 물의 길,20225061,2,909.0,2111.0,121885.0,13.198780310730363,,,,,,,,,,,,0.13198780310730363,,,,,,,,,,,,False,2022-12-14,2023-01-03,False
2023-01-25,아바타: 물의 길,20225061,4,669.0,1620.0,42477.0,11.443722203215874,,,,,,,,,,,,0.11443722203215874,,,,,,,,,,,,False,2022-12-14,2023-01-03,False
2023-01-26,아바타: 물의 길,20225061,3,661.0,1588.0,28259.0,11.42807745504841,,,,,,,,,,,,0.11428077455048409,,,,,,,,,,,,False,2022-12-14,2023-01-03,False
2023-01-27,아바타: 물의 길,20225061,3,716.0,1753.0,34142.0,11.909514304723883,,,,,,,,,,,,0.11909514304723884,,,,,,,,,,,,False,2022-12-14,2023-01-03,False
2023-01-28,아바타: 물의 길,20225061,3,797.0,2016.0,81248.0,12.375776397515528,,,,,,,,,,,,0.12375776397515528,,,,,,,,,,,,False,2022-12-14,2023-01-03,False
2023-01-29,아바타: 물의 길,20225061,3,802.0,1970.0,72041.0,12.519512956603185,,,,,,,,,,,,0.12519512956603185,,,,,,,,,,,,False,2022-12-14,2023-01-03,False
2023-01-30,아바타: 물의 길,20225061,3,737.0,1756.0,23417.0,12.925289372150123,,,,,,,,,,,,0.12925289372150123,,,,,,,,,,,,False,2022-12-14,2023-01-03,False
2023-01-31,아바타: 물의 길,20225061,3,751.0,1756.0,22893.0,12.87281453548166,,,,,,,,,,,,0.1287281453548166,,,,,,,,,,,,False,2022-12-14,2023-01-03,False
2023-02-01,아바타: 물의 길,20225061,5,641.0,1441.0,17507.0,11.076550889925697,,,,,,,,,,,,0.11076550889925697,,,,,,,,,,,,False,2022-12-14,2023-01-03,False
2023-02-02,아바타: 물의 길,20225061,3,657.0,1428.0,16353.0,11.463967893910311,,,,,,,,,,,,0.11463967893910311,,,,,,,,,,,,False,2022-12-14,2023-01-03,False
2023-02-03,아바타: 물의 길,20225061,3,666.0,1526.0,20233.0,11.320754716981131,,,,,,,,,,,,0.11320754716981131,,,,,,,,,,,,False,2022-12-14,2023-01-03,False
2023-02-04,아바타: 물의 길,20225061,2,707.0,1736.0,49340.0,11.288519878652403,,,,,,,,,,,,0.11288519878652403,,,,,,,,,,,,False,2022-12-14,2023-01-03,False
2023-02-05,아바타: 물의 길,20225061,2,712.0,1680.0,44088.0,11.392,,,,,,,,,,,,0.11392,,,,,,,,,,,,False,2022-12-14,2023-01-03,False
2023-02-06,아바타: 물의 길,20225061,2,656.0,1426.0,14785.0,12.012451931880609,,,,,,,,,,,,0.12012451931880609,,,,,,,,,,,,False,2022-12-14,2023-01-03,False
2023-02-07,아바타: 물의 길,20225061,2,644.0,1387.0,13938.0,11.593159315931594,,,,,,,,,,,,0.11593159315931593,,,,,,,,,,,,False,2022-12-14,2023-01-03,False
2023-02-08,아바타: 물의 길,20225061,3,599.0,1012.0,9758.0,12.2670489453205,,,,,,,,,,,,0.122670489453205,,,,,,,,,,,,False,2022-12-14,2023-01-03,False
2023-02-09,아바타: 물의 길,20225061,3,603.0,1019.0,10526.0,12.36923076923077,,,,,,,,,,,,0.1236923076923077,,,,,,,,,,,,False,2022-12-14,2023-01-03,False
2023-02-10,아바타: 물의 길,20225061,3,635.0,1136.0,14735.0,11.737523105360443,,,,,,,,,,,,0.11737523105360444,,,,,,,,,,,,False,2022-12-14,2023-01-03,False
2023-02-11,아바타: 물의 길,20225061,3,678.0,1283.0,32243.0,11.892650412208384,,,,,,,,,,,,0.11892650412208385,,,,,,,,,,,,False,2022-12-14,2023-01-03,False
2023-02-12,아바타: 물의 길,20225061,3,656.0,1225.0,30749.0,11.67883211678832,,,,,,,,,,,,0.1167883211678832,,,,,,,,,,,,False,2022-12-14,2023-01-03,False
2023-02-13,아바타: 물의 길,20225061,3,617.0,1046.0,10138.0,12.883691793693885,,,,,,,,,,,,0.12883691793693886,,,,,,,,,,,,False,2022-12-14,2023-01-03,False
2023-02-14,아바타: 물의 길,20225061,3,609.0,1039.0,11444.0,12.345428745185483,,,,,,,,,,,,0.12345428745185483,,,,,,,,,,,,False,2022-12-14,2023-01-03,False
2023-02-15,아바타: 물의 길,20225061,6,355.0,444.0,4464.0,6.799463704271212,,,,,,,,,,,,0.06799463704271212,,,,,,,,,,,,False,2022-12-14,2023-01-03,False
2023-02-16,아바타: 물의 길,20225061,5,360.0,451.0,4650.0,7.275666936135812,,,,,,,,,,,,0.07275666936135812,,,,,,,,,,,,False,2022-12-14,2023-01-03,False
2023-02-17,아바타: 물의 길,20225061,5,378.0,483.0,5782.0,7.165876777251184,,,,,,,,,,,,0.07165876777251184,,,,,,,,,,,,False,2022-12-14,2023-01-03,False
2023-02-18,아바타: 물의 길,20225061,6,391.0,511.0,13115.0,6.951111111111111,,,,,,,,,,,,0.0695111111111111,,,,,,,,,,,,False,2022-12-14,2023-01-03,False
2023-02-19,아바타: 물의 길,20225061,6,392.0,507.0,12583.0,6.986276955979326,,,,,,,,,,,,0.06986276955979326,,,,,,,,,,,,False,2022-12-14,2023-01-03,False
2023-02-20,아바타: 물의 길,20225061,4,358.0,472.0,4231.0,7.191643230212937,,,,,,,,,,,,0.07191643230212937,,,,,,,,,,,,False,2022-12-14,2023-01-03,False
2023-02-21,아바타: 물의 길,20225061,5,378.0,492.0,4551.0,7.411764705882352,,,,,,,,,,,,0.07411764705882352,,,,,,,,,,,,False,2022-12-14,2023-01-03,False
2023-02-22,아바타: 물의 길,20225061,10,221.0,273.0,3095.0,4.470969047137366,,,,,,,,,,,,0.04470969047137366,,,,,,,,,,,,False,2022-12-14,2023-01-03,False
2023-02-23,아바타: 물의 길,20225061,9,217.0,268.0,2670.0,4.426764585883313,,,,,,,,,,,,0.04426764585883313,,,,,,,,,,,,False,2022-12-14,2023-01-03,False
2023-02-24,아바타: 물의 길,20225061,9,223.0,283.0,3232.0,4.379418695993715,,,,,,,,,,,,0.043794186959937156,,,,,,,,,,,,False,2022-12-14,2023-01-03,False
2023-02-25,아바타: 물의 길,20225061,10,227.0,297.0,6818.0,4.235864900167942,,,,,,,,,,,,0.042358649001679426,,,,,,,,,,,,False,2022-12-14,2023-01-03,False
2023-02-26,아바타: 물의 길,20225061,9,220.0,285.0,6557.0,4.110612855007474,,,,,,,,,,,,0.04110612855007474,,,,,,,,,,,,False,2022-12-14,2023-01-03,False
2023-02-27,아바타: 물의 길,20225061,9,223.0,294.0,2818.0,4.706627268889827,,,,,,,,,,,,0.04706627268889827,,,,,,,,,,,,False,2022-12-14,2023-01-03,False
2023-02-28,아바타: 물의 길,20225061,9,212.0,278.0,3453.0,4.404737170164139,,,,,,,,,,,,0.044047371701641386,,,,,,,,,,,,False,2022-12-14,2023-01-03,False
2025-10-01,아바타: 물의 길,20225061,8,123.0,162.0,2092.0,2.3321956769055743,,,,,,,,,,,,0.023321956769055744,,,,,,,,,,,,False,2022-12-14,2023-01-03,False
2025-10-02,아바타: 물의 길,20225061,9,121.0,164.0,2359.0,2.231648838067134,,,,,,,,,,,,0.02231648838067134,,,,,,,,,,,,False,2022-12-14,2023-01-03,False
2025-12-17,아바타: 불과 재,20256396,1,2582.0,8143.0,265031.0,51.47527910685805,2025-12-17,22.9,64.55,67.21962635789991,2.669626357899915,69.67037935684675,1159228.0,265031.0,266411.0,1724538.0,380407.0,0.5147527910685805,0.6721962635789991,0.6967037935684676,0.22899999999999998,0.9648236019156109,0.73884022998074,1.0364588905314382,1.3534725904490448,0.3968744019138756,39.68744019138756,-18.1951002499887,-2.4507529989468395,True,2025-12-17,2025-12-30,True
2025-12-18,아바타: 불과 재,20256396,1,2535.0,7819.0,179034.0,50.32757593805837,2025-12-17,16.0,62.88,65.26395671917649,2.3839567191764885,60.89488274008945,1119720.0,179034.0,445445.0,1715679.0,294005.0,0.5032757593805837,0.6526395671917649,0.6089488274008945,0.16,1.0717478018265516,0.8264664233424294,0.9330553310169858,1.2099705103030791,0.4227516378796903,42.27516378796903,-10.567306802031084,4.369073979087041,True,2025-12-17,2025-12-30,True
2025-12-19,아바타: 불과 재,20256396,1,2514.0,8034.0,246179.0,48.74927283304247,2025-12-17,21.3,61.96,64.100607685146,2.1406076851460014,61.99592534671069,1155991.0,246179.0,691624.0,1803401.0,397089.0,0.4874927283304247,0.64100607685146,0.6199592534671069,0.213,1.0339487204467863,0.7863302718753428,0.9671659534216392,1.271730258603767,0.38365677719604424,38.36567771960443,-13.246652513668224,2.1046823384353104,True,2025-12-17,2025-12-30,True
2025-12-20,아바타: 불과 재,20256396,1,2385.0,8029.0,548560.0,44.33085501858736,2025-12-17,47.4,57.11,58.892814356928405,1.7828143569284052,63.06882200096576,1156712.0,548560.0,1240184.0,1964097.0,869780.0,0.44330855018587356,0.588928143569284,0.6306882200096576,0.474,0.9337864968530185,0.702896512287934,1.0709086106622119,1.4226845382188504,0.2331802973977695,23.31802973977695,-18.737966982378403,-4.176007644037355,True,2025-12-17,2025-12-30,True
2025-12-21,아바타: 불과 재,20256396,1,2369.0,7723.0,505234.0,44.30521787918459,2025-12-17,45.7,56.44,58.270049950723504,1.830049950723506,62.24684659377918,1106240.0,505234.0,1745418.0,1898471.0,811662.0,0.4430521787918459,0.582700499507235,0.6224684659377918,0.457,0.9361124802191487,0.7117664637426365,1.0682476957960167,1.4049552078384857,0.24057733308397228,24.05773330839723,-17.941628714594593,-3.9767966430556783,True,2025-12-17,2025-12-30,True
2025-12-22,아바타: 불과 재,20256396,1,2249.0,6922.0,152241.0,47.32744107744108,2025-12-17,15.2,56.87,58.84404258387711,1.9740425838771145,61.71498759546626,999622.0,152241.0,1897659.0,1698765.0,246684.0,0.4732744107744108,0.5884404258387711,0.6171498759546626,0.152,0.9534805867513443,0.7668711105909364,1.048789051287509,1.304000093613409,0.4013367003367003,40.13367003367003,-14.387546518025182,-2.87094501158915,True,2025-12-17,2025-12-30,True
2025-12-23,아바타: 불과 재,20256396,1,2280.0,6935.0,145797.0,46.86536485097636,2025-12-17,14.6,56.64,58.74747146780448,2.10747146780448,61.01697043252632,998764.0,145797.0,2043456.0,1700097.0,238945.0,0.46865364850976365,0.5874747146780448,0.6101697043252632,0.146,0.9628054466055228,0.7680709894110679,1.038631432264546,1.3019629875185987,0.40023021582733814,40.02302158273381,-14.151605581549958,-2.2694989647218407,True,2025-12-17,2025-12-30,True
2025-12-24,아바타: 불과 재,20256396,1,2050.0,6465.0,299139.0,36.93028283192218,2025-12-17,31.7,45.29,47.06461107036499,1.7746110703649904,53.621536161585745,945232.0,299139.0,2342595.0,2008371.0,557871.0,0.3693028283192218,0.4706461107036499,0.5362153616158575,0.317,0.8777184400039977,0.6887210899858346,1.1393175241885602,1.4519665718681096,0.2522338317420285,25.22338317420285,-16.691253329663567,-6.556925091220755,True,2025-12-17,2025-12-30,True
2025-12-25,아바타: 불과 재,20256396,1,1998.0,6384.0,640291.0,34.56747404844291,2025-12-17,69.6,42.1,43.49947212478289,1.3994721247828892,47.233904431698726,919638.0,640291.0,2982886.0,2114136.0,1355575.0,0.3456747404844291,0.4349947212478289,0.47233904431698726,0.696,0.920937463208956,0.7318360500650173,1.085850060345634,1.3664262643404335,0.10508512110726646,10.508512110726647,-12.666430383255815,-3.734432306915835,True,2025-12-17,2025-12-30,True
2025-12-26,아바타: 불과 재,20256396,1,2034.0,6322.0,271858.0,35.380066098451906,2025-12-17,29.6,44.08,45.67931183958831,1.5993118395883101,57.36623204522483,918896.0,271858.0,3254744.0,2011624.0,473899.0,0.35380066098451907,0.4567931183958831,0.5736623204522483,0.29600000000000004,0.7962752687604948,0.6167402814701153,1.2558471162323415,1.6214280630678344,0.2490756653331014,24.907566533310142,-21.98616594677292,-11.686920205636518,True,2025-12-17,2025-12-30,True
2025-12-27,아바타: 불과 재,20256396,1,2001.0,6478.0,416651.0,35.111423056676614,2025-12-17,44.3,43.63,45.14245766929644,1.5124576692964382,55.919027992328516,941492.0,416651.0,3671395.0,2085602.0,745097.0,0.35111423056676616,0.45142457669296443,0.5591902799232852,0.44299999999999995,0.8072825885938056,0.6278975925957354,1.2387236069861065,1.5926163944441787,0.19557062642568876,19.557062642568876,-20.807604935651902,-10.776570323032075,True,2025-12-17,2025-12-30,True
2025-12-28,아바타: 불과 재,20256396,1,1976.0,6201.0,364963.0,35.374149659863946,2025-12-17,40.7,43.22,44.6815478875788,1.4615478875788028,54.991968851801964,896340.0,364963.0,4036358.0,2006063.0,663666.0,0.35374149659863946,0.44681547887578804,0.5499196885180196,0.40700000000000003,0.8125104232581898,0.6432602868828693,1.2307534418942858,1.55458065792594,0.2097687074829932,20.97687074829932,-19.61781919193802,-10.310420964223162,True,2025-12-17,2025-12-30,True
2025-12-29,아바타: 불과 재,20256396,1,1875.0,5663.0,138756.0,37.2985876268152,2025-12-17,16.6,43.73,45.32210077844773,1.5921007784477297,52.23971628001536,835706.0,138756.0,4175114.0,1843926.0,265614.0,0.372985876268152,0.45322100778447727,0.5223971628001536,0.166,0.8675793822369205,0.7139890926452833,1.152632278353196,1.4005816199447316,0.31107022080763874,31.107022080763873,-14.94112865320016,-6.9176155015676315,True,2025-12-17,2025-12-30,True
2025-12-30,아바타: 불과 재,20256396,1,1897.0,5732.0,138613.0,36.25764525993883,2025-12-17,16.4,43.67,45.434449703510495,1.7644497035104934,50.59754993575517,842904.0,138613.0,4313727.0,1855209.0,273952.0,0.3625764525993883,0.45434449703510493,0.5059754993575517,0.16399999999999998,0.8979575050807721,0.7165889515594326,1.113638445407335,1.3955001648069114,0.30311391437308866,30.311391437308867,-14.339904675816335,-5.163100232244673,True,2025-12-17,2025-12-30,True
2025-12-31,아바타: 불과 재,20256396,1,1857.0,5445.0,255811.0,29.683503836317136,,,,,,,,,,,,0.2968350383631714,,,,,,,,,,,,False,2025-12-17,2025-12-30,False
2025-04-07,야당,20232394,7,5.0,7.0,1223.0,0.134661998384056,,,,,,,,,,,,0.0013466199838405599,,,,,,,,,,,,False,2025-04-16,2025-04-29,False
2025-04-08,야당,20232394,4,26.0,26.0,6025.0,0.6799163179916319,,,,,,,,,,,,0.006799163179916318,,,,,,,,,,,,False,2025-04-16,2025-04-29,False
2025-04-09,야당,20232394,7,28.0,28.0,5007.0,0.7510729613733905,,,,,,,,,,,,0.0075107296137339056,,,,,,,,,,,,False,2025-04-16,2025-04-29,False
2025-04-10,야당,20232394,5,22.0,22.0,3994.0,0.5615109749872383,,,,,,,,,,,,0.005615109749872383,,,,,,,,,,,,False,2025-04-16,2025-04-29,False
2025-04-15,야당,20232394,6,10.0,10.0,2315.0,0.2880184331797235,,,,,,,,,,,,0.0028801843317972347,,,,,,,,,,,,False,2025-04-16,2025-04-29,False
2025-04-16,야당,20232394,1,1683.0,6786.0,85705.0,44.500264410364885,2025-04-16,8.3,56.35,62.60418546839468,6.254185468394681,73.12151797216937,1037064.0,85705.0,104548.0,1656541.0,117209.0,0.44500264410364887,0.6260418546839468,0.7312151797216937,0.083,0.8561663817239452,0.6085796034390594,1.1679972740653946,1.6431704157501161,0.408067424643046,40.806742464304605,-28.621253561804487,-10.51733250377469,True,2025-04-16,2025-04-29,True
2025-04-17,야당,20232394,1,1689.0,6709.0,73742.0,42.9006858013716,2025-04-16,7.2,56.3,62.47235573830549,6.172355738305491,69.51218362633738,1019765.0,73742.0,178290.0,1632346.0,106085.0,0.429006858013716,0.6247235573830549,0.6951218362633738,0.07200000000000001,0.8987252662659186,0.6171678627157531,1.1126870886303932,1.6203047183948505,0.3981183642367284,39.811836423672844,-26.611497824965774,-7.039827888031887,True,2025-04-16,2025-04-29,True
2025-04-18,야당,20232394,1,1746.0,7342.0,107265.0,41.55164207520228,2025-04-16,9.6,56.36,62.72729831197267,6.367298311972668,72.42203482523243,1114432.0,107265.0,285555.0,1776630.0,148111.0,0.41551642075202283,0.6272729831197267,0.7242203482523243,0.096,0.8661355409765146,0.5737430904209467,1.1545537074631085,1.7429403799291334,0.3756268443598286,37.56268443598286,-30.87039275003015,-9.694736513259762,True,2025-04-16,2025-04-29,True
2025-04-19,야당,20232394,1,1850.0,8162.0,263212.0,43.30524344569288,2025-04-16,21.4,55.22,61.60655757422676,6.386557574226764,73.29054533810405,1229280.0,263212.0,548767.0,1995372.0,359135.0,0.4330524344569288,0.6160655757422676,0.7329054533810405,0.214,0.8405798768452779,0.5908708039477271,1.1896549364862632,1.6924173496453,0.34037921348314604,34.037921348314605,-29.985301892411172,-11.68398776387729,True,2025-04-16,2025-04-29,True
2025-04-20,야당,20232394,1,1837.0,7821.0,239706.0,40.17056636781107,2025-04-16,20.4,55.7,62.09573132885928,6.395731328859277,76.22951601670202,1174542.0,239706.0,788473.0,1891502.0,314453.0,0.40170566367811067,0.6209573132885928,0.7622951601670203,0.204,0.8145890801045358,0.5269686660349466,1.2276128227396204,1.8976460356253584,0.3197577082877761,31.975770828777613,-36.05894964889095,-14.133784687842741,True,2025-04-16,2025-04-29,True
2025-04-21,야당,20232394,1,1654.0,6589.0,82246.0,44.63032919589855,2025-04-16,8.5,57.32,63.82786099614053,6.507860996140529,77.26183878028388,972930.0,82246.0,870719.0,1524303.0,106451.0,0.4463032919589855,0.6382786099614053,0.7726183878028388,0.085,0.826124021946375,0.5776503627206913,1.2104720035182701,1.7311509946779444,0.40836751214247174,40.83675121424717,-32.631509584385334,-13.433977784143352,True,2025-04-16,2025-04-29,True
2025-04-22,야당,20232394,1,1677.0,6684.0,91358.0,43.154915079773545,2025-04-16,9.3,57.22,63.83026796241567,6.610267962415669,79.25428551599694,983124.0,91358.0,962077.0,1540216.0,115272.0,0.4315491507977354,0.6383026796241567,0.7925428551599694,0.09300000000000001,0.8053856967713369,0.5445120702155976,1.2416411217741274,1.836506580293167,0.39141507977354606,39.14150797735461,-36.099370436223396,-15.424017553581272,True,2025-04-16,2025-04-29,True
2025-04-23,야당,20232394,1,1718.0,6830.0,78725.0,45.55820737204985,2025-04-16,8.0,55.45,63.0827126246526,7.632712624652598,75.23126027292535,987845.0,78725.0,1040802.0,1565952.0,104644.0,0.4555820737204985,0.630827126246526,0.7523126027292535,0.08,0.838517291825233,0.6055754909165811,1.1925812499623727,1.6513217839883674,0.4191355078228587,41.91355078228587,-29.673052900875504,-12.148547648272753,True,2025-04-16,2025-04-29,True
2025-04-24,야당,20232394,1,1756.0,6827.0,74461.0,47.15359828141783,2025-04-16,7.6,55.14,62.73002429005634,7.590024290056341,67.68074315112072,986530.0,74461.0,1115263.0,1572660.0,110018.0,0.4715359828141783,0.6273002429005634,0.6768074315112073,0.076,0.9268518838510654,0.6967062725084309,1.0789210416717334,1.4353250996285511,0.43569924812030075,43.569924812030074,-20.527144869702894,-4.950718861064381,True,2025-04-16,2025-04-29,True
2025-04-25,야당,20232394,1,1798.0,7455.0,108658.0,45.49595141700405,2025-04-16,10.0,55.34,63.04065740167761,7.70065740167761,74.78646302936865,1082908.0,108658.0,1223921.0,1717793.0,145291.0,0.4549595141700405,0.6304065740167761,0.7478646302936864,0.1,0.8429420893580908,0.6083447401321519,1.1863211157975402,1.6438047936154887,0.40946356275303647,40.94635627530365,-29.290511612364597,-11.745805627691034,True,2025-04-16,2025-04-29,True
2025-04-26,야당,20232394,1,1765.0,7097.0,220908.0,36.49710504549214,2025-04-16,21.8,43.04,45.96261920013811,2.922619200138108,48.85550881755815,1011697.0,220908.0,1444829.0,2201130.0,452166.0,0.3649710504549214,0.45962619200138105,0.4885550881755815,0.218,0.9407868286005779,0.7470417549387075,1.0629400514540597,1.338613261426126,0.2854073614557485,28.54073614557485,-12.358403772066012,-2.892889617420046,True,2025-04-16,2025-04-29,True
2025-04-27,야당,20232394,1,1742.0,6718.0,191882.0,35.54376657824933,2025-04-16,20.1,42.74,45.73553504245311,2.995535042453106,49.43615850940766,953912.0,191882.0,1636711.0,2085713.0,388141.0,0.3554376657824933,0.45735535042453107,0.4943615850940766,0.201,0.9251433853572921,0.7189831825522078,1.0809135273812698,1.3908531162721411,0.2839946949602121,28.39946949602121,-13.892391931158329,-3.7006234669545535,True,2025-04-16,2025-04-29,True
2025-04-28,야당,20232394,1,1569.0,6037.0,65681.0,38.72161895360316,2025-04-16,7.7,47.16,51.44350074301386,4.28350074301386,61.96437668635257,851606.0,65681.0,1702392.0,1655420.0,105998.0,0.3872161895360316,0.5144350074301386,0.6196437668635257,0.077,0.8302108968739792,0.6249012904559961,1.2045132191896462,1.6002527363486336,0.35740054294175716,35.740054294175714,-23.24275773274941,-10.520875943338716,True,2025-04-16,2025-04-29,True
2025-04-29,야당,20232394,1,1604.0,5992.0,58474.0,38.94149065307113,2025-04-16,6.9,47.44,52.106895833829384,4.666895833829386,60.14544182841156,853475.0,58474.0,1760866.0,1637931.0,97221.0,0.38941490653071126,0.5210689583382938,0.6014544182841156,0.069,0.8663482094367968,0.6474553926159023,1.154270291214763,1.5445079481996713,0.3625452779800922,36.25452779800922,-21.203951175340435,-8.03854599458218,True,2025-04-16,2025-04-29,True
2025-04-30,야당,20232394,3,1059.0,3344.0,80931.0,20.159908623643634,,,,,,,,,,,,0.20159908623643635,,,,,,,,,,,,False,2025-04-16,2025-04-29,False
2025-05-01,야당,20232394,1,1152.0,3442.0,146882.0,18.78056732963808,,,,,,,,,,,,0.18780567329638082,,,,,,,,,,,,False,2025-04-16,2025-04-29,False
2025-05-02,야당,20232394,1,1193.0,3715.0,88874.0,20.740611961057024,,,,,,,,,,,,0.20740611961057023,,,,,,,,,,,,False,2025-04-16,2025-04-29,False
2025-05-03,야당,20232394,1,1405.0,4239.0,151949.0,21.20754716981132,,,,,,,,,,,,0.2120754716981132,,,,,,,,,,,,False,2025-04-16,2025-04-29,False
2025-05-04,야당,20232394,1,1421.0,4376.0,150343.0,21.278825995807125,,,,,,,,,,,,0.21278825995807124,,,,,,,,,,,,False,2025-04-16,2025-04-29,False
2025-05-05,야당,20232394,2,1441.0,4315.0,171926.0,20.668387837062536,,,,,,,,,,,,0.20668387837062535,,,,,,,,,,,,False,2025-04-16,2025-04-29,False
2025-05-06,야당,20232394,1,1397.0,4284.0,121340.0,20.985428871864205,,,,,,,,,,,,0.20985428871864203,,,,,,,,,,,,False,2025-04-16,2025-04-29,False
2025-05-07,야당,20232394,1,971.0,3243.0,34587.0,19.29650238473768,,,,,,,,,,,,0.1929650238473768,,,,,,,,,,,,False,2025-04-16,2025-04-29,False
2025-05-08,야당,20232394,1,1005.0,3257.0,31787.0,19.9642431466031,,,,,,,,,,,,0.199642431466031,,,,,,,,,,,,False,2025-04-16,2025-04-29,False
2025-05-09,야당,20232394,1,1091.0,3734.0,51585.0,19.248412138320397,,,,,,,,,,,,0.19248412138320398,,,,,,,,,,,,False,2025-04-16,2025-04-29,False
2025-05-10,야당,20232394,1,1150.0,4049.0,107982.0,17.670559311616472,,,,,,,,,,,,0.1767055931161647,,,,,,,,,,,,False,2025-04-16,2025-04-29,False
2025-05-11,야당,20232394,1,1132.0,3892.0,82863.0,17.6049766718507,,,,,,,,,,,,0.176049766718507,,,,,,,,,,,,False,2025-04-16,2025-04-29,False
2025-05-12,야당,20232394,1,1011.0,3439.0,28690.0,20.23618895116093,,,,,,,,,,,,0.2023618895116093,,,,,,,,,,,,False,2025-04-16,2025-04-29,False
2025-05-13,야당,20232394,1,1037.0,3379.0,25579.0,22.191311791140595,,,,,,,,,,,,0.22191311791140594,,,,,,,,,,,,False,2025-04-16,2025-04-29,False
2025-05-14,야당,20232394,1,1055.0,3568.0,27555.0,22.523484201537148,,,,,,,,,,,,0.22523484201537147,,,,,,,,,,,,False,2025-04-16,2025-04-29,False
2025-05-15,야당,20232394,1,1072.0,3605.0,28998.0,22.20381110190555,,,,,,,,,,,,0.22203811101905552,,,,,,,,,,,,False,2025-04-16,2025-04-29,False
2025-05-16,야당,20232394,1,1087.0,3914.0,38909.0,23.30117899249732,,,,,,,,,,,,0.2330117899249732,,,,,,,,,,,,False,2025-04-16,2025-04-29,False
2025-05-17,야당,20232394,2,723.0,1730.0,42905.0,12.719915552427867,,,,,,,,,,,,0.12719915552427868,,,,,,,,,,,,False,2025-04-16,2025-04-29,False
2025-05-18,야당,20232394,2,725.0,1713.0,35029.0,13.00681736634374,,,,,,,,,,,,0.1300681736634374,,,,,,,,,,,,False,2025-04-16,2025-04-29,False
2025-05-19,야당,20232394,2,633.0,1794.0,14151.0,12.705740666399038,,,,,,,,,,,,0.12705740666399037,,,,,,,,,,,,False,2025-04-16,2025-04-29,False
2025-05-20,야당,20232394,2,657.0,1761.0,12485.0,13.064227480612448,,,,,,,,,,,,0.13064227480612448,,,,,,,,,,,,False,2025-04-16,2025-04-29,False
2025-05-21,야당,20232394,3,622.0,1609.0,12177.0,12.611516626115163,,,,,,,,,,,,0.12611516626115163,,,,,,,,,,,,False,2025-04-16,2025-04-29,False
2025-05-22,야당,20232394,3,616.0,1538.0,10899.0,12.487330225015205,,,,,,,,,,,,0.12487330225015204,,,,,,,,,,,,False,2025-04-16,2025-04-29,False
2025-05-23,야당,20232394,3,652.0,1653.0,13776.0,12.62098335269067,,,,,,,,,,,,0.1262098335269067,,,,,,,,,,,,False,2025-04-16,2025-04-29,False
2025-05-24,야당,20232394,3,690.0,1570.0,26858.0,12.126537785588752,,,,,,,,,,,,0.12126537785588752,,,,,,,,,,,,False,2025-04-16,2025-04-29,False
2025-05-25,야당,20232394,3,660.0,1463.0,21306.0,11.83431952662722,,,,,,,,,,,,0.11834319526627221,,,,,,,,,,,,False,2025-04-16,2025-04-29,False
2025-05-26,야당,20232394,3,607.0,1489.0,9027.0,13.276465441819774,,,,,,,,,,,,0.13276465441819774,,,,,,,,,,,,False,2025-04-16,2025-04-29,False
2025-05-27,야당,20232394,3,612.0,1433.0,7550.0,13.350785340314136,,,,,,,,,,,,0.13350785340314136,,,,,,,,,,,,False,2025-04-16,2025-04-29,False
2025-05-28,야당,20232394,4,641.0,1385.0,10092.0,12.482960077896786,,,,,,,,,,,,0.12482960077896786,,,,,,,,,,,,False,2025-04-16,2025-04-29,False
2025-05-29,야당,20232394,4,612.0,1328.0,7454.0,13.144329896907218,,,,,,,,,,,,0.13144329896907217,,,,,,,,,,,,False,2025-04-16,2025-04-29,False
2025-05-30,야당,20232394,7,314.0,428.0,3487.0,5.897821187077385,,,,,,,,,,,,0.05897821187077385,,,,,,,,,,,,False,2025-04-16,2025-04-29,False
2025-05-31,야당,20232394,10,284.0,359.0,5418.0,4.969378827646544,,,,,,,,,,,,0.04969378827646544,,,,,,,,,,,,False,2025-04-16,2025-04-29,False
2025-06-01,야당,20232394,8,265.0,342.0,4388.0,4.486202810225157,,,,,,,,,,,,0.04486202810225157,,,,,,,,,,,,False,2025-04-16,2025-04-29,False
2025-06-02,야당,20232394,7,254.0,315.0,2158.0,4.628279883381924,,,,,,,,,,,,0.04628279883381924,,,,,,,,,,,,False,2025-04-16,2025-04-29,False
2024-06-12,인사이드 아웃 2,20235974,1,2177.0,10241.0,194831.0,38.38152327221439,2024-06-12,12.1,63.11,66.71105823434512,3.6010582343451176,75.54605133056995,1606479.0,194831.0,196487.0,2408115.0,257897.0,0.38381523272214385,0.6671105823434512,0.7554605133056995,0.121,0.883051556757544,0.5080546580027959,1.1324367103455162,1.9682921596095213,0.3373735895627644,33.737358956276445,-37.164528058355565,-8.834993096224835,True,2024-06-12,2024-07-02,True
2024-06-13,인사이드 아웃 2,20235974,1,2129.0,10153.0,135763.0,41.590154327017,2024-06-12,8.5,63.88,67.40543776305319,3.5254377630531835,69.99644251045335,1600075.0,135763.0,332250.0,2373807.0,193957.0,0.41590154327017,0.6740543776305319,0.6999644251045335,0.085,0.9629837652533096,0.5941752585612601,1.0384391057069933,1.683005116068627,0.38054991209220557,38.05499120922056,-28.406288183436352,-2.591004747400163,True,2024-06-12,2024-07-02,True
2024-06-14,인사이드 아웃 2,20235974,1,2215.0,11133.0,242059.0,41.95870430005683,2024-06-12,13.8,65.42,69.11578894167593,3.6957889416759286,78.34410571934401,1750432.0,242059.0,574309.0,2532608.0,308969.0,0.4195870430005683,0.6911578894167593,0.7834410571934401,0.138,0.8822078994592504,0.5355693822119507,1.1335196619900483,1.8671717114781807,0.3616840310664899,36.16840310664899,-36.385401419287184,-9.228316777668084,True,2024-06-12,2024-07-02,True
2024-06-15,인사이드 아웃 2,20235974,1,2587.0,14095.0,777041.0,44.4272711660656,2024-06-12,36.6,72.25,76.05754438187373,3.8075443818737256,86.65842878826237,2125854.0,777041.0,1351350.0,2795060.0,896671.0,0.444272711660656,0.7605754438187372,0.8665842878826236,0.366,0.8776704752830171,0.5126710902480976,1.1393797879295597,1.9505683449325542,0.2816688991928559,28.16688991928559,-42.23115762219677,-10.600884406388644,True,2024-06-12,2024-07-02,True
2024-06-16,인사이드 아웃 2,20235974,1,2619.0,13817.0,731319.0,45.555748825882766,2024-06-12,35.3,73.24,77.08591142471279,3.8459114247127957,89.57149366046758,2073093.0,731319.0,2082669.0,2689328.0,816464.0,0.45555748825882764,0.7708591142471279,0.8957149366046758,0.353,0.8606076361405447,0.5085965072612026,1.1619697037369667,1.9661951777549755,0.2947456949034615,29.47456949034615,-44.015744834584815,-12.48558223575479,True,2024-06-12,2024-07-02,True
2024-06-17,인사이드 아웃 2,20235974,1,2109.0,10343.0,139876.0,42.75288870869653,2024-06-12,8.7,66.85,70.72330031686708,3.8733003168670876,74.44449766622493,1616828.0,139876.0,2222545.0,2286132.0,187893.0,0.4275288870869653,0.7072330031686708,0.7444449766622493,0.087,0.9500138026850286,0.5742921243203349,1.0526162853357448,1.7412740966689788,0.3903338739103993,39.03338739103993,-31.691608957528402,-3.721197349357851,True,2024-06-12,2024-07-02,True
2024-06-18,인사이드 아웃 2,20235974,1,2143.0,10295.0,130699.0,43.06672025723473,2024-06-12,8.1,66.31,70.44173963734437,4.131739637344367,70.96341582599442,1604722.0,130699.0,2353244.0,2278084.0,184178.0,0.43066720257234725,0.7044173963734437,0.7096341582599441,0.081,0.9926486601218687,0.6068862350543598,1.0074057823008886,1.6477552830151574,0.39578315916398715,39.578315916398715,-27.89669556875969,-0.5216761886500478,True,2024-06-12,2024-07-02,True
2024-06-19,인사이드 아웃 2,20235974,1,2090.0,10093.0,143105.0,44.686765020312166,,,,,,,,,,,,0.44686765020312164,,,,,,,,,,,,False,2024-06-12,2024-07-02,True
2024-06-20,인사이드 아웃 2,20235974,1,2076.0,10030.0,140314.0,43.494657448145816,2024-06-12,9.0,64.61,74.29204049371343,9.68204049371343,77.91066986496091,1561219.0,140314.0,2636663.0,2101462.0,180096.0,0.4349465744814582,0.7429204049371343,0.7791066986496091,0.09,0.9535541232347317,0.5582631688770379,1.0487081704473267,1.7912698808548095,0.39580138277812693,39.580138277812694,-34.41601241681509,-3.6186293712474793,True,2024-06-12,2024-07-02,True
2024-06-21,인사이드 아웃 2,20235974,1,1901.0,9588.0,214873.0,41.47033158813264,2024-06-12,14.6,54.73,59.601016944360865,4.871016944360868,64.45152330474794,1475748.0,214873.0,2851536.0,2476045.0,333387.0,0.41470331588132636,0.5960101694436086,0.6445152330474794,0.146,0.9247417886858579,0.6434344676703343,1.0813829462828655,1.554159825507441,0.3541566317626527,35.41566317626527,-22.9811917166153,-4.850506360387072,True,2024-06-12,2024-07-02,True
2024-06-22,인사이드 아웃 2,20235974,1,2410.0,12769.0,669250.0,50.74752579490419,2024-06-12,35.3,64.6,69.18988675922633,4.5898867592263315,73.66140956624244,1898493.0,669250.0,3520786.0,2743888.0,908549.0,0.5074752579490419,0.6918988675922633,0.7366140956624244,0.353,0.939296263357614,0.68892960498221,1.0646268264981638,1.4515271121580304,0.3283364918930301,32.83364918930301,-22.91388377133825,-4.471522807016115,True,2024-06-12,2024-07-02,True
2024-06-23,인사이드 아웃 2,20235974,1,2387.0,12314.0,593565.0,49.79140592407176,2024-06-12,32.3,65.17,69.95277944223095,4.782779442230947,74.18978255462383,1837535.0,593565.0,4114351.0,2626822.0,800063.0,0.49791405924071763,0.6995277944223095,0.7418978255462383,0.32299999999999995,0.9428896680041717,0.6711356228522677,1.0605694748111034,1.4900118037991896,0.3370878181059659,33.70878181059659,-24.39837663055207,-4.237003112392884,True,2024-06-12,2024-07-02,True
2024-06-24,인사이드 아웃 2,20235974,1,1792.0,8811.0,120345.0,40.69952305246423,2024-06-12,8.7,56.54,61.66012428311001,5.120124283110009,59.23597916933285,1390146.0,120345.0,4234696.0,2254530.0,203162.0,0.4069952305246423,0.6166012428311001,0.5923597916933285,0.087,1.0409235256641485,0.687074369719119,0.9606853676997668,1.4554465194339985,0.37158664546899844,37.15866454689984,-18.53645611686862,2.4241451137771577,True,2024-06-12,2024-07-02,True
2024-06-25,인사이드 아웃 2,20235974,1,1813.0,8607.0,104897.0,39.95152049360952,2024-06-12,7.7,55.33,61.1836068067495,5.853606806749504,56.260123357468494,1359482.0,104897.0,4339593.0,2221971.0,186450.0,0.3995152049360952,0.611836068067495,0.562601233574685,0.077,1.087512844897227,0.710121452094292,0.9195293689560997,1.408209816857099,0.3687525341560159,36.87525341560159,-16.308602863858972,4.923483449281008,True,2024-06-12,2024-07-02,True
2024-06-26,인사이드 아웃 2,20235974,1,1550.0,6871.0,184815.0,31.174577634754623,2024-06-12,17.1,40.55,42.58118074284781,2.031180742847816,41.03188593706291,1082288.0,184815.0,4524408.0,2541705.0,450418.0,0.31174577634754624,0.42581180742847813,0.4103188593706291,0.171,1.0377583133312784,0.7597646786835974,0.9636155038738532,1.3161970121230762,0.2584372485921158,25.84372485921158,-9.857308302308287,1.5492948057849034,True,2024-06-12,2024-07-02,True
2024-06-27,인사이드 아웃 2,20235974,1,1463.0,6595.0,100720.0,30.352697095435683,2024-06-12,9.7,39.61,42.02220397193979,2.412203971939789,40.77617233519698,1040753.0,100720.0,4625128.0,2476674.0,247007.0,0.3035269709543568,0.42022203971939787,0.4077617233519698,0.09699999999999999,1.0305578372216968,0.7443733768320374,0.9703482559464316,1.3434118294986293,0.27408485477178424,27.408485477178424,-10.423475239761299,1.2460316367428064,True,2024-06-12,2024-07-02,True
2024-06-28,인사이드 아웃 2,20235974,1,1566.0,7275.0,164568.0,31.490046249748644,2024-06-12,14.4,41.02,43.33269327391153,2.3126932739115276,46.9940517834655,1141891.0,164568.0,4789696.0,2635172.0,350189.0,0.31490046249748643,0.4333269327391153,0.469940517834655,0.14400000000000002,0.9220888948579192,0.6700857886194903,1.0844941367112828,1.4923462293689267,0.26955479589784836,26.955479589784836,-15.504005533716857,-3.6613585095539705,True,2024-06-12,2024-07-02,True
2024-06-29,인사이드 아웃 2,20235974,1,1925.0,9421.0,436598.0,35.14697827277707,2024-06-12,29.7,49.24,51.96055304949966,2.7205530494996566,54.77186023200995,1469234.0,436598.0,5226294.0,2827595.0,797121.0,0.3514697827277707,0.5196055304949966,0.5477186023200995,0.297,0.948672417358078,0.6416977280650468,1.0541046431863828,1.5583661220297065,0.2470832572576228,24.708325725762283,-19.62488195923288,-2.8113071825102907,True,2024-06-12,2024-07-02,True
2024-06-30,인사이드 아웃 2,20235974,1,1917.0,9086.0,412539.0,34.76605005440697,2024-06-12,29.1,49.27,52.07386108893877,2.803861088938767,53.976903994305815,1416986.0,412539.0,5638833.0,2721108.0,764288.0,0.34766050054406966,0.5207386108893877,0.5397690399430581,0.29100000000000004,0.9647433853270316,0.6440912220173751,1.0365450701286922,1.5525751101961516,0.24649129488574537,24.649129488574538,-19.210853939898847,-1.9030429053670446,True,2024-06-12,2024-07-02,True
2024-07-01,인사이드 아웃 2,20235974,1,1424.0,6539.0,82143.0,31.09849312076873,2024-06-12,7.7,42.2,44.6578718136327,2.4578718136327,38.58979056853736,1069945.0,82143.0,5720976.0,2395871.0,212862.0,0.3109849312076873,0.44657871813632705,0.3858979056853736,0.077,1.1572457677456978,0.8058735915017803,0.8641206802147042,1.2408894031835151,0.28703909150469537,28.703909150469535,-7.4912974477686305,6.0680812450953425,True,2024-06-12,2024-07-02,True
2024-07-02,인사이드 아웃 2,20235974,1,1437.0,6350.0,83386.0,30.12578616352201,2024-06-12,8.0,41.13,43.68840935567099,2.558409355670989,40.136313096550296,1037314.0,83386.0,5804362.0,2374346.0,207757.0,0.3012578616352201,0.43688409355670993,0.40136313096550297,0.08,1.0885008109881922,0.7505867838695756,0.9186947679829041,1.3322909775264087,0.2771572327044025,27.71572327044025,-10.010526933028284,3.5520962591206953,True,2024-06-12,2024-07-02,True
2024-07-03,인사이드 아웃 2,20235974,2,1114.0,4687.0,105687.0,21.00697718272676,2024-06-12,15.4,25.07,26.239927033521653,1.1699270335216525,32.687038010701144,685860.0,105687.0,5910049.0,2613803.0,323330.0,0.2100697718272676,0.26239927033521654,0.3268703801070114,0.154,0.8027624596921623,0.6426699530208109,1.2456985100965894,1.5560086406709888,0.1777190269658684,17.77190269658684,-11.680060827974383,-6.447110977179491,True,2024-06-12,2024-07-02,False
2024-07-04,인사이드 아웃 2,20235974,1,1144.0,4745.0,101449.0,21.953559777393973,,,,,,,,,,,,0.21953559777393974,,,,,,,,,,,,False,2024-06-12,2024-07-02,False
2024-07-05,인사이드 아웃 2,20235974,1,1263.0,5435.0,183570.0,23.48020078081428,,,,,,,,,,,,0.23480200780814278,,,,,,,,,,,,False,2024-06-12,2024-07-02,False
2024-07-06,인사이드 아웃 2,20235974,1,1664.0,7522.0,390084.0,29.928057553956837,,,,,,,,,,,,0.2992805755395684,,,,,,,,,,,,False,2024-06-12,2024-07-02,False
2024-07-07,인사이드 아웃 2,20235974,1,1662.0,7356.0,332687.0,29.886711023197265,,,,,,,,,,,,0.29886711023197265,,,,,,,,,,,,False,2024-06-12,2024-07-02,False
2024-07-08,인사이드 아웃 2,20235974,2,1126.0,4806.0,56312.0,23.9778534923339,,,,,,,,,,,,0.239778534923339,,,,,,,,,,,,False,2024-06-12,2024-07-02,False
2024-07-09,인사이드 아웃 2,20235974,2,1137.0,4772.0,63615.0,23.677634319033736,,,,,,,,,,,,0.23677634319033736,,,,,,,,,,,,False,2024-06-12,2024-07-02,False
2024-07-10,인사이드 아웃 2,20235974,2,1174.0,4960.0,63942.0,23.07843522704934,,,,,,,,,,,,0.2307843522704934,,,,,,,,,,,,False,2024-06-12,2024-07-02,False
2024-07-11,인사이드 아웃 2,20235974,2,1175.0,4839.0,50956.0,24.181930438361803,,,,,,,,,,,,0.24181930438361804,,,,,,,,,,,,False,2024-06-12,2024-07-02,False
2024-07-12,인사이드 아웃 2,20235974,2,1079.0,4530.0,71854.0,19.751052535237047,,,,,,,,,,,,0.19751052535237046,,,,,,,,,,,,False,2024-06-12,2024-07-02,False
2024-07-13,인사이드 아웃 2,20235974,1,1396.0,6299.0,226512.0,24.13971986858032,,,,,,,,,,,,0.24139719868580317,,,,,,,,,,,,False,2024-06-12,2024-07-02,False
2024-07-14,인사이드 아웃 2,20235974,1,1375.0,6003.0,204404.0,24.13127413127413,,,,,,,,,,,,0.24131274131274127,,,,,,,,,,,,False,2024-06-12,2024-07-02,False
2024-07-15,인사이드 아웃 2,20235974,3,935.0,3899.0,32214.0,19.29824561403509,,,,,,,,,,,,0.1929824561403509,,,,,,,,,,,,False,2024-06-12,2024-07-02,False
2024-07-16,인사이드 아웃 2,20235974,3,947.0,3773.0,30647.0,19.63101160862355,,,,,,,,,,,,0.1963101160862355,,,,,,,,,,,,False,2024-06-12,2024-07-02,False
2024-07-17,인사이드 아웃 2,20235974,3,827.0,2856.0,29251.0,15.830781010719756,,,,,,,,,,,,0.15830781010719755,,,,,,,,,,,,False,2024-06-12,2024-07-02,False
2024-07-18,인사이드 아웃 2,20235974,3,814.0,2876.0,26827.0,15.232035928143713,,,,,,,,,,,,0.15232035928143714,,,,,,,,,,,,False,2024-06-12,2024-07-02,False
2024-07-19,인사이드 아웃 2,20235974,3,906.0,3411.0,52790.0,16.623853211009173,,,,,,,,,,,,0.16623853211009174,,,,,,,,,,,,False,2024-06-12,2024-07-02,False
2024-07-20,인사이드 아웃 2,20235974,2,1098.0,3921.0,120437.0,16.9969040247678,,,,,,,,,,,,0.169969040247678,,,,,,,,,,,,False,2024-06-12,2024-07-02,False
2024-07-21,인사이드 아웃 2,20235974,2,1106.0,3799.0,111221.0,17.15260545905707,,,,,,,,,,,,0.17152605459057071,,,,,,,,,,,,False,2024-06-12,2024-07-02,False
2024-07-22,인사이드 아웃 2,20235974,3,822.0,3013.0,27481.0,17.564102564102562,,,,,,,,,,,,0.17564102564102563,,,,,,,,,,,,False,2024-06-12,2024-07-02,False
2024-07-23,인사이드 아웃 2,20235974,2,838.0,3001.0,27631.0,17.147534274606098,,,,,,,,,,,,0.171475342746061,,,,,,,,,,,,False,2024-06-12,2024-07-02,False
2024-07-24,인사이드 아웃 2,20235974,5,625.0,1128.0,17459.0,10.006404098623118,,,,,,,,,,,,0.10006404098623119,,,,,,,,,,,,False,2024-06-12,2024-07-02,False
2024-07-25,인사이드 아웃 2,20235974,4,639.0,1191.0,20542.0,10.219094834479453,,,,,,,,,,,,0.10219094834479453,,,,,,,,,,,,False,2024-06-12,2024-07-02,False
2024-07-26,인사이드 아웃 2,20235974,4,652.0,1220.0,25799.0,10.40868454661558,,,,,,,,,,,,0.1040868454661558,,,,,,,,,,,,False,2024-06-12,2024-07-02,False
2024-07-27,인사이드 아웃 2,20235974,4,769.0,1616.0,55961.0,12.21604447974583,,,,,,,,,,,,0.1221604447974583,,,,,,,,,,,,False,2024-06-12,2024-07-02,False
2024-07-28,인사이드 아웃 2,20235974,4,777.0,1608.0,58197.0,12.35097758702909,,,,,,,,,,,,0.12350977587029091,,,,,,,,,,,,False,2024-06-12,2024-07-02,False
2024-07-29,인사이드 아웃 2,20235974,4,701.0,1501.0,37377.0,11.81128896377422,,,,,,,,,,,,0.1181128896377422,,,,,,,,,,,,False,2024-06-12,2024-07-02,False
2024-07-30,인사이드 아웃 2,20235974,4,814.0,1746.0,38546.0,12.770630687166614,,,,,,,,,,,,0.12770630687166615,,,,,,,,,,,,False,2024-06-12,2024-07-02,False
2024-07-31,인사이드 아웃 2,20235974,4,693.0,1153.0,38318.0,11.075595333226786,,,,,,,,,,,,0.11075595333226787,,,,,,,,,,,,False,2024-06-12,2024-07-02,False
2024-08-01,인사이드 아웃 2,20235974,4,746.0,1318.0,33626.0,11.837511900983817,,,,,,,,,,,,0.11837511900983816,,,,,,,,,,,,False,2024-06-12,2024-07-02,False
2024-08-02,인사이드 아웃 2,20235974,4,766.0,1436.0,33720.0,12.093463845910955,,,,,,,,,,,,0.12093463845910955,,,,,,,,,,,,False,2024-06-12,2024-07-02,False
2024-08-03,인사이드 아웃 2,20235974,4,772.0,1531.0,44303.0,11.88057863958141,,,,,,,,,,,,0.1188057863958141,,,,,,,,,,,,False,2024-06-12,2024-07-02,False
2024-08-04,인사이드 아웃 2,20235974,4,779.0,1496.0,40929.0,12.100031065548308,,,,,,,,,,,,0.12100031065548307,,,,,,,,,,,,False,2024-06-12,2024-07-02,False
2024-08-05,인사이드 아웃 2,20235974,4,708.0,1437.0,18781.0,12.219537452537107,,,,,,,,,,,,0.12219537452537108,,,,,,,,,,,,False,2024-06-12,2024-07-02,False
2024-08-06,인사이드 아웃 2,20235974,4,708.0,1437.0,17944.0,12.41669589617678,,,,,,,,,,,,0.1241669589617678,,,,,,,,,,,,False,2024-06-12,2024-07-02,False
2024-08-07,인사이드 아웃 2,20235974,6,516.0,803.0,13010.0,7.85507687623687,,,,,,,,,,,,0.0785507687623687,,,,,,,,,,,,False,2024-06-12,2024-07-02,False
2024-08-08,인사이드 아웃 2,20235974,6,562.0,859.0,12948.0,8.457486832204665,,,,,,,,,,,,0.08457486832204665,,,,,,,,,,,,False,2024-06-12,2024-07-02,False
2024-08-09,인사이드 아웃 2,20235974,6,583.0,889.0,13312.0,8.605166051660516,,,,,,,,,,,,0.08605166051660516,,,,,,,,,,,,False,2024-06-12,2024-07-02,False
2024-08-10,인사이드 아웃 2,20235974,6,606.0,915.0,24712.0,8.644793152639087,,,,,,,,,,,,0.08644793152639087,,,,,,,,,,,,False,2024-06-12,2024-07-02,False
2024-08-11,인사이드 아웃 2,20235974,6,601.0,896.0,24479.0,8.708882770612956,,,,,,,,,,,,0.08708882770612955,,,,,,,,,,,,False,2024-06-12,2024-07-02,False
2024-08-12,인사이드 아웃 2,20235974,6,585.0,930.0,10851.0,9.420289855072465,,,,,,,,,,,,0.09420289855072465,,,,,,,,,,,,False,2024-06-12,2024-07-02,False
2024-08-13,인사이드 아웃 2,20235974,6,623.0,1011.0,11913.0,9.849802371541502,,,,,,,,,,,,0.09849802371541502,,,,,,,,,,,,False,2024-06-12,2024-07-02,False
2024-08-14,인사이드 아웃 2,20235974,10,198.0,249.0,4969.0,3.19406355863849,,,,,,,,,,,,0.0319406355863849,,,,,,,,,,,,False,2024-06-12,2024-07-02,False
2024-08-15,인사이드 아웃 2,20235974,8,222.0,273.0,16353.0,3.323850875879623,,,,,,,,,,,,0.03323850875879623,,,,,,,,,,,,False,2024-06-12,2024-07-02,False
2024-08-16,인사이드 아웃 2,20235974,9,206.0,252.0,5940.0,3.167768722128249,,,,,,,,,,,,0.03167768722128249,,,,,,,,,,,,False,2024-06-12,2024-07-02,False
2024-08-17,인사이드 아웃 2,20235974,9,261.0,334.0,10578.0,3.6518819084930736,,,,,,,,,,,,0.03651881908493074,,,,,,,,,,,,False,2024-06-12,2024-07-02,False
2024-08-18,인사이드 아웃 2,20235974,8,247.0,318.0,10302.0,3.454062368899455,,,,,,,,,,,,0.03454062368899455,,,,,,,,,,,,False,2024-06-12,2024-07-02,False
2024-08-19,인사이드 아웃 2,20235974,8,192.0,241.0,3129.0,3.37909186906019,,,,,,,,,,,,0.0337909186906019,,,,,,,,,,,,False,2024-06-12,2024-07-02,False
2024-08-20,인사이드 아웃 2,20235974,9,195.0,240.0,2520.0,3.38365434669443,,,,,,,,,,,,0.0338365434669443,,,,,,,,,,,,False,2024-06-12,2024-07-02,False
