date,year,movie_count,movies,movie_labels,combined_screen_share,threshold,combined_screen_count,best_aud,tier
2020-01-20,2020,3,해치지않아 / 닥터 두리틀 / 나쁜 녀석들: 포에버,"해치지않아 (<5M, 1,222,140명) / 닥터 두리틀 (<5M, 1,604,127명) / 나쁜 녀석들: 포에버 (<5M, 546,121명)",60.10917488977535,60% 이상,2863,1604127,500만미만
2020-01-25,2020,3,남산의 부장들 / 히트맨 / 스파이 지니어스 ,"남산의 부장들 (<5M, 4,748,387명) / 히트맨 (<5M, 2,404,799명) / 스파이 지니어스  (<5M, 446,274명)",61.27442030308563,60% 이상,3356,4748387,500만미만
2020-01-26,2020,3,남산의 부장들 / 히트맨 / 스파이 지니어스 ,"남산의 부장들 (<5M, 4,748,387명) / 히트맨 (<5M, 2,404,799명) / 스파이 지니어스  (<5M, 446,274명)",60.35646305589202,60% 이상,3488,4748387,500만미만
2020-01-27,2020,3,남산의 부장들 / 히트맨 / 스파이 지니어스 ,"남산의 부장들 (<5M, 4,748,387명) / 히트맨 (<5M, 2,404,799명) / 스파이 지니어스  (<5M, 446,274명)",61.65830945558739,60% 이상,3443,4748387,500만미만
2020-01-28,2020,3,남산의 부장들 / 히트맨 / 미스터 주: 사라진 VIP,"남산의 부장들 (<5M, 4,748,387명) / 히트맨 (<5M, 2,404,799명) / 미스터 주: 사라진 VIP (<5M, 596,669명)",62.12617779598526,60% 이상,3033,4748387,500만미만
2020-01-29,2020,3,남산의 부장들 / 히트맨 / 미스터 주: 사라진 VIP,"남산의 부장들 (<5M, 4,748,387명) / 히트맨 (<5M, 2,404,799명) / 미스터 주: 사라진 VIP (<5M, 596,669명)",61.6643929058663,60% 이상,3164,4748387,500만미만
2020-01-30,2020,3,남산의 부장들 / 히트맨 / 미스터 주: 사라진 VIP,"남산의 부장들 (<5M, 4,748,387명) / 히트맨 (<5M, 2,404,799명) / 미스터 주: 사라진 VIP (<5M, 596,669명)",62.68501146549927,60% 이상,3007,4748387,500만미만
2020-01-31,2020,3,남산의 부장들 / 히트맨 / 미스터 주: 사라진 VIP,"남산의 부장들 (<5M, 4,748,387명) / 히트맨 (<5M, 2,404,799명) / 미스터 주: 사라진 VIP (<5M, 596,669명)",61.95020746887967,60% 이상,2986,4748387,500만미만
2020-02-01,2020,3,남산의 부장들 / 히트맨 / 스파이 지니어스 ,"남산의 부장들 (<5M, 4,748,387명) / 히트맨 (<5M, 2,404,799명) / 스파이 지니어스  (<5M, 446,274명)",62.007523262720255,60% 이상,3132,4748387,500만미만
2020-02-02,2020,3,남산의 부장들 / 히트맨 / 스파이 지니어스 ,"남산의 부장들 (<5M, 4,748,387명) / 히트맨 (<5M, 2,404,799명) / 스파이 지니어스  (<5M, 446,274명)",61.682055399437985,60% 이상,3073,4748387,500만미만
2020-02-03,2020,3,남산의 부장들 / 히트맨 / 미스터 주: 사라진 VIP,"남산의 부장들 (<5M, 4,748,387명) / 히트맨 (<5M, 2,404,799명) / 미스터 주: 사라진 VIP (<5M, 596,669명)",65.59559329814093,60% 이상,2858,4748387,500만미만
2020-02-04,2020,3,남산의 부장들 / 히트맨 / 미스터 주: 사라진 VIP,"남산의 부장들 (<5M, 4,748,387명) / 히트맨 (<5M, 2,404,799명) / 미스터 주: 사라진 VIP (<5M, 596,669명)",65.89380941340134,60% 이상,2842,4748387,500만미만
2020-02-05,2020,3,클로젯 / 버즈 오브 프레이(할리 퀸의 황홀한 해방) / 남산의 부장들,"클로젯 (<5M, 1,266,654명) / 버즈 오브 프레이(할리 퀸의 황홀한 해방) (<5M, 394,616명) / 남산의 부장들 (<5M, 4,748,387명)",64.90634168359287,60% 이상,2876,4748387,500만미만
2020-02-06,2020,3,클로젯 / 버즈 오브 프레이(할리 퀸의 황홀한 해방) / 남산의 부장들,"클로젯 (<5M, 1,266,654명) / 버즈 오브 프레이(할리 퀸의 황홀한 해방) (<5M, 394,616명) / 남산의 부장들 (<5M, 4,748,387명)",65.38808664259928,60% 이상,2898,4748387,500만미만
2020-02-07,2020,3,클로젯 / 버즈 오브 프레이(할리 퀸의 황홀한 해방) / 남산의 부장들,"클로젯 (<5M, 1,266,654명) / 버즈 오브 프레이(할리 퀸의 황홀한 해방) (<5M, 394,616명) / 남산의 부장들 (<5M, 4,748,387명)",61.732081911262796,60% 이상,2894,4748387,500만미만
2020-02-10,2020,3,클로젯 / 버즈 오브 프레이(할리 퀸의 황홀한 해방) / 남산의 부장들,"클로젯 (<5M, 1,266,654명) / 버즈 오브 프레이(할리 퀸의 황홀한 해방) (<5M, 394,616명) / 남산의 부장들 (<5M, 4,748,387명)",61.146067415730336,60% 이상,2721,4748387,500만미만
2020-02-11,2020,3,클로젯 / 버즈 오브 프레이(할리 퀸의 황홀한 해방) / 남산의 부장들,"클로젯 (<5M, 1,266,654명) / 버즈 오브 프레이(할리 퀸의 황홀한 해방) (<5M, 394,616명) / 남산의 부장들 (<5M, 4,748,387명)",60.561846689895475,60% 이상,2781,4748387,500만미만
2020-02-24,2020,3,지푸라기라도 잡고 싶은 짐승들 / 1917 / 정직한 후보,"지푸라기라도 잡고 싶은 짐승들 (<5M, 626,747명) / 1917 (<5M, 860,622명) / 정직한 후보 (<5M, 1,531,010명)",62.27471992206527,60% 이상,2557,1531010,500만미만
2020-02-25,2020,3,지푸라기라도 잡고 싶은 짐승들 / 정직한 후보 / 1917,"지푸라기라도 잡고 싶은 짐승들 (<5M, 626,747명) / 정직한 후보 (<5M, 1,531,010명) / 1917 (<5M, 860,622명)",65.4573326520184,60% 이상,2562,1531010,500만미만
2020-06-04,2020,3,침입자 / 언더워터 / 위대한 쇼맨,"침입자 (<5M, 530,659명) / 언더워터 (<5M, 105,265명) / 위대한 쇼맨 (<5M, 1,735,819명)",65.11557177615572,60% 이상,2141,1735819,500만미만
2020-06-05,2020,3,침입자 / 위대한 쇼맨 / 언더워터,"침입자 (<5M, 530,659명) / 위대한 쇼맨 (<5M, 1,735,819명) / 언더워터 (<5M, 105,265명)",66.08169440242057,60% 이상,2184,1735819,500만미만
2020-06-06,2020,3,침입자 / 위대한 쇼맨 / 언더워터,"침입자 (<5M, 530,659명) / 위대한 쇼맨 (<5M, 1,735,819명) / 언더워터 (<5M, 105,265명)",61.59439106725526,60% 이상,2372,1735819,500만미만
2020-06-07,2020,3,침입자 / 위대한 쇼맨 / 언더워터,"침입자 (<5M, 530,659명) / 위대한 쇼맨 (<5M, 1,735,819명) / 언더워터 (<5M, 105,265명)",64.19853539462977,60% 이상,2367,1735819,500만미만
2020-06-08,2020,3,침입자 / 위대한 쇼맨 / 언더워터,"침입자 (<5M, 530,659명) / 위대한 쇼맨 (<5M, 1,735,819명) / 언더워터 (<5M, 105,265명)",70.53225237927388,70% 이상,2001,1735819,500만미만
2020-06-09,2020,3,침입자 / 위대한 쇼맨 / 언더워터,"침입자 (<5M, 530,659명) / 위대한 쇼맨 (<5M, 1,735,819명) / 언더워터 (<5M, 105,265명)",71.70212765957447,70% 이상,2022,1735819,500만미만
2020-06-10,2020,3,결백 / 침입자 / 에어로너츠,"결백 (<5M, 894,025명) / 침입자 (<5M, 530,659명) / 에어로너츠 (<5M, 73,341명)",66.9411405916438,60% 이상,2195,894025,500만미만
2020-06-11,2020,3,결백 / 침입자 / 에어로너츠,"결백 (<5M, 894,025명) / 침입자 (<5M, 530,659명) / 에어로너츠 (<5M, 73,341명)",62.85393888421643,60% 이상,2242,894025,500만미만
2020-06-12,2020,3,결백 / 침입자 / 에어로너츠,"결백 (<5M, 894,025명) / 침입자 (<5M, 530,659명) / 에어로너츠 (<5M, 73,341명)",63.75545851528385,60% 이상,2336,894025,500만미만
2020-06-13,2020,3,결백 / 침입자 / 에어로너츠,"결백 (<5M, 894,025명) / 침입자 (<5M, 530,659명) / 에어로너츠 (<5M, 73,341명)",63.49288486416559,60% 이상,2454,894025,500만미만
2020-06-14,2020,3,결백 / 침입자 / 에어로너츠,"결백 (<5M, 894,025명) / 침입자 (<5M, 530,659명) / 에어로너츠 (<5M, 73,341명)",63.55866355866356,60% 이상,2454,894025,500만미만
2020-06-15,2020,3,결백 / 침입자 / 에어로너츠,"결백 (<5M, 894,025명) / 침입자 (<5M, 530,659명) / 에어로너츠 (<5M, 73,341명)",67.25496375669714,60% 이상,2134,894025,500만미만
2020-06-16,2020,3,결백 / 침입자 / 에어로너츠,"결백 (<5M, 894,025명) / 침입자 (<5M, 530,659명) / 에어로너츠 (<5M, 73,341명)",65.14875531268973,60% 이상,2146,894025,500만미만
2020-06-17,2020,3,온워드: 단 하루의 기적 / 결백 / 침입자,"온워드: 단 하루의 기적 (<5M, 415,524명) / 결백 (<5M, 894,025명) / 침입자 (<5M, 530,659명)",67.3146348236601,60% 이상,2424,894025,500만미만
2020-06-18,2020,3,온워드: 단 하루의 기적 / 사라진 시간 / 결백,"온워드: 단 하루의 기적 (<5M, 415,524명) / 사라진 시간 (<5M, 184,399명) / 결백 (<5M, 894,025명)",62.42469879518073,60% 이상,2487,894025,500만미만
2020-06-19,2020,3,온워드: 단 하루의 기적 / 결백 / 사라진 시간,"온워드: 단 하루의 기적 (<5M, 415,524명) / 결백 (<5M, 894,025명) / 사라진 시간 (<5M, 184,399명)",64.07624633431085,60% 이상,2622,894025,500만미만
2020-06-20,2020,3,온워드: 단 하루의 기적 / 결백 / 사라진 시간,"온워드: 단 하루의 기적 (<5M, 415,524명) / 결백 (<5M, 894,025명) / 사라진 시간 (<5M, 184,399명)",64.07342657342657,60% 이상,2932,894025,500만미만
2020-06-21,2020,3,온워드: 단 하루의 기적 / 결백 / 사라진 시간,"온워드: 단 하루의 기적 (<5M, 415,524명) / 결백 (<5M, 894,025명) / 사라진 시간 (<5M, 184,399명)",64.21514818880351,60% 이상,2925,894025,500만미만
2020-06-22,2020,3,온워드: 단 하루의 기적 / 결백 / 사라진 시간,"온워드: 단 하루의 기적 (<5M, 415,524명) / 결백 (<5M, 894,025명) / 사라진 시간 (<5M, 184,399명)",66.06232294617564,60% 이상,2332,894025,500만미만
2020-06-23,2020,3,온워드: 단 하루의 기적 / 결백 / 사라진 시간,"온워드: 단 하루의 기적 (<5M, 415,524명) / 결백 (<5M, 894,025명) / 사라진 시간 (<5M, 184,399명)",67.58881770529995,60% 이상,2321,894025,500만미만
2020-06-24,2020,3,#살아있다 / 결백 / 온워드: 단 하루의 기적,"#살아있다 (<5M, 1,903,703명) / 결백 (<5M, 894,025명) / 온워드: 단 하루의 기적 (<5M, 415,524명)",67.7584942556832,60% 이상,2772,1903703,500만미만
2020-06-25,2020,3,#살아있다 / 결백 / 온워드: 단 하루의 기적,"#살아있다 (<5M, 1,903,703명) / 결백 (<5M, 894,025명) / 온워드: 단 하루의 기적 (<5M, 415,524명)",68.55873642645608,60% 이상,2778,1903703,500만미만
2020-06-26,2020,3,#살아있다 / 결백 / 온워드: 단 하루의 기적,"#살아있다 (<5M, 1,903,703명) / 결백 (<5M, 894,025명) / 온워드: 단 하루의 기적 (<5M, 415,524명)",66.27800640146319,60% 이상,2899,1903703,500만미만
2020-06-27,2020,3,#살아있다 / 온워드: 단 하루의 기적 / 결백,"#살아있다 (<5M, 1,903,703명) / 온워드: 단 하루의 기적 (<5M, 415,524명) / 결백 (<5M, 894,025명)",68.90574214517876,60% 이상,3180,1903703,500만미만
2020-06-28,2020,3,#살아있다 / 온워드: 단 하루의 기적 / 결백,"#살아있다 (<5M, 1,903,703명) / 온워드: 단 하루의 기적 (<5M, 415,524명) / 결백 (<5M, 894,025명)",69.31644463856738,60% 이상,3174,1903703,500만미만
2020-06-29,2020,3,#살아있다 / 결백 / 온워드: 단 하루의 기적,"#살아있다 (<5M, 1,903,703명) / 결백 (<5M, 894,025명) / 온워드: 단 하루의 기적 (<5M, 415,524명)",69.11653662219985,60% 이상,2746,1903703,500만미만
2020-06-30,2020,3,#살아있다 / 결백 / 온워드: 단 하루의 기적,"#살아있다 (<5M, 1,903,703명) / 결백 (<5M, 894,025명) / 온워드: 단 하루의 기적 (<5M, 415,524명)",68.59545004945598,60% 이상,2774,1903703,500만미만
2020-07-01,2020,3,#살아있다 / 소리꾼 / 결백,"#살아있다 (<5M, 1,903,703명) / 소리꾼 (<5M, 77,414명) / 결백 (<5M, 894,025명)",63.118811881188115,60% 이상,2550,1903703,500만미만
2020-07-02,2020,3,#살아있다 / 결백 / 소리꾼,"#살아있다 (<5M, 1,903,703명) / 결백 (<5M, 894,025명) / 소리꾼 (<5M, 77,414명)",64.99870365569095,60% 이상,2507,1903703,500만미만
2020-07-03,2020,3,#살아있다 / 결백 / 소리꾼,"#살아있다 (<5M, 1,903,703명) / 결백 (<5M, 894,025명) / 소리꾼 (<5M, 77,414명)",63.21446018563752,60% 이상,2588,1903703,500만미만
2020-07-04,2020,3,#살아있다 / 결백 / 온워드: 단 하루의 기적,"#살아있다 (<5M, 1,903,703명) / 결백 (<5M, 894,025명) / 온워드: 단 하루의 기적 (<5M, 415,524명)",60.767160161507405,60% 이상,2709,1903703,500만미만
2020-07-05,2020,3,#살아있다 / 결백 / 온워드: 단 하루의 기적,"#살아있다 (<5M, 1,903,703명) / 결백 (<5M, 894,025명) / 온워드: 단 하루의 기적 (<5M, 415,524명)",61.5087480118155,60% 이상,2707,1903703,500만미만
2020-07-06,2020,3,#살아있다 / 결백 / 소리꾼,"#살아있다 (<5M, 1,903,703명) / 결백 (<5M, 894,025명) / 소리꾼 (<5M, 77,414명)",61.87352400944634,60% 이상,2358,1903703,500만미만
2020-07-07,2020,3,#살아있다 / 결백 / 소리꾼,"#살아있다 (<5M, 1,903,703명) / 결백 (<5M, 894,025명) / 소리꾼 (<5M, 77,414명)",62.43641231593039,60% 이상,2332,1903703,500만미만
2020-07-10,2020,3,#살아있다 / 밤쉘: 세상을 바꾼 폭탄선언 / 결백,"#살아있다 (<5M, 1,903,703명) / 밤쉘: 세상을 바꾼 폭탄선언 (<5M, 181,559명) / 결백 (<5M, 894,025명)",60.27503892060197,60% 이상,2323,1903703,500만미만
2020-07-13,2020,3,#살아있다 / 밤쉘: 세상을 바꾼 폭탄선언 / 결백,"#살아있다 (<5M, 1,903,703명) / 밤쉘: 세상을 바꾼 폭탄선언 (<5M, 181,559명) / 결백 (<5M, 894,025명)",61.191489361702125,60% 이상,2157,1903703,500만미만
2020-07-14,2020,3,#살아있다 / 밤쉘: 세상을 바꾼 폭탄선언 / 결백,"#살아있다 (<5M, 1,903,703명) / 밤쉘: 세상을 바꾼 폭탄선언 (<5M, 181,559명) / 결백 (<5M, 894,025명)",60.8535895986433,60% 이상,2153,1903703,500만미만
2020-07-15,2020,1,반도,"반도 (<5M, 3,810,397명)",61.737523105360445,60% 이상,2338,3810397,500만미만
2020-07-15,2020,2,반도 / #살아있다,"반도 (<5M, 3,810,397명) / #살아있다 (<5M, 1,903,703명)",74.88777396355955,70% 이상,2836,3810397,500만미만
2020-07-15,2020,3,반도 / #살아있다 / 밤쉘: 세상을 바꾼 폭탄선언,"반도 (<5M, 3,810,397명) / #살아있다 (<5M, 1,903,703명) / 밤쉘: 세상을 바꾼 폭탄선언 (<5M, 181,559명)",86.03115922894112,70% 이상,3258,3810397,500만미만
2020-07-16,2020,1,반도,"반도 (<5M, 3,810,397명)",60.78886310904872,60% 이상,2358,3810397,500만미만
2020-07-16,2020,2,반도 / #살아있다,"반도 (<5M, 3,810,397명) / #살아있다 (<5M, 1,903,703명)",72.77648878576953,70% 이상,2823,3810397,500만미만
2020-07-16,2020,3,반도 / #살아있다 / 밤쉘: 세상을 바꾼 폭탄선언,"반도 (<5M, 3,810,397명) / #살아있다 (<5M, 1,903,703명) / 밤쉘: 세상을 바꾼 폭탄선언 (<5M, 181,559명)",83.50090229440578,70% 이상,3239,3810397,500만미만
2020-07-17,2020,1,반도,"반도 (<5M, 3,810,397명)",60.264900662251655,60% 이상,2457,3810397,500만미만
2020-07-17,2020,2,반도 / #살아있다,"반도 (<5M, 3,810,397명) / #살아있다 (<5M, 1,903,703명)",72.03826342899191,70% 이상,2937,3810397,500만미만
2020-07-17,2020,3,반도 / #살아있다 / 밤쉘: 세상을 바꾼 폭탄선언,"반도 (<5M, 3,810,397명) / #살아있다 (<5M, 1,903,703명) / 밤쉘: 세상을 바꾼 폭탄선언 (<5M, 181,559명)",82.36448368898701,70% 이상,3358,3810397,500만미만
2020-07-18,2020,1,반도,"반도 (<5M, 3,810,397명)",60.276217228464425,60% 이상,2575,3810397,500만미만
2020-07-18,2020,2,반도 / #살아있다,"반도 (<5M, 3,810,397명) / #살아있다 (<5M, 1,903,703명)",71.62921348314607,70% 이상,3060,3810397,500만미만
2020-07-18,2020,3,반도 / #살아있다 / 밤쉘: 세상을 바꾼 폭탄선언,"반도 (<5M, 3,810,397명) / #살아있다 (<5M, 1,903,703명) / 밤쉘: 세상을 바꾼 폭탄선언 (<5M, 181,559명)",81.71816479400749,70% 이상,3491,3810397,500만미만
2020-07-19,2020,2,반도 / #살아있다,"반도 (<5M, 3,810,397명) / #살아있다 (<5M, 1,903,703명)",70.57728119180634,70% 이상,3032,3810397,500만미만
2020-07-19,2020,3,반도 / #살아있다 / 밤쉘: 세상을 바꾼 폭탄선언,"반도 (<5M, 3,810,397명) / #살아있다 (<5M, 1,903,703명) / 밤쉘: 세상을 바꾼 폭탄선언 (<5M, 181,559명)",80.3072625698324,70% 이상,3450,3810397,500만미만
2020-07-20,2020,2,반도 / #살아있다,"반도 (<5M, 3,810,397명) / #살아있다 (<5M, 1,903,703명)",70.0743018191135,70% 이상,2735,3810397,500만미만
2020-07-20,2020,3,반도 / #살아있다 / 밤쉘: 세상을 바꾼 폭탄선언,"반도 (<5M, 3,810,397명) / #살아있다 (<5M, 1,903,703명) / 밤쉘: 세상을 바꾼 폭탄선언 (<5M, 181,559명)",81.83448629259544,70% 이상,3194,3810397,500만미만
2020-07-21,2020,2,반도 / #살아있다,"반도 (<5M, 3,810,397명) / #살아있다 (<5M, 1,903,703명)",69.9438202247191,60% 이상,2739,3810397,500만미만
2020-07-21,2020,3,반도 / #살아있다 / 밤쉘: 세상을 바꾼 폭탄선언,"반도 (<5M, 3,810,397명) / #살아있다 (<5M, 1,903,703명) / 밤쉘: 세상을 바꾼 폭탄선언 (<5M, 181,559명)",81.12870275791624,70% 이상,3177,3810397,500만미만
2020-07-22,2020,2,반도 / 알라딘,"반도 (<5M, 3,810,397명) / 알라딘 (10M+, 12,797,927명)",60.633373934226555,60% 이상,2489,12797927,1000만+
2020-07-22,2020,3,반도 / 알라딘 / 팬데믹,"반도 (<5M, 3,810,397명) / 알라딘 (10M+, 12,797,927명) / 팬데믹 (<5M, 19,945명)",69.93909866017052,60% 이상,2871,12797927,1000만+
2020-07-23,2020,2,반도 / 알라딘,"반도 (<5M, 3,810,397명) / 알라딘 (10M+, 12,797,927명)",60.437669043521026,60% 이상,2458,12797927,1000만+
2020-07-23,2020,3,반도 / 알라딘 / 팬데믹,"반도 (<5M, 3,810,397명) / 알라딘 (10M+, 12,797,927명) / 팬데믹 (<5M, 19,945명)",69.01893287435456,60% 이상,2807,12797927,1000만+
2020-07-24,2020,2,반도 / 알라딘,"반도 (<5M, 3,810,397명) / 알라딘 (10M+, 12,797,927명)",61.359745659085355,60% 이상,2509,12797927,1000만+
2020-07-24,2020,3,반도 / 알라딘 / 팬데믹,"반도 (<5M, 3,810,397명) / 알라딘 (10M+, 12,797,927명) / 팬데믹 (<5M, 19,945명)",69.96820738566888,60% 이상,2861,12797927,1000만+
2020-07-25,2020,3,반도 / 알라딘 / 팬데믹,"반도 (<5M, 3,810,397명) / 알라딘 (10M+, 12,797,927명) / 팬데믹 (<5M, 19,945명)",67.3781172770164,60% 이상,2999,12797927,1000만+
2020-07-26,2020,3,반도 / 알라딘 / 팬데믹,"반도 (<5M, 3,810,397명) / 알라딘 (10M+, 12,797,927명) / 팬데믹 (<5M, 19,945명)",67.1273221567739,60% 이상,2963,12797927,1000만+
2020-07-27,2020,2,반도 / 알라딘,"반도 (<5M, 3,810,397명) / 알라딘 (10M+, 12,797,927명)",60.818111654232055,60% 이상,2364,12797927,1000만+
2020-07-27,2020,3,반도 / 알라딘 / 팬데믹,"반도 (<5M, 3,810,397명) / 알라딘 (10M+, 12,797,927명) / 팬데믹 (<5M, 19,945명)",68.07306405968613,60% 이상,2646,12797927,1000만+
2020-07-28,2020,2,반도 / 알라딘,"반도 (<5M, 3,810,397명) / 알라딘 (10M+, 12,797,927명)",62.15726849456803,60% 이상,2403,12797927,1000만+
2020-07-28,2020,3,반도 / 알라딘 / 팬데믹,"반도 (<5M, 3,810,397명) / 알라딘 (10M+, 12,797,927명) / 팬데믹 (<5M, 19,945명)",69.73616140713916,60% 이상,2696,12797927,1000만+
2020-07-29,2020,2,강철비2: 정상회담 / 반도,"강철비2: 정상회담 (<5M, 1,790,797명) / 반도 (<5M, 3,810,397명)",73.96999285544177,70% 이상,3106,3810397,500만미만
2020-07-29,2020,3,강철비2: 정상회담 / 반도 / 알라딘,"강철비2: 정상회담 (<5M, 1,790,797명) / 반도 (<5M, 3,810,397명) / 알라딘 (10M+, 12,797,927명)",80.47154084305787,70% 이상,3379,12797927,1000만+
2020-07-30,2020,2,강철비2: 정상회담 / 반도,"강철비2: 정상회담 (<5M, 1,790,797명) / 반도 (<5M, 3,810,397명)",76.43166200050904,70% 이상,3003,3810397,500만미만
2020-07-30,2020,3,강철비2: 정상회담 / 반도 / 알라딘,"강철비2: 정상회담 (<5M, 1,790,797명) / 반도 (<5M, 3,810,397명) / 알라딘 (10M+, 12,797,927명)",83.35454314074829,70% 이상,3275,12797927,1000만+
2020-07-31,2020,2,강철비2: 정상회담 / 반도,"강철비2: 정상회담 (<5M, 1,790,797명) / 반도 (<5M, 3,810,397명)",72.95432921027592,70% 이상,3067,3810397,500만미만
2020-07-31,2020,3,강철비2: 정상회담 / 반도 / 빅샤크3: 젤리몬스터 대소동,"강철비2: 정상회담 (<5M, 1,790,797명) / 반도 (<5M, 3,810,397명) / 빅샤크3: 젤리몬스터 대소동 (<5M, 69,761명)",80.11417697431017,70% 이상,3368,3810397,500만미만
2020-08-01,2020,2,강철비2: 정상회담 / 반도,"강철비2: 정상회담 (<5M, 1,790,797명) / 반도 (<5M, 3,810,397명)",72.6021214172873,70% 이상,3217,3810397,500만미만
2020-08-01,2020,3,강철비2: 정상회담 / 반도 / 빅샤크3: 젤리몬스터 대소동,"강철비2: 정상회담 (<5M, 1,790,797명) / 반도 (<5M, 3,810,397명) / 빅샤크3: 젤리몬스터 대소동 (<5M, 69,761명)",81.62942902279394,70% 이상,3617,3810397,500만미만
2020-08-02,2020,2,강철비2: 정상회담 / 반도,"강철비2: 정상회담 (<5M, 1,790,797명) / 반도 (<5M, 3,810,397명)",73.57667584940313,70% 이상,3205,3810397,500만미만
2020-08-02,2020,3,강철비2: 정상회담 / 반도 / 빅샤크3: 젤리몬스터 대소동,"강철비2: 정상회담 (<5M, 1,790,797명) / 반도 (<5M, 3,810,397명) / 빅샤크3: 젤리몬스터 대소동 (<5M, 69,761명)",82.59871441689623,70% 이상,3598,3810397,500만미만
2020-08-03,2020,2,강철비2: 정상회담 / 반도,"강철비2: 정상회담 (<5M, 1,790,797명) / 반도 (<5M, 3,810,397명)",71.5995115995116,70% 이상,2932,3810397,500만미만
2020-08-03,2020,3,강철비2: 정상회담 / 반도 / 빅샤크3: 젤리몬스터 대소동,"강철비2: 정상회담 (<5M, 1,790,797명) / 반도 (<5M, 3,810,397명) / 빅샤크3: 젤리몬스터 대소동 (<5M, 69,761명)",79.97557997557998,70% 이상,3275,3810397,500만미만
2020-08-04,2020,2,강철비2: 정상회담 / 반도,"강철비2: 정상회담 (<5M, 1,790,797명) / 반도 (<5M, 3,810,397명)",71.51929653150953,70% 이상,2928,3810397,500만미만
2020-08-04,2020,3,강철비2: 정상회담 / 반도 / 빅샤크3: 젤리몬스터 대소동,"강철비2: 정상회담 (<5M, 1,790,797명) / 반도 (<5M, 3,810,397명) / 빅샤크3: 젤리몬스터 대소동 (<5M, 69,761명)",80.43478260869566,70% 이상,3293,3810397,500만미만
2020-08-05,2020,2,다만 악에서 구하소서 / 강철비2: 정상회담,"다만 악에서 구하소서 (<5M, 4,353,414명) / 강철비2: 정상회담 (<5M, 1,790,797명)",64.65556055830707,60% 이상,2872,4353414,500만미만
2020-08-05,2020,3,다만 악에서 구하소서 / 강철비2: 정상회담 / 반도,"다만 악에서 구하소서 (<5M, 4,353,414명) / 강철비2: 정상회담 (<5M, 1,790,797명) / 반도 (<5M, 3,810,397명)",78.32057631697434,70% 이상,3479,4353414,500만미만
2020-08-06,2020,2,다만 악에서 구하소서 / 강철비2: 정상회담,"다만 악에서 구하소서 (<5M, 4,353,414명) / 강철비2: 정상회담 (<5M, 1,790,797명)",65.05400540054006,60% 이상,2891,4353414,500만미만
2020-08-06,2020,3,다만 악에서 구하소서 / 강철비2: 정상회담 / 반도,"다만 악에서 구하소서 (<5M, 4,353,414명) / 강철비2: 정상회담 (<5M, 1,790,797명) / 반도 (<5M, 3,810,397명)",78.60036003600361,70% 이상,3493,4353414,500만미만
2020-08-07,2020,2,다만 악에서 구하소서 / 강철비2: 정상회담,"다만 악에서 구하소서 (<5M, 4,353,414명) / 강철비2: 정상회담 (<5M, 1,790,797명)",64.40528634361235,60% 이상,2924,4353414,500만미만
2020-08-07,2020,3,다만 악에서 구하소서 / 강철비2: 정상회담 / 반도,"다만 악에서 구하소서 (<5M, 4,353,414명) / 강철비2: 정상회담 (<5M, 1,790,797명) / 반도 (<5M, 3,810,397명)",78.21585903083701,70% 이상,3551,4353414,500만미만
2020-08-08,2020,2,다만 악에서 구하소서 / 강철비2: 정상회담,"다만 악에서 구하소서 (<5M, 4,353,414명) / 강철비2: 정상회담 (<5M, 1,790,797명)",63.98803163069032,60% 이상,2994,4353414,500만미만
2020-08-08,2020,3,다만 악에서 구하소서 / 강철비2: 정상회담 / 반도,"다만 악에서 구하소서 (<5M, 4,353,414명) / 강철비2: 정상회담 (<5M, 1,790,797명) / 반도 (<5M, 3,810,397명)",77.6661679846121,70% 이상,3634,4353414,500만미만
2020-08-09,2020,2,다만 악에서 구하소서 / 강철비2: 정상회담,"다만 악에서 구하소서 (<5M, 4,353,414명) / 강철비2: 정상회담 (<5M, 1,790,797명)",64.26574930122554,60% 이상,2989,4353414,500만미만
2020-08-09,2020,3,다만 악에서 구하소서 / 강철비2: 정상회담 / 반도,"다만 악에서 구하소서 (<5M, 4,353,414명) / 강철비2: 정상회담 (<5M, 1,790,797명) / 반도 (<5M, 3,810,397명)",77.78972264029241,70% 이상,3618,4353414,500만미만
2020-08-10,2020,2,다만 악에서 구하소서 / 강철비2: 정상회담,"다만 악에서 구하소서 (<5M, 4,353,414명) / 강철비2: 정상회담 (<5M, 1,790,797명)",65.74766355140187,60% 이상,2814,4353414,500만미만
2020-08-10,2020,3,다만 악에서 구하소서 / 강철비2: 정상회담 / 반도,"다만 악에서 구하소서 (<5M, 4,353,414명) / 강철비2: 정상회담 (<5M, 1,790,797명) / 반도 (<5M, 3,810,397명)",79.60280373831776,70% 이상,3407,4353414,500만미만
2020-08-11,2020,2,다만 악에서 구하소서 / 강철비2: 정상회담,"다만 악에서 구하소서 (<5M, 4,353,414명) / 강철비2: 정상회담 (<5M, 1,790,797명)",65.60111188325226,60% 이상,2832,4353414,500만미만
2020-08-11,2020,3,다만 악에서 구하소서 / 강철비2: 정상회담 / 반도,"다만 악에서 구하소서 (<5M, 4,353,414명) / 강철비2: 정상회담 (<5M, 1,790,797명) / 반도 (<5M, 3,810,397명)",79.43015983321752,70% 이상,3429,4353414,500만미만
2020-08-12,2020,3,다만 악에서 구하소서 / 오케이 마담 / 강철비2: 정상회담,"다만 악에서 구하소서 (<5M, 4,353,414명) / 오케이 마담 (<5M, 1,228,551명) / 강철비2: 정상회담 (<5M, 1,790,797명)",69.30820304133647,60% 이상,3236,4353414,500만미만
2020-08-13,2020,3,다만 악에서 구하소서 / 오케이 마담 / 강철비2: 정상회담,"다만 악에서 구하소서 (<5M, 4,353,414명) / 오케이 마담 (<5M, 1,228,551명) / 강철비2: 정상회담 (<5M, 1,790,797명)",67.03841387856258,60% 이상,3246,4353414,500만미만
2020-08-14,2020,3,다만 악에서 구하소서 / 오케이 마담 / 강철비2: 정상회담,"다만 악에서 구하소서 (<5M, 4,353,414명) / 오케이 마담 (<5M, 1,228,551명) / 강철비2: 정상회담 (<5M, 1,790,797명)",68.75891583452211,60% 이상,3374,4353414,500만미만
2020-08-15,2020,3,다만 악에서 구하소서 / 오케이 마담 / 강철비2: 정상회담,"다만 악에서 구하소서 (<5M, 4,353,414명) / 오케이 마담 (<5M, 1,228,551명) / 강철비2: 정상회담 (<5M, 1,790,797명)",68.20593436824524,60% 이상,3471,4353414,500만미만
2020-08-16,2020,3,다만 악에서 구하소서 / 오케이 마담 / 강철비2: 정상회담,"다만 악에서 구하소서 (<5M, 4,353,414명) / 오케이 마담 (<5M, 1,228,551명) / 강철비2: 정상회담 (<5M, 1,790,797명)",69.44719635426986,60% 이상,3505,4353414,500만미만
2020-08-17,2020,3,다만 악에서 구하소서 / 오케이 마담 / 강철비2: 정상회담,"다만 악에서 구하소서 (<5M, 4,353,414명) / 오케이 마담 (<5M, 1,228,551명) / 강철비2: 정상회담 (<5M, 1,790,797명)",66.60832360949047,60% 이상,3425,4353414,500만미만
2020-08-18,2020,3,다만 악에서 구하소서 / 오케이 마담 / 강철비2: 정상회담,"다만 악에서 구하소서 (<5M, 4,353,414명) / 오케이 마담 (<5M, 1,228,551명) / 강철비2: 정상회담 (<5M, 1,790,797명)",71.98637911464245,70% 이상,3171,4353414,500만미만
2020-08-19,2020,3,다만 악에서 구하소서 / 오케이 마담 / 강철비2: 정상회담,"다만 악에서 구하소서 (<5M, 4,353,414명) / 오케이 마담 (<5M, 1,228,551명) / 강철비2: 정상회담 (<5M, 1,790,797명)",71.06184364060677,70% 이상,3045,4353414,500만미만
2020-08-20,2020,3,다만 악에서 구하소서 / 오케이 마담 / 강철비2: 정상회담,"다만 악에서 구하소서 (<5M, 4,353,414명) / 오케이 마담 (<5M, 1,228,551명) / 강철비2: 정상회담 (<5M, 1,790,797명)",65.89411497386958,60% 이상,2900,4353414,500만미만
2020-08-21,2020,3,다만 악에서 구하소서 / 오케이 마담 / 극장판 짱구는 못말려: 신혼여행 허리케인~ 사라진 아빠!,"다만 악에서 구하소서 (<5M, 4,353,414명) / 오케이 마담 (<5M, 1,228,551명) / 극장판 짱구는 못말려: 신혼여행 허리케인~ 사라진 아빠! (<5M, 120,580명)",65.06481895395619,60% 이상,2911,4353414,500만미만
2020-08-22,2020,3,다만 악에서 구하소서 / 오케이 마담 / 극장판 짱구는 못말려: 신혼여행 허리케인~ 사라진 아빠!,"다만 악에서 구하소서 (<5M, 4,353,414명) / 오케이 마담 (<5M, 1,228,551명) / 극장판 짱구는 못말려: 신혼여행 허리케인~ 사라진 아빠! (<5M, 120,580명)",62.37133053755242,60% 이상,3272,4353414,500만미만
2020-08-23,2020,3,다만 악에서 구하소서 / 오케이 마담 / 극장판 짱구는 못말려: 신혼여행 허리케인~ 사라진 아빠!,"다만 악에서 구하소서 (<5M, 4,353,414명) / 오케이 마담 (<5M, 1,228,551명) / 극장판 짱구는 못말려: 신혼여행 허리케인~ 사라진 아빠! (<5M, 120,580명)",62.565802300643405,60% 이상,3209,4353414,500만미만
2020-08-24,2020,3,다만 악에서 구하소서 / 오케이 마담 / 극장판 짱구는 못말려: 신혼여행 허리케인~ 사라진 아빠!,"다만 악에서 구하소서 (<5M, 4,353,414명) / 오케이 마담 (<5M, 1,228,551명) / 극장판 짱구는 못말려: 신혼여행 허리케인~ 사라진 아빠! (<5M, 120,580명)",66.52791380999021,60% 이상,2717,4353414,500만미만
2020-08-25,2020,3,다만 악에서 구하소서 / 오케이 마담 / 극장판 짱구는 못말려: 신혼여행 허리케인~ 사라진 아빠!,"다만 악에서 구하소서 (<5M, 4,353,414명) / 오케이 마담 (<5M, 1,228,551명) / 극장판 짱구는 못말려: 신혼여행 허리케인~ 사라진 아빠! (<5M, 120,580명)",67.89844142785319,60% 이상,2701,4353414,500만미만
2020-08-26,2020,2,테넷 / 다만 악에서 구하소서,"테넷 (<5M, 1,996,621명) / 다만 악에서 구하소서 (<5M, 4,353,414명)",68.23474615742897,60% 이상,2930,4353414,500만미만
2020-08-26,2020,3,테넷 / 다만 악에서 구하소서 / 오케이 마담,"테넷 (<5M, 1,996,621명) / 다만 악에서 구하소서 (<5M, 4,353,414명) / 오케이 마담 (<5M, 1,228,551명)",81.5556590591523,70% 이상,3502,4353414,500만미만
2020-08-27,2020,2,테넷 / 다만 악에서 구하소서,"테넷 (<5M, 1,996,621명) / 다만 악에서 구하소서 (<5M, 4,353,414명)",67.37217598097503,60% 이상,2833,4353414,500만미만
2020-08-27,2020,3,테넷 / 다만 악에서 구하소서 / 오케이 마담,"테넷 (<5M, 1,996,621명) / 다만 악에서 구하소서 (<5M, 4,353,414명) / 오케이 마담 (<5M, 1,228,551명)",80.95124851367419,70% 이상,3404,4353414,500만미만
2020-08-28,2020,2,테넷 / 다만 악에서 구하소서,"테넷 (<5M, 1,996,621명) / 다만 악에서 구하소서 (<5M, 4,353,414명)",67.39283204497539,60% 이상,2877,4353414,500만미만
2020-08-28,2020,3,테넷 / 다만 악에서 구하소서 / 오케이 마담,"테넷 (<5M, 1,996,621명) / 다만 악에서 구하소서 (<5M, 4,353,414명) / 오케이 마담 (<5M, 1,228,551명)",81.00257671585851,70% 이상,3458,4353414,500만미만
2020-08-29,2020,2,테넷 / 다만 악에서 구하소서,"테넷 (<5M, 1,996,621명) / 다만 악에서 구하소서 (<5M, 4,353,414명)",68.46298031865042,60% 이상,2922,4353414,500만미만
2020-08-29,2020,3,테넷 / 다만 악에서 구하소서 / 오케이 마담,"테넷 (<5M, 1,996,621명) / 다만 악에서 구하소서 (<5M, 4,353,414명) / 오케이 마담 (<5M, 1,228,551명)",82.63823805060919,70% 이상,3527,4353414,500만미만
2020-08-30,2020,2,테넷 / 다만 악에서 구하소서,"테넷 (<5M, 1,996,621명) / 다만 악에서 구하소서 (<5M, 4,353,414명)",68.35056390977444,60% 이상,2909,4353414,500만미만
2020-08-30,2020,3,테넷 / 다만 악에서 구하소서 / 오케이 마담,"테넷 (<5M, 1,996,621명) / 다만 악에서 구하소서 (<5M, 4,353,414명) / 오케이 마담 (<5M, 1,228,551명)",82.4953007518797,70% 이상,3511,4353414,500만미만
2020-08-31,2020,2,테넷 / 다만 악에서 구하소서,"테넷 (<5M, 1,996,621명) / 다만 악에서 구하소서 (<5M, 4,353,414명)",67.37994526001494,60% 이상,2708,4353414,500만미만
2020-08-31,2020,3,테넷 / 다만 악에서 구하소서 / 오케이 마담,"테넷 (<5M, 1,996,621명) / 다만 악에서 구하소서 (<5M, 4,353,414명) / 오케이 마담 (<5M, 1,228,551명)",81.48793232147301,70% 이상,3275,4353414,500만미만
2020-09-01,2020,2,테넷 / 다만 악에서 구하소서,"테넷 (<5M, 1,996,621명) / 다만 악에서 구하소서 (<5M, 4,353,414명)",68.52895950794465,60% 이상,2674,4353414,500만미만
2020-09-01,2020,3,테넷 / 다만 악에서 구하소서 / 오케이 마담,"테넷 (<5M, 1,996,621명) / 다만 악에서 구하소서 (<5M, 4,353,414명) / 오케이 마담 (<5M, 1,228,551명)",82.13736545361353,70% 이상,3205,4353414,500만미만
2020-09-02,2020,2,테넷 / 오! 문희,"테넷 (<5M, 1,996,621명) / 오! 문희 (<5M, 348,459명)",63.48969967733929,60% 이상,2558,1996621,500만미만
2020-09-02,2020,3,테넷 / 오! 문희 / 다만 악에서 구하소서,"테넷 (<5M, 1,996,621명) / 오! 문희 (<5M, 348,459명) / 다만 악에서 구하소서 (<5M, 4,353,414명)",76.76842889054356,70% 이상,3093,4353414,500만미만
2020-09-03,2020,2,테넷 / 오! 문희,"테넷 (<5M, 1,996,621명) / 오! 문희 (<5M, 348,459명)",62.88608846058809,60% 이상,2545,1996621,500만미만
2020-09-03,2020,3,테넷 / 오! 문희 / 다만 악에서 구하소서,"테넷 (<5M, 1,996,621명) / 오! 문희 (<5M, 348,459명) / 다만 악에서 구하소서 (<5M, 4,353,414명)",75.95749938225846,70% 이상,3074,4353414,500만미만
2020-09-04,2020,2,테넷 / 오! 문희,"테넷 (<5M, 1,996,621명) / 오! 문희 (<5M, 348,459명)",62.72102161100196,60% 이상,2554,1996621,500만미만
2020-09-04,2020,3,테넷 / 오! 문희 / 다만 악에서 구하소서,"테넷 (<5M, 1,996,621명) / 오! 문희 (<5M, 348,459명) / 다만 악에서 구하소서 (<5M, 4,353,414명)",76.00687622789783,70% 이상,3095,4353414,500만미만
2020-09-05,2020,2,테넷 / 오! 문희,"테넷 (<5M, 1,996,621명) / 오! 문희 (<5M, 348,459명)",61.586493987049025,60% 이상,2663,1996621,500만미만
2020-09-05,2020,3,테넷 / 오! 문희 / 다만 악에서 구하소서,"테넷 (<5M, 1,996,621명) / 오! 문희 (<5M, 348,459명) / 다만 악에서 구하소서 (<5M, 4,353,414명)",74.69935245143385,70% 이상,3230,4353414,500만미만
2020-09-06,2020,2,테넷 / 오! 문희,"테넷 (<5M, 1,996,621명) / 오! 문희 (<5M, 348,459명)",60.94949965091925,60% 이상,2619,1996621,500만미만
2020-09-06,2020,3,테넷 / 오! 문희 / 다만 악에서 구하소서,"테넷 (<5M, 1,996,621명) / 오! 문희 (<5M, 348,459명) / 다만 악에서 구하소서 (<5M, 4,353,414명)",74.0982080521294,70% 이상,3184,4353414,500만미만
2020-09-07,2020,2,테넷 / 오! 문희,"테넷 (<5M, 1,996,621명) / 오! 문희 (<5M, 348,459명)",63.036132050948794,60% 이상,2425,1996621,500만미만
2020-09-07,2020,3,테넷 / 오! 문희 / 다만 악에서 구하소서,"테넷 (<5M, 1,996,621명) / 오! 문희 (<5M, 348,459명) / 다만 악에서 구하소서 (<5M, 4,353,414명)",76.89108396152847,70% 이상,2958,4353414,500만미만
2020-09-08,2020,2,테넷 / 오! 문희,"테넷 (<5M, 1,996,621명) / 오! 문희 (<5M, 348,459명)",63.74055743683251,60% 이상,2447,1996621,500만미만
2020-09-08,2020,3,테넷 / 오! 문희 / 다만 악에서 구하소서,"테넷 (<5M, 1,996,621명) / 오! 문희 (<5M, 348,459명) / 다만 악에서 구하소서 (<5M, 4,353,414명)",77.33784839802033,70% 이상,2969,4353414,500만미만
2020-09-09,2020,3,테넷 / 오! 문희 / 에이바,"테넷 (<5M, 1,996,621명) / 오! 문희 (<5M, 348,459명) / 에이바 (<5M, 24,517명)",68.62399193548387,60% 이상,2723,1996621,500만미만
2020-09-10,2020,3,테넷 / 뉴 뮤턴트 / 오! 문희,"테넷 (<5M, 1,996,621명) / 뉴 뮤턴트 (<5M, 61,369명) / 오! 문희 (<5M, 348,459명)",66.70829170829171,60% 이상,2671,1996621,500만미만
2020-09-11,2020,3,테넷 / 뉴 뮤턴트 / 오! 문희,"테넷 (<5M, 1,996,621명) / 뉴 뮤턴트 (<5M, 61,369명) / 오! 문희 (<5M, 348,459명)",66.16099828725226,60% 이상,2704,1996621,500만미만
2020-09-12,2020,3,테넷 / 뉴 뮤턴트 / 오! 문희,"테넷 (<5M, 1,996,621명) / 뉴 뮤턴트 (<5M, 61,369명) / 오! 문희 (<5M, 348,459명)",64.74770642201835,60% 이상,2823,1996621,500만미만
2020-09-13,2020,3,테넷 / 뉴 뮤턴트 / 오! 문희,"테넷 (<5M, 1,996,621명) / 뉴 뮤턴트 (<5M, 61,369명) / 오! 문희 (<5M, 348,459명)",64.65816917728853,60% 이상,2790,1996621,500만미만
2020-09-14,2020,3,테넷 / 오! 문희 / 뉴 뮤턴트,"테넷 (<5M, 1,996,621명) / 오! 문희 (<5M, 348,459명) / 뉴 뮤턴트 (<5M, 61,369명)",67.18921892189219,60% 이상,2443,1996621,500만미만
2020-09-15,2020,3,테넷 / 오! 문희 / 뉴 뮤턴트,"테넷 (<5M, 1,996,621명) / 오! 문희 (<5M, 348,459명) / 뉴 뮤턴트 (<5M, 61,369명)",65.99362380446334,60% 이상,2484,1996621,500만미만
2020-09-16,2020,3,테넷 / 오! 문희 / 뉴 뮤턴트,"테넷 (<5M, 1,996,621명) / 오! 문희 (<5M, 348,459명) / 뉴 뮤턴트 (<5M, 61,369명)",64.44267937516548,60% 이상,2434,1996621,500만미만
2020-09-17,2020,2,뮬란 / 테넷,"뮬란 (<5M, 226,101명) / 테넷 (<5M, 1,996,621명)",62.66703786191537,60% 이상,2251,1996621,500만미만
2020-09-17,2020,3,뮬란 / 테넷 / 오! 문희,"뮬란 (<5M, 226,101명) / 테넷 (<5M, 1,996,621명) / 오! 문희 (<5M, 348,459명)",75.1391982182628,70% 이상,2699,1996621,500만미만
2020-09-18,2020,2,뮬란 / 테넷,"뮬란 (<5M, 226,101명) / 테넷 (<5M, 1,996,621명)",61.13328012769354,60% 이상,2298,1996621,500만미만
2020-09-18,2020,3,뮬란 / 테넷 / 오! 문희,"뮬란 (<5M, 226,101명) / 테넷 (<5M, 1,996,621명) / 오! 문희 (<5M, 348,459명)",73.84942803937217,70% 이상,2776,1996621,500만미만
2020-09-19,2020,2,뮬란 / 테넷,"뮬란 (<5M, 226,101명) / 테넷 (<5M, 1,996,621명)",64.74003694906308,60% 이상,2453,1996621,500만미만
2020-09-19,2020,3,뮬란 / 테넷 / 오! 문희,"뮬란 (<5M, 226,101명) / 테넷 (<5M, 1,996,621명) / 오! 문희 (<5M, 348,459명)",78.96542623383479,70% 이상,2992,1996621,500만미만
2020-09-20,2020,2,뮬란 / 테넷,"뮬란 (<5M, 226,101명) / 테넷 (<5M, 1,996,621명)",66.26409017713365,60% 이상,2469,1996621,500만미만
2020-09-20,2020,3,뮬란 / 테넷 / 오! 문희,"뮬란 (<5M, 226,101명) / 테넷 (<5M, 1,996,621명) / 오! 문희 (<5M, 348,459명)",80.75684380032206,70% 이상,3009,1996621,500만미만
2020-09-21,2020,2,뮬란 / 테넷,"뮬란 (<5M, 226,101명) / 테넷 (<5M, 1,996,621명)",62.89912404634077,60% 이상,2226,1996621,500만미만
2020-09-21,2020,3,뮬란 / 테넷 / 오! 문희,"뮬란 (<5M, 226,101명) / 테넷 (<5M, 1,996,621명) / 오! 문희 (<5M, 348,459명)",76.57530375812377,70% 이상,2710,1996621,500만미만
2020-09-22,2020,2,뮬란 / 테넷,"뮬란 (<5M, 226,101명) / 테넷 (<5M, 1,996,621명)",64.59554513481828,60% 이상,2204,1996621,500만미만
2020-09-22,2020,3,뮬란 / 테넷 / 오! 문희,"뮬란 (<5M, 226,101명) / 테넷 (<5M, 1,996,621명) / 오! 문희 (<5M, 348,459명)",78.92731535756155,70% 이상,2693,1996621,500만미만
2020-10-19,2020,3,소리도 없이 / 담보 / 돌멩이,"소리도 없이 (<5M, 398,025명) / 담보 (<5M, 1,715,630명) / 돌멩이 (<5M, 14,680명)",63.63109048723898,60% 이상,2194,1715630,500만미만
2020-10-20,2020,3,소리도 없이 / 담보 / 돌멩이,"소리도 없이 (<5M, 398,025명) / 담보 (<5M, 1,715,630명) / 돌멩이 (<5M, 14,680명)",61.8032786885246,60% 이상,2262,1715630,500만미만
2020-10-21,2020,2,삼진그룹 영어토익반 / 소리도 없이,"삼진그룹 영어토익반 (<5M, 1,566,916명) / 소리도 없이 (<5M, 398,025명)",61.56746566119041,60% 이상,2286,1566916,500만미만
2020-10-21,2020,3,삼진그룹 영어토익반 / 소리도 없이 / 담보,"삼진그룹 영어토익반 (<5M, 1,566,916명) / 소리도 없이 (<5M, 398,025명) / 담보 (<5M, 1,715,630명)",78.21168866145973,70% 이상,2904,1715630,500만미만
2020-10-22,2020,2,삼진그룹 영어토익반 / 소리도 없이,"삼진그룹 영어토익반 (<5M, 1,566,916명) / 소리도 없이 (<5M, 398,025명)",61.540608428691044,60% 이상,2205,1566916,500만미만
2020-10-22,2020,3,삼진그룹 영어토익반 / 소리도 없이 / 담보,"삼진그룹 영어토익반 (<5M, 1,566,916명) / 소리도 없이 (<5M, 398,025명) / 담보 (<5M, 1,715,630명)",77.00251186156852,70% 이상,2759,1715630,500만미만
2020-10-23,2020,3,삼진그룹 영어토익반 / 소리도 없이 / 담보,"삼진그룹 영어토익반 (<5M, 1,566,916명) / 소리도 없이 (<5M, 398,025명) / 담보 (<5M, 1,715,630명)",74.73300338629852,70% 이상,2869,1715630,500만미만
2020-10-24,2020,3,삼진그룹 영어토익반 / 소리도 없이 / 담보,"삼진그룹 영어토익반 (<5M, 1,566,916명) / 소리도 없이 (<5M, 398,025명) / 담보 (<5M, 1,715,630명)",73.57160835640573,70% 이상,2923,1715630,500만미만
2020-10-25,2020,3,삼진그룹 영어토익반 / 소리도 없이 / 담보,"삼진그룹 영어토익반 (<5M, 1,566,916명) / 소리도 없이 (<5M, 398,025명) / 담보 (<5M, 1,715,630명)",73.76377145785293,70% 이상,2879,1715630,500만미만
2020-10-26,2020,3,삼진그룹 영어토익반 / 소리도 없이 / 담보,"삼진그룹 영어토익반 (<5M, 1,566,916명) / 소리도 없이 (<5M, 398,025명) / 담보 (<5M, 1,715,630명)",74.40648523451071,70% 이상,2570,1715630,500만미만
2020-10-27,2020,3,삼진그룹 영어토익반 / 소리도 없이 / 담보,"삼진그룹 영어토익반 (<5M, 1,566,916명) / 소리도 없이 (<5M, 398,025명) / 담보 (<5M, 1,715,630명)",72.82518641259321,70% 이상,2637,1715630,500만미만
2020-11-02,2020,3,삼진그룹 영어토익반 / 담보 / 위플래쉬,"삼진그룹 영어토익반 (<5M, 1,566,916명) / 담보 (<5M, 1,715,630명) / 위플래쉬 (<5M, 1,717,596명)",60.75722691225377,60% 이상,2375,1717596,500만미만
2020-11-03,2020,3,삼진그룹 영어토익반 / 담보 / 위플래쉬,"삼진그룹 영어토익반 (<5M, 1,566,916명) / 담보 (<5M, 1,715,630명) / 위플래쉬 (<5M, 1,717,596명)",60.570851225056835,60% 이상,2398,1717596,500만미만
2020-11-04,2020,2,도굴 / 삼진그룹 영어토익반,"도굴 (<5M, 1,544,146명) / 삼진그룹 영어토익반 (<5M, 1,566,916명)",71.93920630453138,70% 이상,2556,1566916,500만미만
2020-11-04,2020,3,도굴 / 삼진그룹 영어토익반 / 담보,"도굴 (<5M, 1,544,146명) / 삼진그룹 영어토익반 (<5M, 1,566,916명) / 담보 (<5M, 1,715,630명)",82.49366732338869,70% 이상,2931,1715630,500만미만
2020-11-05,2020,2,도굴 / 삼진그룹 영어토익반,"도굴 (<5M, 1,544,146명) / 삼진그룹 영어토익반 (<5M, 1,566,916명)",71.43251449075352,70% 이상,2588,1566916,500만미만
2020-11-05,2020,3,도굴 / 삼진그룹 영어토익반 / 담보,"도굴 (<5M, 1,544,146명) / 삼진그룹 영어토익반 (<5M, 1,566,916명) / 담보 (<5M, 1,715,630명)",81.20342257797405,70% 이상,2942,1715630,500만미만
2020-11-06,2020,2,도굴 / 삼진그룹 영어토익반,"도굴 (<5M, 1,544,146명) / 삼진그룹 영어토익반 (<5M, 1,566,916명)",71.37837837837839,70% 이상,2641,1566916,500만미만
2020-11-06,2020,3,도굴 / 삼진그룹 영어토익반 / 담보,"도굴 (<5M, 1,544,146명) / 삼진그룹 영어토익반 (<5M, 1,566,916명) / 담보 (<5M, 1,715,630명)",81.35135135135135,70% 이상,3010,1715630,500만미만
2020-11-07,2020,2,도굴 / 삼진그룹 영어토익반,"도굴 (<5M, 1,544,146명) / 삼진그룹 영어토익반 (<5M, 1,566,916명)",70.6371911573472,70% 이상,2716,1566916,500만미만
2020-11-07,2020,3,도굴 / 삼진그룹 영어토익반 / 담보,"도굴 (<5M, 1,544,146명) / 삼진그룹 영어토익반 (<5M, 1,566,916명) / 담보 (<5M, 1,715,630명)",81.11833550065019,70% 이상,3119,1715630,500만미만
2020-11-08,2020,2,도굴 / 삼진그룹 영어토익반,"도굴 (<5M, 1,544,146명) / 삼진그룹 영어토익반 (<5M, 1,566,916명)",70.70147679324894,70% 이상,2681,1566916,500만미만
2020-11-08,2020,3,도굴 / 삼진그룹 영어토익반 / 담보,"도굴 (<5M, 1,544,146명) / 삼진그룹 영어토익반 (<5M, 1,566,916명) / 담보 (<5M, 1,715,630명)",81.43459915611814,70% 이상,3088,1715630,500만미만
2020-11-09,2020,2,도굴 / 삼진그룹 영어토익반,"도굴 (<5M, 1,544,146명) / 삼진그룹 영어토익반 (<5M, 1,566,916명)",71.77700348432056,70% 이상,2472,1566916,500만미만
2020-11-09,2020,3,도굴 / 삼진그룹 영어토익반 / 담보,"도굴 (<5M, 1,544,146명) / 삼진그룹 영어토익반 (<5M, 1,566,916명) / 담보 (<5M, 1,715,630명)",81.53310104529616,70% 이상,2808,1715630,500만미만
2020-11-10,2020,2,도굴 / 삼진그룹 영어토익반,"도굴 (<5M, 1,544,146명) / 삼진그룹 영어토익반 (<5M, 1,566,916명)",70.30990592141671,70% 이상,2541,1566916,500만미만
2020-11-10,2020,3,도굴 / 삼진그룹 영어토익반 / 담보,"도굴 (<5M, 1,544,146명) / 삼진그룹 영어토익반 (<5M, 1,566,916명) / 담보 (<5M, 1,715,630명)",79.9114554510238,70% 이상,2888,1715630,500만미만
2020-11-11,2020,2,도굴 / 삼진그룹 영어토익반,"도굴 (<5M, 1,544,146명) / 삼진그룹 영어토익반 (<5M, 1,566,916명)",75.30084235860409,70% 이상,2503,1566916,500만미만
2020-11-11,2020,3,도굴 / 삼진그룹 영어토익반 / 담보,"도굴 (<5M, 1,544,146명) / 삼진그룹 영어토익반 (<5M, 1,566,916명) / 담보 (<5M, 1,715,630명)",85.37906137184116,70% 이상,2838,1715630,500만미만
2020-11-12,2020,3,도굴 / 내가 죽던 날 / 삼진그룹 영어토익반,"도굴 (<5M, 1,544,146명) / 내가 죽던 날 (<5M, 234,322명) / 삼진그룹 영어토익반 (<5M, 1,566,916명)",70.41954328199681,70% 이상,2652,1566916,500만미만
2020-11-13,2020,3,도굴 / 내가 죽던 날 / 삼진그룹 영어토익반,"도굴 (<5M, 1,544,146명) / 내가 죽던 날 (<5M, 234,322명) / 삼진그룹 영어토익반 (<5M, 1,566,916명)",72.87332104292864,70% 이상,2767,1566916,500만미만
2020-11-14,2020,3,도굴 / 내가 죽던 날 / 삼진그룹 영어토익반,"도굴 (<5M, 1,544,146명) / 내가 죽던 날 (<5M, 234,322명) / 삼진그룹 영어토익반 (<5M, 1,566,916명)",72.77539702546005,70% 이상,2887,1566916,500만미만
2020-11-15,2020,3,도굴 / 내가 죽던 날 / 삼진그룹 영어토익반,"도굴 (<5M, 1,544,146명) / 내가 죽던 날 (<5M, 234,322명) / 삼진그룹 영어토익반 (<5M, 1,566,916명)",72.71122320302648,70% 이상,2883,1566916,500만미만
2020-11-16,2020,3,도굴 / 내가 죽던 날 / 삼진그룹 영어토익반,"도굴 (<5M, 1,544,146명) / 내가 죽던 날 (<5M, 234,322명) / 삼진그룹 영어토익반 (<5M, 1,566,916명)",76.54284002396645,70% 이상,2555,1566916,500만미만
2020-11-17,2020,3,도굴 / 내가 죽던 날 / 삼진그룹 영어토익반,"도굴 (<5M, 1,544,146명) / 내가 죽던 날 (<5M, 234,322명) / 삼진그룹 영어토익반 (<5M, 1,566,916명)",74.45150115473442,70% 이상,2579,1566916,500만미만
2020-11-18,2020,3,도굴 / 내가 죽던 날 / 삼진그룹 영어토익반,"도굴 (<5M, 1,544,146명) / 내가 죽던 날 (<5M, 234,322명) / 삼진그룹 영어토익반 (<5M, 1,566,916명)",62.32895089884626,60% 이상,2323,1566916,500만미만
2020-11-19,2020,3,도굴 / 내가 죽던 날 / 삼진그룹 영어토익반,"도굴 (<5M, 1,544,146명) / 내가 죽던 날 (<5M, 234,322명) / 삼진그룹 영어토익반 (<5M, 1,566,916명)",62.89592760180996,60% 이상,2224,1566916,500만미만
2020-11-23,2020,3,도굴 / 런 / 삼진그룹 영어토익반,"도굴 (<5M, 1,544,146명) / 런 (<5M, 277,525명) / 삼진그룹 영어토익반 (<5M, 1,566,916명)",61.45316603443245,60% 이상,2106,1566916,500만미만
2020-11-24,2020,3,도굴 / 런 / 내가 죽던 날,"도굴 (<5M, 1,544,146명) / 런 (<5M, 277,525명) / 내가 죽던 날 (<5M, 234,322명)",60.266821345707655,60% 이상,2078,1544146,500만미만
2020-11-25,2020,3,이웃사촌 / 도굴 / 프리키 데스데이,"이웃사촌 (<5M, 427,422명) / 도굴 (<5M, 1,544,146명) / 프리키 데스데이 (<5M, 51,288명)",62.11013645224172,60% 이상,2549,1544146,500만미만
2020-11-26,2020,3,이웃사촌 / 도굴 / 프리키 데스데이,"이웃사촌 (<5M, 427,422명) / 도굴 (<5M, 1,544,146명) / 프리키 데스데이 (<5M, 51,288명)",64.0479360852197,60% 이상,2405,1544146,500만미만
2020-11-27,2020,3,이웃사촌 / 도굴 / 런,"이웃사촌 (<5M, 427,422명) / 도굴 (<5M, 1,544,146명) / 런 (<5M, 277,525명)",63.54540790148794,60% 이상,2477,1544146,500만미만
2020-11-28,2020,3,이웃사촌 / 도굴 / 런,"이웃사촌 (<5M, 427,422명) / 도굴 (<5M, 1,544,146명) / 런 (<5M, 277,525명)",64.4135657089025,60% 이상,2735,1544146,500만미만
2020-11-29,2020,3,이웃사촌 / 도굴 / 런,"이웃사촌 (<5M, 427,422명) / 도굴 (<5M, 1,544,146명) / 런 (<5M, 277,525명)",64.62220149253731,60% 이상,2771,1544146,500만미만
2020-11-30,2020,3,이웃사촌 / 도굴 / 런,"이웃사촌 (<5M, 427,422명) / 도굴 (<5M, 1,544,146명) / 런 (<5M, 277,525명)",63.81612737544941,60% 이상,2485,1544146,500만미만
2020-12-01,2020,3,이웃사촌 / 도굴 / 런,"이웃사촌 (<5M, 427,422명) / 도굴 (<5M, 1,544,146명) / 런 (<5M, 277,525명)",65.9539016939739,60% 이상,2375,1544146,500만미만
2020-12-02,2020,3,이웃사촌 / 더 프롬 / 도굴,"이웃사촌 (<5M, 427,422명) / 더 프롬 (<5M, 24,015명) / 도굴 (<5M, 1,544,146명)",61.53421633554083,60% 이상,2230,1544146,500만미만
2020-12-03,2020,3,이웃사촌 / 더 프롬 / 런,"이웃사촌 (<5M, 427,422명) / 더 프롬 (<5M, 24,015명) / 런 (<5M, 277,525명)",60.70698217937482,60% 이상,2078,427422,500만미만
2020-12-04,2020,3,이웃사촌 / 더 프롬 / 도굴,"이웃사촌 (<5M, 427,422명) / 더 프롬 (<5M, 24,015명) / 도굴 (<5M, 1,544,146명)",60.16901408450704,60% 이상,2136,1544146,500만미만
2020-12-05,2020,3,이웃사촌 / 도굴 / 런,"이웃사촌 (<5M, 427,422명) / 도굴 (<5M, 1,544,146명) / 런 (<5M, 277,525명)",61.08348599842973,60% 이상,2334,1544146,500만미만
2020-12-06,2020,3,이웃사촌 / 도굴 / 런,"이웃사촌 (<5M, 427,422명) / 도굴 (<5M, 1,544,146명) / 런 (<5M, 277,525명)",60.31578947368421,60% 이상,2292,1544146,500만미만
2020-12-07,2020,3,이웃사촌 / 도굴 / 런,"이웃사촌 (<5M, 427,422명) / 도굴 (<5M, 1,544,146명) / 런 (<5M, 277,525명)",63.18754141815772,60% 이상,1907,1544146,500만미만
2020-12-08,2020,3,이웃사촌 / 도굴 / 런,"이웃사촌 (<5M, 427,422명) / 도굴 (<5M, 1,544,146명) / 런 (<5M, 277,525명)",62.94793779580798,60% 이상,1862,1544146,500만미만
2020-12-09,2020,3,이웃사촌 / 도굴 / 런,"이웃사촌 (<5M, 427,422명) / 도굴 (<5M, 1,544,146명) / 런 (<5M, 277,525명)",66.33217993079585,60% 이상,1917,1544146,500만미만
2020-12-10,2020,3,조제 / 이웃사촌 / 도굴,"조제 (<5M, 209,062명) / 이웃사촌 (<5M, 427,422명) / 도굴 (<5M, 1,544,146명)",72.21651250428229,70% 이상,2108,1544146,500만미만
2020-12-11,2020,3,조제 / 이웃사촌 / 도굴,"조제 (<5M, 209,062명) / 이웃사촌 (<5M, 427,422명) / 도굴 (<5M, 1,544,146명)",66.72868217054264,60% 이상,2152,1544146,500만미만
2020-12-12,2020,3,조제 / 이웃사촌 / 런,"조제 (<5M, 209,062명) / 이웃사촌 (<5M, 427,422명) / 런 (<5M, 277,525명)",66.1923733636881,60% 이상,2326,427422,500만미만
2020-12-13,2020,3,조제 / 이웃사촌 / 도굴,"조제 (<5M, 209,062명) / 이웃사촌 (<5M, 427,422명) / 도굴 (<5M, 1,544,146명)",65.68149210903874,60% 이상,2289,1544146,500만미만
2020-12-14,2020,3,조제 / 이웃사촌 / 도굴,"조제 (<5M, 209,062명) / 이웃사촌 (<5M, 427,422명) / 도굴 (<5M, 1,544,146명)",69.04761904761905,60% 이상,1943,1544146,500만미만
2020-12-15,2020,3,조제 / 이웃사촌 / 도굴,"조제 (<5M, 209,062명) / 이웃사촌 (<5M, 427,422명) / 도굴 (<5M, 1,544,146명)",69.27214055216923,60% 이상,1932,1544146,500만미만
2020-12-16,2020,3,조제 / 이웃사촌 / 도굴,"조제 (<5M, 209,062명) / 이웃사촌 (<5M, 427,422명) / 도굴 (<5M, 1,544,146명)",68.05505251720392,60% 이상,1879,1544146,500만미만
2020-12-17,2020,3,조제 / 이웃사촌 / 도굴,"조제 (<5M, 209,062명) / 이웃사촌 (<5M, 427,422명) / 도굴 (<5M, 1,544,146명)",60.23255813953489,60% 이상,1813,1544146,500만미만
2020-12-23,2020,2,원더 우먼 1984 / 조제,"원더 우먼 1984 (<5M, 548,695명) / 조제 (<5M, 209,062명)",71.14519968262364,70% 이상,2690,548695,500만미만
2020-12-23,2020,3,원더 우먼 1984 / 조제 / 도굴,"원더 우먼 1984 (<5M, 548,695명) / 조제 (<5M, 209,062명) / 도굴 (<5M, 1,544,146명)",79.39698492462311,70% 이상,3002,1544146,500만미만
2020-12-24,2020,2,원더 우먼 1984 / 조제,"원더 우먼 1984 (<5M, 548,695명) / 조제 (<5M, 209,062명)",64.32651118514993,60% 이상,2703,548695,500만미만
2020-12-24,2020,3,원더 우먼 1984 / 조제 / 화양연화,"원더 우먼 1984 (<5M, 548,695명) / 조제 (<5M, 209,062명) / 화양연화 (<5M, 114,911명)",73.29842931937172,70% 이상,3080,548695,500만미만
2020-12-25,2020,3,원더 우먼 1984 / 조제 / 도굴,"원더 우먼 1984 (<5M, 548,695명) / 조제 (<5M, 209,062명) / 도굴 (<5M, 1,544,146명)",66.54197838736492,60% 이상,3202,1544146,500만미만
2020-12-26,2020,3,원더 우먼 1984 / 조제 / 화양연화,"원더 우먼 1984 (<5M, 548,695명) / 조제 (<5M, 209,062명) / 화양연화 (<5M, 114,911명)",68.64899806076276,60% 이상,3186,548695,500만미만
2020-12-27,2020,2,원더 우먼 1984 / 조제,"원더 우먼 1984 (<5M, 548,695명) / 조제 (<5M, 209,062명)",61.762727068849514,60% 이상,2754,548695,500만미만
2020-12-27,2020,3,원더 우먼 1984 / 조제 / 화양연화,"원더 우먼 1984 (<5M, 548,695명) / 조제 (<5M, 209,062명) / 화양연화 (<5M, 114,911명)",70.98004036779547,70% 이상,3165,548695,500만미만
2020-12-28,2020,2,원더 우먼 1984 / 조제,"원더 우먼 1984 (<5M, 548,695명) / 조제 (<5M, 209,062명)",60.543209876543216,60% 이상,2452,548695,500만미만
2020-12-28,2020,3,원더 우먼 1984 / 조제 / 화양연화,"원더 우먼 1984 (<5M, 548,695명) / 조제 (<5M, 209,062명) / 화양연화 (<5M, 114,911명)",70.39506172839506,70% 이상,2851,548695,500만미만
2020-12-29,2020,3,원더 우먼 1984 / 조제 / 화양연화,"원더 우먼 1984 (<5M, 548,695명) / 조제 (<5M, 209,062명) / 화양연화 (<5M, 114,911명)",68.2646212847555,60% 이상,2848,548695,500만미만
2020-12-30,2020,3,원더 우먼 1984 / 조제 / 화양연화,"원더 우먼 1984 (<5M, 548,695명) / 조제 (<5M, 209,062명) / 화양연화 (<5M, 114,911명)",65.33763539986171,60% 이상,2835,548695,500만미만
2020-12-31,2020,3,원더 우먼 1984 / 조제 / 화양연화,"원더 우먼 1984 (<5M, 548,695명) / 조제 (<5M, 209,062명) / 화양연화 (<5M, 114,911명)",69.69696969696969,60% 이상,2875,548695,500만미만
2021-01-01,2021,3,원더 우먼 1984 / 조제 / 화양연화,"원더 우먼 1984 (<5M, 548,695명) / 조제 (<5M, 209,062명) / 화양연화 (<5M, 114,911명)",66.2303664921466,60% 이상,2783,548695,500만미만
2021-01-02,2021,3,원더 우먼 1984 / 조제 / 화양연화,"원더 우먼 1984 (<5M, 548,695명) / 조제 (<5M, 209,062명) / 화양연화 (<5M, 114,911명)",66.56105288813063,60% 이상,2731,548695,500만미만
2021-01-03,2021,3,원더 우먼 1984 / 조제 / 화양연화,"원더 우먼 1984 (<5M, 548,695명) / 조제 (<5M, 209,062명) / 화양연화 (<5M, 114,911명)",66.98468491087121,60% 이상,2668,548695,500만미만
2021-01-04,2021,3,원더 우먼 1984 / 화양연화 / 조제,"원더 우먼 1984 (<5M, 548,695명) / 화양연화 (<5M, 114,911명) / 조제 (<5M, 209,062명)",69.97570288094411,60% 이상,2016,548695,500만미만
2021-01-05,2021,3,원더 우먼 1984 / 화양연화 / 조제,"원더 우먼 1984 (<5M, 548,695명) / 화양연화 (<5M, 114,911명) / 조제 (<5M, 209,062명)",71.89542483660131,70% 이상,1980,548695,500만미만
2021-01-06,2021,3,원더 우먼 1984 / 화양연화 / 완벽한 가족,"원더 우먼 1984 (<5M, 548,695명) / 화양연화 (<5M, 114,911명) / 완벽한 가족 (<5M, 8,634명)",63.963002490217,60% 이상,1798,548695,500만미만
2021-01-20,2021,2,소울 / 커넥트,"소울 (<5M, 2,037,876명) / 커넥트 (<5M, 13,197명)",64.53621763356277,60% 이상,1969,2037876,500만미만
2021-01-20,2021,3,소울 / 커넥트 / 원더 우먼 1984,"소울 (<5M, 2,037,876명) / 커넥트 (<5M, 13,197명) / 원더 우먼 1984 (<5M, 548,695명)",73.94296951819076,70% 이상,2256,2037876,500만미만
2021-01-21,2021,2,소울 / 커넥트,"소울 (<5M, 2,037,876명) / 커넥트 (<5M, 13,197명)",66.88604087287843,60% 이상,1931,2037876,500만미만
2021-01-21,2021,3,소울 / 커넥트 / 원더 우먼 1984,"소울 (<5M, 2,037,876명) / 커넥트 (<5M, 13,197명) / 원더 우먼 1984 (<5M, 548,695명)",75.51091098025633,70% 이상,2180,2037876,500만미만
2021-01-22,2021,2,소울 / 커넥트,"소울 (<5M, 2,037,876명) / 커넥트 (<5M, 13,197명)",67.24773717733825,60% 이상,2006,2037876,500만미만
2021-01-22,2021,3,소울 / 커넥트 / 원더 우먼 1984,"소울 (<5M, 2,037,876명) / 커넥트 (<5M, 13,197명) / 원더 우먼 1984 (<5M, 548,695명)",76.06436473348978,70% 이상,2269,2037876,500만미만
2021-01-23,2021,1,소울,"소울 (<5M, 2,037,876명)",60.458107293550334,60% 이상,2006,2037876,500만미만
2021-01-23,2021,2,소울 / 커넥트,"소울 (<5M, 2,037,876명) / 커넥트 (<5M, 13,197명)",71.79023508137432,70% 이상,2382,2037876,500만미만
2021-01-23,2021,3,소울 / 커넥트 / 원더 우먼 1984,"소울 (<5M, 2,037,876명) / 커넥트 (<5M, 13,197명) / 원더 우먼 1984 (<5M, 548,695명)",80.22905364677517,70% 이상,2662,2037876,500만미만
2021-01-24,2021,2,소울 / 커넥트,"소울 (<5M, 2,037,876명) / 커넥트 (<5M, 13,197명)",71.14530926309558,70% 이상,2404,2037876,500만미만
2021-01-24,2021,3,소울 / 커넥트 / 원더 우먼 1984,"소울 (<5M, 2,037,876명) / 커넥트 (<5M, 13,197명) / 원더 우먼 1984 (<5M, 548,695명)",79.4317845516425,70% 이상,2684,2037876,500만미만
2021-01-25,2021,1,소울,"소울 (<5M, 2,037,876명)",60.60283687943262,60% 이상,1709,2037876,500만미만
2021-01-25,2021,2,소울 / 커넥트,"소울 (<5M, 2,037,876명) / 커넥트 (<5M, 13,197명)",69.68085106382979,60% 이상,1965,2037876,500만미만
2021-01-25,2021,3,소울 / 커넥트 / 원더 우먼 1984,"소울 (<5M, 2,037,876명) / 커넥트 (<5M, 13,197명) / 원더 우먼 1984 (<5M, 548,695명)",77.26950354609929,70% 이상,2179,2037876,500만미만
2021-01-26,2021,2,소울 / 커넥트,"소울 (<5M, 2,037,876명) / 커넥트 (<5M, 13,197명)",69.0909090909091,60% 이상,2014,2037876,500만미만
2021-01-26,2021,3,소울 / 커넥트 / 원더 우먼 1984,"소울 (<5M, 2,037,876명) / 커넥트 (<5M, 13,197명) / 원더 우먼 1984 (<5M, 548,695명)",77.39279588336193,70% 이상,2256,2037876,500만미만
2021-01-27,2021,3,소울 / 세자매 / 명탐정 코난: 진홍의 수학여행,"소울 (<5M, 2,037,876명) / 세자매 (<5M, 77,926명) / 명탐정 코난: 진홍의 수학여행 (<5M, 56,837명)",71.87940264863342,70% 이상,2551,2037876,500만미만
2021-01-28,2021,3,소울 / 세자매 / 명탐정 코난: 진홍의 수학여행,"소울 (<5M, 2,037,876명) / 세자매 (<5M, 77,926명) / 명탐정 코난: 진홍의 수학여행 (<5M, 56,837명)",65.12820512820512,60% 이상,2413,2037876,500만미만
2021-01-29,2021,3,소울 / 세자매 / 명탐정 코난: 진홍의 수학여행,"소울 (<5M, 2,037,876명) / 세자매 (<5M, 77,926명) / 명탐정 코난: 진홍의 수학여행 (<5M, 56,837명)",64.97756664027447,60% 이상,2462,2037876,500만미만
2021-01-30,2021,3,소울 / 세자매 / 명탐정 코난: 진홍의 수학여행,"소울 (<5M, 2,037,876명) / 세자매 (<5M, 77,926명) / 명탐정 코난: 진홍의 수학여행 (<5M, 56,837명)",67.19396446824045,60% 이상,2761,2037876,500만미만
2021-01-31,2021,3,소울 / 세자매 / 명탐정 코난: 진홍의 수학여행,"소울 (<5M, 2,037,876명) / 세자매 (<5M, 77,926명) / 명탐정 코난: 진홍의 수학여행 (<5M, 56,837명)",68.82891804902204,60% 이상,2780,2037876,500만미만
2021-02-01,2021,3,소울 / 세자매 / 명탐정 코난: 진홍의 수학여행,"소울 (<5M, 2,037,876명) / 세자매 (<5M, 77,926명) / 명탐정 코난: 진홍의 수학여행 (<5M, 56,837명)",67.91899031405929,60% 이상,2314,2037876,500만미만
2021-02-02,2021,3,소울 / 세자매 / 명탐정 코난: 진홍의 수학여행,"소울 (<5M, 2,037,876명) / 세자매 (<5M, 77,926명) / 명탐정 코난: 진홍의 수학여행 (<5M, 56,837명)",69.10994764397907,60% 이상,2376,2037876,500만미만
2021-02-03,2021,3,소울 / 극장판 귀멸의 칼날: 무한열차편 / 어니스트 씨프,"소울 (<5M, 2,037,876명) / 극장판 귀멸의 칼날: 무한열차편 (<5M, 2,213,329명) / 어니스트 씨프 (<5M, 80,784명)",70.21680216802167,70% 이상,2591,2213329,500만미만
2021-02-04,2021,3,소울 / 극장판 귀멸의 칼날: 무한열차편 / 어니스트 씨프,"소울 (<5M, 2,037,876명) / 극장판 귀멸의 칼날: 무한열차편 (<5M, 2,213,329명) / 어니스트 씨프 (<5M, 80,784명)",62.90571870170015,60% 이상,2442,2213329,500만미만
2021-02-05,2021,3,소울 / 극장판 귀멸의 칼날: 무한열차편 / 어니스트 씨프,"소울 (<5M, 2,037,876명) / 극장판 귀멸의 칼날: 무한열차편 (<5M, 2,213,329명) / 어니스트 씨프 (<5M, 80,784명)",63.716148445336,60% 이상,2541,2213329,500만미만
2021-02-06,2021,3,소울 / 극장판 귀멸의 칼날: 무한열차편 / 어니스트 씨프,"소울 (<5M, 2,037,876명) / 극장판 귀멸의 칼날: 무한열차편 (<5M, 2,213,329명) / 어니스트 씨프 (<5M, 80,784명)",65.09192459855713,60% 이상,2797,2213329,500만미만
2021-02-07,2021,3,소울 / 극장판 귀멸의 칼날: 무한열차편 / 어니스트 씨프,"소울 (<5M, 2,037,876명) / 극장판 귀멸의 칼날: 무한열차편 (<5M, 2,213,329명) / 어니스트 씨프 (<5M, 80,784명)",66.92051404093289,60% 이상,2812,2213329,500만미만
2021-02-08,2021,3,소울 / 극장판 귀멸의 칼날: 무한열차편 / 어니스트 씨프,"소울 (<5M, 2,037,876명) / 극장판 귀멸의 칼날: 무한열차편 (<5M, 2,213,329명) / 어니스트 씨프 (<5M, 80,784명)",67.87623066104078,60% 이상,2413,2213329,500만미만
2021-02-09,2021,3,소울 / 극장판 귀멸의 칼날: 무한열차편 / 어니스트 씨프,"소울 (<5M, 2,037,876명) / 극장판 귀멸의 칼날: 무한열차편 (<5M, 2,213,329명) / 어니스트 씨프 (<5M, 80,784명)",67.27272727272727,60% 이상,2442,2213329,500만미만
2021-02-18,2021,3,미션 파서블 / 소울 / 극장판 귀멸의 칼날: 무한열차편,"미션 파서블 (<5M, 444,052명) / 소울 (<5M, 2,037,876명) / 극장판 귀멸의 칼날: 무한열차편 (<5M, 2,213,329명)",60.08759923350671,60% 이상,2195,2213329,500만미만
2021-02-21,2021,3,미션 파서블 / 소울 / 극장판 귀멸의 칼날: 무한열차편,"미션 파서블 (<5M, 444,052명) / 소울 (<5M, 2,037,876명) / 극장판 귀멸의 칼날: 무한열차편 (<5M, 2,213,329명)",60.98159509202454,60% 이상,2485,2213329,500만미만
2021-02-22,2021,3,미션 파서블 / 소울 / 극장판 귀멸의 칼날: 무한열차편,"미션 파서블 (<5M, 444,052명) / 소울 (<5M, 2,037,876명) / 극장판 귀멸의 칼날: 무한열차편 (<5M, 2,213,329명)",63.61161524500907,60% 이상,2103,2213329,500만미만
2021-02-23,2021,3,미션 파서블 / 소울 / 극장판 귀멸의 칼날: 무한열차편,"미션 파서블 (<5M, 444,052명) / 소울 (<5M, 2,037,876명) / 극장판 귀멸의 칼날: 무한열차편 (<5M, 2,213,329명)",61.47446930579461,60% 이상,2143,2213329,500만미만
2021-03-20,2021,3,미나리 / 극장판 귀멸의 칼날: 무한열차편 / 라야와 마지막 드래곤,"미나리 (<5M, 1,128,307명) / 극장판 귀멸의 칼날: 무한열차편 (<5M, 2,213,329명) / 라야와 마지막 드래곤 (<5M, 316,986명)",60.10498687664042,60% 이상,2519,2213329,500만미만
2021-03-22,2021,3,미나리 / 극장판 귀멸의 칼날: 무한열차편 / 모리타니안,"미나리 (<5M, 1,128,307명) / 극장판 귀멸의 칼날: 무한열차편 (<5M, 2,213,329명) / 모리타니안 (<5M, 37,455명)",60.54961832061069,60% 이상,1983,2213329,500만미만
2021-03-23,2021,3,미나리 / 극장판 귀멸의 칼날: 무한열차편 / 모리타니안,"미나리 (<5M, 1,128,307명) / 극장판 귀멸의 칼날: 무한열차편 (<5M, 2,213,329명) / 모리타니안 (<5M, 37,455명)",62.131449631449634,60% 이상,2023,2213329,500만미만
2021-03-24,2021,3,미나리 / 극장판 귀멸의 칼날: 무한열차편 / 최면,"미나리 (<5M, 1,128,307명) / 극장판 귀멸의 칼날: 무한열차편 (<5M, 2,213,329명) / 최면 (<5M, 51,661명)",60.728619944427294,60% 이상,1967,2213329,500만미만
2021-03-25,2021,3,고질라 VS. 콩 / 미나리 / 극장판 귀멸의 칼날: 무한열차편,"고질라 VS. 콩 (<5M, 698,632명) / 미나리 (<5M, 1,128,307명) / 극장판 귀멸의 칼날: 무한열차편 (<5M, 2,213,329명)",68.76625252817105,60% 이상,2380,2213329,500만미만
2021-03-26,2021,3,고질라 VS. 콩 / 미나리 / 극장판 귀멸의 칼날: 무한열차편,"고질라 VS. 콩 (<5M, 698,632명) / 미나리 (<5M, 1,128,307명) / 극장판 귀멸의 칼날: 무한열차편 (<5M, 2,213,329명)",66.84420772303595,60% 이상,2510,2213329,500만미만
2021-03-27,2021,3,고질라 VS. 콩 / 미나리 / 극장판 귀멸의 칼날: 무한열차편,"고질라 VS. 콩 (<5M, 698,632명) / 미나리 (<5M, 1,128,307명) / 극장판 귀멸의 칼날: 무한열차편 (<5M, 2,213,329명)",62.13417379558757,60% 이상,2760,2213329,500만미만
2021-03-28,2021,3,고질라 VS. 콩 / 미나리 / 극장판 귀멸의 칼날: 무한열차편,"고질라 VS. 콩 (<5M, 698,632명) / 미나리 (<5M, 1,128,307명) / 극장판 귀멸의 칼날: 무한열차편 (<5M, 2,213,329명)",61.774666967712804,60% 이상,2736,2213329,500만미만
2021-03-29,2021,3,고질라 VS. 콩 / 미나리 / 극장판 귀멸의 칼날: 무한열차편,"고질라 VS. 콩 (<5M, 698,632명) / 미나리 (<5M, 1,128,307명) / 극장판 귀멸의 칼날: 무한열차편 (<5M, 2,213,329명)",69.23973201281677,60% 이상,2377,2213329,500만미만
2021-03-30,2021,3,고질라 VS. 콩 / 미나리 / 극장판 귀멸의 칼날: 무한열차편,"고질라 VS. 콩 (<5M, 698,632명) / 미나리 (<5M, 1,128,307명) / 극장판 귀멸의 칼날: 무한열차편 (<5M, 2,213,329명)",71.37756620053555,70% 이상,2399,2213329,500만미만
2021-03-31,2021,3,자산어보 / 고질라 VS. 콩 / 미나리,"자산어보 (<5M, 342,357명) / 고질라 VS. 콩 (<5M, 698,632명) / 미나리 (<5M, 1,128,307명)",60.0,60% 이상,2595,1128307,500만미만
2021-04-01,2021,3,자산어보 / 고질라 VS. 콩 / 극장판 귀멸의 칼날: 무한열차편,"자산어보 (<5M, 342,357명) / 고질라 VS. 콩 (<5M, 698,632명) / 극장판 귀멸의 칼날: 무한열차편 (<5M, 2,213,329명)",60.792178490849835,60% 이상,2425,2213329,500만미만
2021-04-02,2021,3,자산어보 / 고질라 VS. 콩 / 극장판 귀멸의 칼날: 무한열차편,"자산어보 (<5M, 342,357명) / 고질라 VS. 콩 (<5M, 698,632명) / 극장판 귀멸의 칼날: 무한열차편 (<5M, 2,213,329명)",61.06615897191814,60% 이상,2566,2213329,500만미만
2021-04-03,2021,3,자산어보 / 고질라 VS. 콩 / 극장판 귀멸의 칼날: 무한열차편,"자산어보 (<5M, 342,357명) / 고질라 VS. 콩 (<5M, 698,632명) / 극장판 귀멸의 칼날: 무한열차편 (<5M, 2,213,329명)",60.05440468717305,60% 이상,2870,2213329,500만미만
2021-04-05,2021,3,자산어보 / 고질라 VS. 콩 / 극장판 귀멸의 칼날: 무한열차편,"자산어보 (<5M, 342,357명) / 고질라 VS. 콩 (<5M, 698,632명) / 극장판 귀멸의 칼날: 무한열차편 (<5M, 2,213,329명)",64.28377276433814,60% 이상,2365,2213329,500만미만
2021-04-06,2021,3,자산어보 / 고질라 VS. 콩 / 극장판 귀멸의 칼날: 무한열차편,"자산어보 (<5M, 342,357명) / 고질라 VS. 콩 (<5M, 698,632명) / 극장판 귀멸의 칼날: 무한열차편 (<5M, 2,213,329명)",64.56628477905073,60% 이상,2367,2213329,500만미만
2021-05-19,2021,3,분노의 질주: 더 얼티메이트 / 도라에몽: 스탠바이미 2 / 스파이럴,"분노의 질주: 더 얼티메이트 (<5M, 2,290,975명) / 도라에몽: 스탠바이미 2 (<5M, 81,299명) / 스파이럴 (<5M, 128,928명)",66.87177451369591,60% 이상,3369,2290975,500만미만
2021-05-20,2021,2,분노의 질주: 더 얼티메이트 / 도라에몽: 스탠바이미 2,"분노의 질주: 더 얼티메이트 (<5M, 2,290,975명) / 도라에몽: 스탠바이미 2 (<5M, 81,299명)",62.36855282924387,60% 이상,2491,2290975,500만미만
2021-05-20,2021,3,분노의 질주: 더 얼티메이트 / 도라에몽: 스탠바이미 2 / 스파이럴,"분노의 질주: 더 얼티메이트 (<5M, 2,290,975명) / 도라에몽: 스탠바이미 2 (<5M, 81,299명) / 스파이럴 (<5M, 128,928명)",72.15823735603405,70% 이상,2882,2290975,500만미만
2021-05-21,2021,3,분노의 질주: 더 얼티메이트 / 스파이럴 / 도라에몽: 스탠바이미 2,"분노의 질주: 더 얼티메이트 (<5M, 2,290,975명) / 스파이럴 (<5M, 128,928명) / 도라에몽: 스탠바이미 2 (<5M, 81,299명)",68.75725900116144,60% 이상,2960,2290975,500만미만
2021-05-22,2021,3,분노의 질주: 더 얼티메이트 / 도라에몽: 스탠바이미 2 / 스파이럴,"분노의 질주: 더 얼티메이트 (<5M, 2,290,975명) / 도라에몽: 스탠바이미 2 (<5M, 81,299명) / 스파이럴 (<5M, 128,928명)",68.02156781418498,60% 이상,3280,2290975,500만미만
2021-05-23,2021,3,분노의 질주: 더 얼티메이트 / 도라에몽: 스탠바이미 2 / 스파이럴,"분노의 질주: 더 얼티메이트 (<5M, 2,290,975명) / 도라에몽: 스탠바이미 2 (<5M, 81,299명) / 스파이럴 (<5M, 128,928명)",66.92751235584844,60% 이상,3250,2290975,500만미만
2021-05-24,2021,2,분노의 질주: 더 얼티메이트 / 극장판 귀멸의 칼날: 무한열차편,"분노의 질주: 더 얼티메이트 (<5M, 2,290,975명) / 극장판 귀멸의 칼날: 무한열차편 (<5M, 2,213,329명)",61.25451729478576,60% 이상,2373,2290975,500만미만
2021-05-24,2021,3,분노의 질주: 더 얼티메이트 / 극장판 귀멸의 칼날: 무한열차편 / 스파이럴,"분노의 질주: 더 얼티메이트 (<5M, 2,290,975명) / 극장판 귀멸의 칼날: 무한열차편 (<5M, 2,213,329명) / 스파이럴 (<5M, 128,928명)",69.97934950955086,60% 이상,2711,2290975,500만미만
2021-05-25,2021,2,분노의 질주: 더 얼티메이트 / 극장판 귀멸의 칼날: 무한열차편,"분노의 질주: 더 얼티메이트 (<5M, 2,290,975명) / 극장판 귀멸의 칼날: 무한열차편 (<5M, 2,213,329명)",61.855670103092784,60% 이상,2400,2290975,500만미만
2021-05-25,2021,3,분노의 질주: 더 얼티메이트 / 극장판 귀멸의 칼날: 무한열차편 / 스파이럴,"분노의 질주: 더 얼티메이트 (<5M, 2,290,975명) / 극장판 귀멸의 칼날: 무한열차편 (<5M, 2,213,329명) / 스파이럴 (<5M, 128,928명)",70.85051546391753,70% 이상,2749,2290975,500만미만
2021-05-26,2021,3,분노의 질주: 더 얼티메이트 / 크루엘라 / 파이프라인,"분노의 질주: 더 얼티메이트 (<5M, 2,290,975명) / 크루엘라 (<5M, 1,978,688명) / 파이프라인 (<5M, 139,818명)",76.45374449339207,70% 이상,3471,2290975,500만미만
2021-05-27,2021,2,분노의 질주: 더 얼티메이트 / 크루엘라,"분노의 질주: 더 얼티메이트 (<5M, 2,290,975명) / 크루엘라 (<5M, 1,978,688명)",60.65822784810126,60% 이상,2396,2290975,500만미만
2021-05-27,2021,3,분노의 질주: 더 얼티메이트 / 크루엘라 / 파이프라인,"분노의 질주: 더 얼티메이트 (<5M, 2,290,975명) / 크루엘라 (<5M, 1,978,688명) / 파이프라인 (<5M, 139,818명)",77.29113924050633,70% 이상,3053,2290975,500만미만
2021-05-28,2021,2,분노의 질주: 더 얼티메이트 / 크루엘라,"분노의 질주: 더 얼티메이트 (<5M, 2,290,975명) / 크루엘라 (<5M, 1,978,688명)",60.82373130669282,60% 이상,2481,2290975,500만미만
2021-05-28,2021,3,분노의 질주: 더 얼티메이트 / 크루엘라 / 파이프라인,"분노의 질주: 더 얼티메이트 (<5M, 2,290,975명) / 크루엘라 (<5M, 1,978,688명) / 파이프라인 (<5M, 139,818명)",76.83255699926453,70% 이상,3134,2290975,500만미만
2021-05-29,2021,3,분노의 질주: 더 얼티메이트 / 크루엘라 / 파이프라인,"분노의 질주: 더 얼티메이트 (<5M, 2,290,975명) / 크루엘라 (<5M, 1,978,688명) / 파이프라인 (<5M, 139,818명)",71.1472602739726,70% 이상,3324,2290975,500만미만
2021-05-30,2021,3,분노의 질주: 더 얼티메이트 / 크루엘라 / 파이프라인,"분노의 질주: 더 얼티메이트 (<5M, 2,290,975명) / 크루엘라 (<5M, 1,978,688명) / 파이프라인 (<5M, 139,818명)",70.99269445638161,70% 이상,3304,2290975,500만미만
2021-05-31,2021,2,분노의 질주: 더 얼티메이트 / 크루엘라,"분노의 질주: 더 얼티메이트 (<5M, 2,290,975명) / 크루엘라 (<5M, 1,978,688명)",62.320764737121614,60% 이상,2347,2290975,500만미만
2021-05-31,2021,3,분노의 질주: 더 얼티메이트 / 크루엘라 / 파이프라인,"분노의 질주: 더 얼티메이트 (<5M, 2,290,975명) / 크루엘라 (<5M, 1,978,688명) / 파이프라인 (<5M, 139,818명)",76.9782262347318,70% 이상,2899,2290975,500만미만
2021-06-01,2021,2,분노의 질주: 더 얼티메이트 / 크루엘라,"분노의 질주: 더 얼티메이트 (<5M, 2,290,975명) / 크루엘라 (<5M, 1,978,688명)",60.72801845680594,60% 이상,2369,2290975,500만미만
2021-06-01,2021,3,분노의 질주: 더 얼티메이트 / 크루엘라 / 파이프라인,"분노의 질주: 더 얼티메이트 (<5M, 2,290,975명) / 크루엘라 (<5M, 1,978,688명) / 파이프라인 (<5M, 139,818명)",74.72442963342732,70% 이상,2915,2290975,500만미만
2021-06-02,2021,2,분노의 질주: 더 얼티메이트 / 크루엘라,"분노의 질주: 더 얼티메이트 (<5M, 2,290,975명) / 크루엘라 (<5M, 1,978,688명)",61.16953064888433,60% 이상,2385,2290975,500만미만
2021-06-02,2021,3,분노의 질주: 더 얼티메이트 / 크루엘라 / 파이프라인,"분노의 질주: 더 얼티메이트 (<5M, 2,290,975명) / 크루엘라 (<5M, 1,978,688명) / 파이프라인 (<5M, 139,818명)",74.94229289561426,70% 이상,2922,2290975,500만미만
2021-06-03,2021,3,분노의 질주: 더 얼티메이트 / 컨저링3: 악마가 시켰다 / 크루엘라,"분노의 질주: 더 얼티메이트 (<5M, 2,290,975명) / 컨저링3: 악마가 시켰다 (<5M, 797,370명) / 크루엘라 (<5M, 1,978,688명)",68.4380776340111,60% 이상,2962,2290975,500만미만
2021-06-04,2021,3,분노의 질주: 더 얼티메이트 / 크루엘라 / 컨저링3: 악마가 시켰다,"분노의 질주: 더 얼티메이트 (<5M, 2,290,975명) / 크루엘라 (<5M, 1,978,688명) / 컨저링3: 악마가 시켰다 (<5M, 797,370명)",68.51203501094092,60% 이상,3131,2290975,500만미만
2021-06-05,2021,3,크루엘라 / 분노의 질주: 더 얼티메이트 / 컨저링3: 악마가 시켰다,"크루엘라 (<5M, 1,978,688명) / 분노의 질주: 더 얼티메이트 (<5M, 2,290,975명) / 컨저링3: 악마가 시켰다 (<5M, 797,370명)",68.50393700787401,60% 이상,3480,2290975,500만미만
2021-06-06,2021,3,크루엘라 / 분노의 질주: 더 얼티메이트 / 컨저링3: 악마가 시켰다,"크루엘라 (<5M, 1,978,688명) / 분노의 질주: 더 얼티메이트 (<5M, 2,290,975명) / 컨저링3: 악마가 시켰다 (<5M, 797,370명)",69.02031784349225,60% 이상,3431,2290975,500만미만
2021-06-07,2021,3,크루엘라 / 분노의 질주: 더 얼티메이트 / 컨저링3: 악마가 시켰다,"크루엘라 (<5M, 1,978,688명) / 분노의 질주: 더 얼티메이트 (<5M, 2,290,975명) / 컨저링3: 악마가 시켰다 (<5M, 797,370명)",70.90821950635035,70% 이상,2959,2290975,500만미만
2021-06-08,2021,3,크루엘라 / 분노의 질주: 더 얼티메이트 / 컨저링3: 악마가 시켰다,"크루엘라 (<5M, 1,978,688명) / 분노의 질주: 더 얼티메이트 (<5M, 2,290,975명) / 컨저링3: 악마가 시켰다 (<5M, 797,370명)",76.41196013289036,70% 이상,2990,2290975,500만미만
2021-06-09,2021,3,캐시트럭 / 컨저링3: 악마가 시켰다 / 크루엘라,"캐시트럭 (<5M, 230,274명) / 컨저링3: 악마가 시켰다 (<5M, 797,370명) / 크루엘라 (<5M, 1,978,688명)",66.76661669165418,60% 이상,2672,1978688,500만미만
2021-06-10,2021,3,캐시트럭 / 크루엘라 / 컨저링3: 악마가 시켰다,"캐시트럭 (<5M, 230,274명) / 크루엘라 (<5M, 1,978,688명) / 컨저링3: 악마가 시켰다 (<5M, 797,370명)",64.02543409146492,60% 이상,2618,1978688,500만미만
2021-06-11,2021,3,캐시트럭 / 컨저링3: 악마가 시켰다 / 크루엘라,"캐시트럭 (<5M, 230,274명) / 컨저링3: 악마가 시켰다 (<5M, 797,370명) / 크루엘라 (<5M, 1,978,688명)",65.07413509060956,60% 이상,2765,1978688,500만미만
2021-06-12,2021,3,컨저링3: 악마가 시켰다 / 크루엘라 / 캐시트럭,"컨저링3: 악마가 시켰다 (<5M, 797,370명) / 크루엘라 (<5M, 1,978,688명) / 캐시트럭 (<5M, 230,274명)",64.27056827820186,60% 이상,3031,1978688,500만미만
2021-06-13,2021,3,크루엘라 / 컨저링3: 악마가 시켰다 / 캐시트럭,"크루엘라 (<5M, 1,978,688명) / 컨저링3: 악마가 시켰다 (<5M, 797,370명) / 캐시트럭 (<5M, 230,274명)",63.17001675041876,60% 이상,3017,1978688,500만미만
2021-06-14,2021,3,크루엘라 / 컨저링3: 악마가 시켰다 / 캐시트럭,"크루엘라 (<5M, 1,978,688명) / 컨저링3: 악마가 시켰다 (<5M, 797,370명) / 캐시트럭 (<5M, 230,274명)",68.84605365980724,60% 이상,2643,1978688,500만미만
2021-06-15,2021,3,크루엘라 / 컨저링3: 악마가 시켰다 / 캐시트럭,"크루엘라 (<5M, 1,978,688명) / 컨저링3: 악마가 시켰다 (<5M, 797,370명) / 캐시트럭 (<5M, 230,274명)",68.58892574636387,60% 이상,2688,1978688,500만미만
2021-07-07,2021,3,블랙 위도우 / 발신제한 / 크루엘라,"블랙 위도우 (<5M, 2,957,005명) / 발신제한 (<5M, 950,877명) / 크루엘라 (<5M, 1,978,688명)",67.36382082097705,60% 이상,4316,2957005,500만미만
2021-07-08,2021,2,블랙 위도우 / 발신제한,"블랙 위도우 (<5M, 2,957,005명) / 발신제한 (<5M, 950,877명)",67.50556792873051,60% 이상,3031,2957005,500만미만
2021-07-08,2021,3,블랙 위도우 / 발신제한 / 크루엘라,"블랙 위도우 (<5M, 2,957,005명) / 발신제한 (<5M, 950,877명) / 크루엘라 (<5M, 1,978,688명)",78.79732739420935,70% 이상,3538,2957005,500만미만
2021-07-09,2021,2,블랙 위도우 / 발신제한,"블랙 위도우 (<5M, 2,957,005명) / 발신제한 (<5M, 950,877명)",67.88528896672504,60% 이상,3101,2957005,500만미만
2021-07-09,2021,3,블랙 위도우 / 발신제한 / 크루엘라,"블랙 위도우 (<5M, 2,957,005명) / 발신제한 (<5M, 950,877명) / 크루엘라 (<5M, 1,978,688명)",79.31260945709282,70% 이상,3623,2957005,500만미만
2021-07-10,2021,2,블랙 위도우 / 발신제한,"블랙 위도우 (<5M, 2,957,005명) / 발신제한 (<5M, 950,877명)",65.37599347870389,60% 이상,3208,2957005,500만미만
2021-07-10,2021,3,블랙 위도우 / 발신제한 / 크루엘라,"블랙 위도우 (<5M, 2,957,005명) / 발신제한 (<5M, 950,877명) / 크루엘라 (<5M, 1,978,688명)",76.27878540859996,70% 이상,3743,2957005,500만미만
2021-07-11,2021,2,블랙 위도우 / 발신제한,"블랙 위도우 (<5M, 2,957,005명) / 발신제한 (<5M, 950,877명)",61.128284389489956,60% 이상,3164,2957005,500만미만
2021-07-11,2021,3,블랙 위도우 / 발신제한 / 크루엘라,"블랙 위도우 (<5M, 2,957,005명) / 발신제한 (<5M, 950,877명) / 크루엘라 (<5M, 1,978,688명)",71.58037094281298,70% 이상,3705,2957005,500만미만
2021-07-12,2021,2,블랙 위도우 / 발신제한,"블랙 위도우 (<5M, 2,957,005명) / 발신제한 (<5M, 950,877명)",69.5290199809705,60% 이상,2923,2957005,500만미만
2021-07-12,2021,3,블랙 위도우 / 발신제한 / 크루엘라,"블랙 위도우 (<5M, 2,957,005명) / 발신제한 (<5M, 950,877명) / 크루엘라 (<5M, 1,978,688명)",81.63653663177926,70% 이상,3432,2957005,500만미만
2021-07-13,2021,2,블랙 위도우 / 발신제한,"블랙 위도우 (<5M, 2,957,005명) / 발신제한 (<5M, 950,877명)",67.91579921350913,60% 이상,2936,2957005,500만미만
2021-07-13,2021,3,블랙 위도우 / 발신제한 / 크루엘라,"블랙 위도우 (<5M, 2,957,005명) / 발신제한 (<5M, 950,877명) / 크루엘라 (<5M, 1,978,688명)",79.92135091371732,70% 이상,3455,2957005,500만미만
2021-07-14,2021,2,블랙 위도우 / 랑종,"블랙 위도우 (<5M, 2,957,005명) / 랑종 (<5M, 833,226명)",60.06697362913353,60% 이상,2870,2957005,500만미만
2021-07-14,2021,3,블랙 위도우 / 랑종 / 이스케이프 룸 2: 노 웨이 아웃,"블랙 위도우 (<5M, 2,957,005명) / 랑종 (<5M, 833,226명) / 이스케이프 룸 2: 노 웨이 아웃 (<5M, 219,208명)",74.173294265383,70% 이상,3544,2957005,500만미만
2021-07-15,2021,3,블랙 위도우 / 랑종 / 이스케이프 룸 2: 노 웨이 아웃,"블랙 위도우 (<5M, 2,957,005명) / 랑종 (<5M, 833,226명) / 이스케이프 룸 2: 노 웨이 아웃 (<5M, 219,208명)",70.55375909458367,70% 이상,3491,2957005,500만미만
2021-07-16,2021,3,블랙 위도우 / 랑종 / 이스케이프 룸 2: 노 웨이 아웃,"블랙 위도우 (<5M, 2,957,005명) / 랑종 (<5M, 833,226명) / 이스케이프 룸 2: 노 웨이 아웃 (<5M, 219,208명)",68.95278803186322,60% 이상,3549,2957005,500만미만
2021-07-17,2021,3,블랙 위도우 / 랑종 / 이스케이프 룸 2: 노 웨이 아웃,"블랙 위도우 (<5M, 2,957,005명) / 랑종 (<5M, 833,226명) / 이스케이프 룸 2: 노 웨이 아웃 (<5M, 219,208명)",66.57081236520489,60% 이상,3704,2957005,500만미만
2021-07-18,2021,3,블랙 위도우 / 랑종 / 이스케이프 룸 2: 노 웨이 아웃,"블랙 위도우 (<5M, 2,957,005명) / 랑종 (<5M, 833,226명) / 이스케이프 룸 2: 노 웨이 아웃 (<5M, 219,208명)",66.03398409255243,60% 이상,3653,2957005,500만미만
2021-07-19,2021,3,블랙 위도우 / 랑종 / 이스케이프 룸 2: 노 웨이 아웃,"블랙 위도우 (<5M, 2,957,005명) / 랑종 (<5M, 833,226명) / 이스케이프 룸 2: 노 웨이 아웃 (<5M, 219,208명)",68.4275691291787,60% 이상,3316,2957005,500만미만
2021-07-20,2021,3,블랙 위도우 / 랑종 / 이스케이프 룸 2: 노 웨이 아웃,"블랙 위도우 (<5M, 2,957,005명) / 랑종 (<5M, 833,226명) / 이스케이프 룸 2: 노 웨이 아웃 (<5M, 219,208명)",69.3311244564092,60% 이상,3348,2957005,500만미만
2021-07-21,2021,3,블랙 위도우 / 보스 베이비 2 / 랑종,"블랙 위도우 (<5M, 2,957,005명) / 보스 베이비 2 (<5M, 919,925명) / 랑종 (<5M, 833,226명)",65.55940493173019,60% 이상,3217,2957005,500만미만
2021-07-22,2021,3,블랙 위도우 / 보스 베이비 2 / 랑종,"블랙 위도우 (<5M, 2,957,005명) / 보스 베이비 2 (<5M, 919,925명) / 랑종 (<5M, 833,226명)",66.41806505075617,60% 이상,3206,2957005,500만미만
2021-07-23,2021,3,블랙 위도우 / 보스 베이비 2 / 랑종,"블랙 위도우 (<5M, 2,957,005명) / 보스 베이비 2 (<5M, 919,925명) / 랑종 (<5M, 833,226명)",66.2797800855223,60% 이상,3255,2957005,500만미만
2021-07-24,2021,3,보스 베이비 2 / 블랙 위도우 / 랑종,"보스 베이비 2 (<5M, 919,925명) / 블랙 위도우 (<5M, 2,957,005명) / 랑종 (<5M, 833,226명)",66.59570350299981,60% 이상,3441,2957005,500만미만
2021-07-25,2021,3,보스 베이비 2 / 블랙 위도우 / 랑종,"보스 베이비 2 (<5M, 919,925명) / 블랙 위도우 (<5M, 2,957,005명) / 랑종 (<5M, 833,226명)",66.2862669245648,60% 이상,3427,2957005,500만미만
2021-07-26,2021,3,블랙 위도우 / 보스 베이비 2 / 랑종,"블랙 위도우 (<5M, 2,957,005명) / 보스 베이비 2 (<5M, 919,925명) / 랑종 (<5M, 833,226명)",65.44197103955047,60% 이상,3028,2957005,500만미만
2021-07-27,2021,3,블랙 위도우 / 보스 베이비 2 / 랑종,"블랙 위도우 (<5M, 2,957,005명) / 보스 베이비 2 (<5M, 919,925명) / 랑종 (<5M, 833,226명)",65.32792138431958,60% 이상,3058,2957005,500만미만
2021-07-28,2021,3,모가디슈 / 방법: 재차의 / 보스 베이비 2,"모가디슈 (<5M, 3,611,510명) / 방법: 재차의 (<5M, 170,305명) / 보스 베이비 2 (<5M, 919,925명)",63.36982017200938,60% 이상,3242,3611510,500만미만
2021-07-29,2021,3,모가디슈 / 정글 크루즈 / 방법: 재차의,"모가디슈 (<5M, 3,611,510명) / 정글 크루즈 (<5M, 250,883명) / 방법: 재차의 (<5M, 170,305명)",67.31377927832875,60% 이상,3190,3611510,500만미만
2021-07-30,2021,3,모가디슈 / 정글 크루즈 / 보스 베이비 2,"모가디슈 (<5M, 3,611,510명) / 정글 크루즈 (<5M, 250,883명) / 보스 베이비 2 (<5M, 919,925명)",65.39316757630887,60% 이상,3235,3611510,500만미만
2021-07-31,2021,3,모가디슈 / 보스 베이비 2 / 정글 크루즈,"모가디슈 (<5M, 3,611,510명) / 보스 베이비 2 (<5M, 919,925명) / 정글 크루즈 (<5M, 250,883명)",66.30623672523653,60% 이상,3434,3611510,500만미만
2021-08-01,2021,3,모가디슈 / 보스 베이비 2 / 정글 크루즈,"모가디슈 (<5M, 3,611,510명) / 보스 베이비 2 (<5M, 919,925명) / 정글 크루즈 (<5M, 250,883명)",65.61068702290076,60% 이상,3438,3611510,500만미만
2021-08-02,2021,3,모가디슈 / 보스 베이비 2 / 정글 크루즈,"모가디슈 (<5M, 3,611,510명) / 보스 베이비 2 (<5M, 919,925명) / 정글 크루즈 (<5M, 250,883명)",66.56785941139107,60% 이상,3144,3611510,500만미만
2021-08-03,2021,3,모가디슈 / 보스 베이비 2 / 정글 크루즈,"모가디슈 (<5M, 3,611,510명) / 보스 베이비 2 (<5M, 919,925명) / 정글 크루즈 (<5M, 250,883명)",65.67589576547232,60% 이상,3226,3611510,500만미만
2021-08-04,2021,3,모가디슈 / 더 수어사이드 스쿼드 / 보스 베이비 2,"모가디슈 (<5M, 3,611,510명) / 더 수어사이드 스쿼드 (<5M, 414,471명) / 보스 베이비 2 (<5M, 919,925명)",65.22154316271963,60% 이상,3415,3611510,500만미만
2021-08-06,2021,3,모가디슈 / 더 수어사이드 스쿼드 / 보스 베이비 2,"모가디슈 (<5M, 3,611,510명) / 더 수어사이드 스쿼드 (<5M, 414,471명) / 보스 베이비 2 (<5M, 919,925명)",60.23537803138373,60% 이상,3378,3611510,500만미만
2021-08-07,2021,3,모가디슈 / 더 수어사이드 스쿼드 / 보스 베이비 2,"모가디슈 (<5M, 3,611,510명) / 더 수어사이드 스쿼드 (<5M, 414,471명) / 보스 베이비 2 (<5M, 919,925명)",60.617219007539894,60% 이상,3457,3611510,500만미만
2021-08-09,2021,3,모가디슈 / 더 수어사이드 스쿼드 / 보스 베이비 2,"모가디슈 (<5M, 3,611,510명) / 더 수어사이드 스쿼드 (<5M, 414,471명) / 보스 베이비 2 (<5M, 919,925명)",62.39685658153242,60% 이상,3176,3611510,500만미만
2021-08-10,2021,3,모가디슈 / 더 수어사이드 스쿼드 / 보스 베이비 2,"모가디슈 (<5M, 3,611,510명) / 더 수어사이드 스쿼드 (<5M, 414,471명) / 보스 베이비 2 (<5M, 919,925명)",61.845435078839785,60% 이상,3177,3611510,500만미만
2021-08-11,2021,3,싱크홀 / 모가디슈 / 프리 가이 ,"싱크홀 (<5M, 2,194,102명) / 모가디슈 (<5M, 3,611,510명) / 프리 가이  (<5M, 309,036명)",69.07647304638529,60% 이상,3306,3611510,500만미만
2021-08-12,2021,3,싱크홀 / 모가디슈 / 프리 가이 ,"싱크홀 (<5M, 2,194,102명) / 모가디슈 (<5M, 3,611,510명) / 프리 가이  (<5M, 309,036명)",69.35886761032472,60% 이상,3332,3611510,500만미만
2021-08-13,2021,3,싱크홀 / 모가디슈 / 프리 가이 ,"싱크홀 (<5M, 2,194,102명) / 모가디슈 (<5M, 3,611,510명) / 프리 가이  (<5M, 309,036명)",71.16742833402576,70% 이상,3426,3611510,500만미만
2021-08-14,2021,3,싱크홀 / 모가디슈 / 프리 가이 ,"싱크홀 (<5M, 2,194,102명) / 모가디슈 (<5M, 3,611,510명) / 프리 가이  (<5M, 309,036명)",70.43912175648703,70% 이상,3529,3611510,500만미만
2021-08-15,2021,3,싱크홀 / 모가디슈 / 프리 가이 ,"싱크홀 (<5M, 2,194,102명) / 모가디슈 (<5M, 3,611,510명) / 프리 가이  (<5M, 309,036명)",70.28144066128715,70% 이상,3571,3611510,500만미만
2021-08-16,2021,3,싱크홀 / 모가디슈 / 프리 가이 ,"싱크홀 (<5M, 2,194,102명) / 모가디슈 (<5M, 3,611,510명) / 프리 가이  (<5M, 309,036명)",70.14417300760913,70% 이상,3503,3611510,500만미만
2021-08-17,2021,3,싱크홀 / 모가디슈 / 프리 가이 ,"싱크홀 (<5M, 2,194,102명) / 모가디슈 (<5M, 3,611,510명) / 프리 가이  (<5M, 309,036명)",73.0614074406096,70% 이상,3260,3611510,500만미만
2021-08-18,2021,3,싱크홀 / 인질 / 모가디슈,"싱크홀 (<5M, 2,194,102명) / 인질 (<5M, 1,634,819명) / 모가디슈 (<5M, 3,611,510명)",68.2258744205647,60% 이상,3238,3611510,500만미만
2021-08-19,2021,3,싱크홀 / 인질 / 모가디슈,"싱크홀 (<5M, 2,194,102명) / 인질 (<5M, 1,634,819명) / 모가디슈 (<5M, 3,611,510명)",68.05669679539852,60% 이상,3313,3611510,500만미만
2021-08-20,2021,3,싱크홀 / 인질 / 모가디슈,"싱크홀 (<5M, 2,194,102명) / 인질 (<5M, 1,634,819명) / 모가디슈 (<5M, 3,611,510명)",68.58766233766234,60% 이상,3380,3611510,500만미만
2021-08-21,2021,3,인질 / 싱크홀 / 모가디슈,"인질 (<5M, 1,634,819명) / 싱크홀 (<5M, 2,194,102명) / 모가디슈 (<5M, 3,611,510명)",67.73818745158792,60% 이상,3498,3611510,500만미만
2021-08-22,2021,3,인질 / 싱크홀 / 모가디슈,"인질 (<5M, 1,634,819명) / 싱크홀 (<5M, 2,194,102명) / 모가디슈 (<5M, 3,611,510명)",67.76811594202898,60% 이상,3507,3611510,500만미만
2021-08-23,2021,3,싱크홀 / 인질 / 모가디슈,"싱크홀 (<5M, 2,194,102명) / 인질 (<5M, 1,634,819명) / 모가디슈 (<5M, 3,611,510명)",70.33639143730888,70% 이상,3220,3611510,500만미만
2021-08-24,2021,3,인질 / 싱크홀 / 모가디슈,"인질 (<5M, 1,634,819명) / 싱크홀 (<5M, 2,194,102명) / 모가디슈 (<5M, 3,611,510명)",70.08399741546414,70% 이상,3254,3611510,500만미만
2021-08-25,2021,3,인질 / 싱크홀 / 모가디슈,"인질 (<5M, 1,634,819명) / 싱크홀 (<5M, 2,194,102명) / 모가디슈 (<5M, 3,611,510명)",60.4393429645755,60% 이상,3054,3611510,500만미만
2021-08-26,2021,3,인질 / 싱크홀 / 모가디슈,"인질 (<5M, 1,634,819명) / 싱크홀 (<5M, 2,194,102명) / 모가디슈 (<5M, 3,611,510명)",61.24449779911964,60% 이상,3061,3611510,500만미만
2021-08-27,2021,3,인질 / 싱크홀 / 모가디슈,"인질 (<5M, 1,634,819명) / 싱크홀 (<5M, 2,194,102명) / 모가디슈 (<5M, 3,611,510명)",62.87698412698413,60% 이상,3169,3611510,500만미만
2021-08-30,2021,3,인질 / 싱크홀 / 모가디슈,"인질 (<5M, 1,634,819명) / 싱크홀 (<5M, 2,194,102명) / 모가디슈 (<5M, 3,611,510명)",63.89004581424407,60% 이상,3068,3611510,500만미만
2021-08-31,2021,3,인질 / 싱크홀 / 모가디슈,"인질 (<5M, 1,634,819명) / 싱크홀 (<5M, 2,194,102명) / 모가디슈 (<5M, 3,611,510명)",63.28011611030479,60% 이상,3052,3611510,500만미만
2021-09-01,2021,3,샹치와 텐 링즈의 전설 / 인질 / 모가디슈,"샹치와 텐 링즈의 전설 (<5M, 1,735,164명) / 인질 (<5M, 1,634,819명) / 모가디슈 (<5M, 3,611,510명)",67.50479437460046,60% 이상,3168,3611510,500만미만
2021-09-02,2021,3,샹치와 텐 링즈의 전설 / 인질 / 모가디슈,"샹치와 텐 링즈의 전설 (<5M, 1,735,164명) / 인질 (<5M, 1,634,819명) / 모가디슈 (<5M, 3,611,510명)",68.01170813297094,60% 이상,3253,3611510,500만미만
2021-09-03,2021,3,샹치와 텐 링즈의 전설 / 인질 / 모가디슈,"샹치와 텐 링즈의 전설 (<5M, 1,735,164명) / 인질 (<5M, 1,634,819명) / 모가디슈 (<5M, 3,611,510명)",67.83471743974073,60% 이상,3349,3611510,500만미만
2021-09-04,2021,3,샹치와 텐 링즈의 전설 / 인질 / 모가디슈,"샹치와 텐 링즈의 전설 (<5M, 1,735,164명) / 인질 (<5M, 1,634,819명) / 모가디슈 (<5M, 3,611,510명)",67.81322059953882,60% 이상,3529,3611510,500만미만
2021-09-05,2021,3,샹치와 텐 링즈의 전설 / 인질 / 모가디슈,"샹치와 텐 링즈의 전설 (<5M, 1,735,164명) / 인질 (<5M, 1,634,819명) / 모가디슈 (<5M, 3,611,510명)",67.70833333333333,60% 이상,3510,3611510,500만미만
2021-09-06,2021,3,샹치와 텐 링즈의 전설 / 인질 / 모가디슈,"샹치와 텐 링즈의 전설 (<5M, 1,735,164명) / 인질 (<5M, 1,634,819명) / 모가디슈 (<5M, 3,611,510명)",71.51653363740023,70% 이상,3136,3611510,500만미만
2021-09-07,2021,3,샹치와 텐 링즈의 전설 / 인질 / 모가디슈,"샹치와 텐 링즈의 전설 (<5M, 1,735,164명) / 인질 (<5M, 1,634,819명) / 모가디슈 (<5M, 3,611,510명)",70.44996642041639,70% 이상,3147,3611510,500만미만
2021-09-08,2021,3,샹치와 텐 링즈의 전설 / 인질 / 모가디슈,"샹치와 텐 링즈의 전설 (<5M, 1,735,164명) / 인질 (<5M, 1,634,819명) / 모가디슈 (<5M, 3,611,510명)",64.76480836236934,60% 이상,2974,3611510,500만미만
2021-09-09,2021,3,샹치와 텐 링즈의 전설 / 인질 / 모가디슈,"샹치와 텐 링즈의 전설 (<5M, 1,735,164명) / 인질 (<5M, 1,634,819명) / 모가디슈 (<5M, 3,611,510명)",65.52262090483619,60% 이상,2940,3611510,500만미만
2021-09-10,2021,3,샹치와 텐 링즈의 전설 / 인질 / 모가디슈,"샹치와 텐 링즈의 전설 (<5M, 1,735,164명) / 인질 (<5M, 1,634,819명) / 모가디슈 (<5M, 3,611,510명)",64.99677488712105,60% 이상,3023,3611510,500만미만
2021-09-11,2021,3,샹치와 텐 링즈의 전설 / 인질 / 모가디슈,"샹치와 텐 링즈의 전설 (<5M, 1,735,164명) / 인질 (<5M, 1,634,819명) / 모가디슈 (<5M, 3,611,510명)",65.55274917427629,60% 이상,3374,3611510,500만미만
2021-09-12,2021,3,샹치와 텐 링즈의 전설 / 인질 / 모가디슈,"샹치와 텐 링즈의 전설 (<5M, 1,735,164명) / 인질 (<5M, 1,634,819명) / 모가디슈 (<5M, 3,611,510명)",65.84657109647424,60% 이상,3399,3611510,500만미만
2021-09-13,2021,3,샹치와 텐 링즈의 전설 / 인질 / 모가디슈,"샹치와 텐 링즈의 전설 (<5M, 1,735,164명) / 인질 (<5M, 1,634,819명) / 모가디슈 (<5M, 3,611,510명)",66.71186440677967,60% 이상,2952,3611510,500만미만
2021-09-14,2021,3,샹치와 텐 링즈의 전설 / 인질 / 모가디슈,"샹치와 텐 링즈의 전설 (<5M, 1,735,164명) / 인질 (<5M, 1,634,819명) / 모가디슈 (<5M, 3,611,510명)",66.76503972758229,60% 이상,2941,3611510,500만미만
2021-09-29,2021,3,007 노 타임 투 다이 / 보이스 / 기적,"007 노 타임 투 다이 (<5M, 1,222,296명) / 보이스 (<5M, 1,421,580명) / 기적 (<5M, 710,396명)",69.18320859095347,60% 이상,4252,1421580,500만미만
2021-09-30,2021,3,007 노 타임 투 다이 / 보이스 / 기적,"007 노 타임 투 다이 (<5M, 1,222,296명) / 보이스 (<5M, 1,421,580명) / 기적 (<5M, 710,396명)",72.41165530068196,70% 이상,3504,1421580,500만미만
2021-10-01,2021,3,007 노 타임 투 다이 / 보이스 / 기적,"007 노 타임 투 다이 (<5M, 1,222,296명) / 보이스 (<5M, 1,421,580명) / 기적 (<5M, 710,396명)",70.82254530969927,70% 이상,3556,1421580,500만미만
2021-10-02,2021,3,007 노 타임 투 다이 / 보이스 / 기적,"007 노 타임 투 다이 (<5M, 1,222,296명) / 보이스 (<5M, 1,421,580명) / 기적 (<5M, 710,396명)",66.56436179815852,60% 이상,3687,1421580,500만미만
2021-10-03,2021,3,007 노 타임 투 다이 / 보이스 / 기적,"007 노 타임 투 다이 (<5M, 1,222,296명) / 보이스 (<5M, 1,421,580명) / 기적 (<5M, 710,396명)",67.37012987012987,60% 이상,3735,1421580,500만미만
2021-10-04,2021,3,007 노 타임 투 다이 / 보이스 / 기적,"007 노 타임 투 다이 (<5M, 1,222,296명) / 보이스 (<5M, 1,421,580명) / 기적 (<5M, 710,396명)",67.2382342210872,60% 이상,3686,1421580,500만미만
2021-10-05,2021,2,007 노 타임 투 다이 / 보이스,"007 노 타임 투 다이 (<5M, 1,222,296명) / 보이스 (<5M, 1,421,580명)",60.923145866009406,60% 이상,2719,1421580,500만미만
2021-10-05,2021,3,007 노 타임 투 다이 / 보이스 / 기적,"007 노 타임 투 다이 (<5M, 1,222,296명) / 보이스 (<5M, 1,421,580명) / 기적 (<5M, 710,396명)",74.56867577862424,70% 이상,3328,1421580,500만미만
2021-10-06,2021,3,007 노 타임 투 다이 / 보이스 / 기적,"007 노 타임 투 다이 (<5M, 1,222,296명) / 보이스 (<5M, 1,421,580명) / 기적 (<5M, 710,396명)",67.50475385590534,60% 이상,3195,1421580,500만미만
2021-10-07,2021,3,007 노 타임 투 다이 / 보이스 / 기적,"007 노 타임 투 다이 (<5M, 1,222,296명) / 보이스 (<5M, 1,421,580명) / 기적 (<5M, 710,396명)",68.07295099978026,60% 이상,3098,1421580,500만미만
2021-10-08,2021,3,007 노 타임 투 다이 / 보이스 / 기적,"007 노 타임 투 다이 (<5M, 1,222,296명) / 보이스 (<5M, 1,421,580명) / 기적 (<5M, 710,396명)",66.82066358672826,60% 이상,3182,1421580,500만미만
2021-10-09,2021,3,007 노 타임 투 다이 / 보이스 / 기적,"007 노 타임 투 다이 (<5M, 1,222,296명) / 보이스 (<5M, 1,421,580명) / 기적 (<5M, 710,396명)",65.29761904761905,60% 이상,3291,1421580,500만미만
2021-10-10,2021,3,007 노 타임 투 다이 / 보이스 / 기적,"007 노 타임 투 다이 (<5M, 1,222,296명) / 보이스 (<5M, 1,421,580명) / 기적 (<5M, 710,396명)",65.04720692368214,60% 이상,3307,1421580,500만미만
2021-10-11,2021,3,007 노 타임 투 다이 / 보이스 / 기적,"007 노 타임 투 다이 (<5M, 1,222,296명) / 보이스 (<5M, 1,421,580명) / 기적 (<5M, 710,396명)",64.41211167911915,60% 이상,3276,1421580,500만미만
2021-10-12,2021,3,007 노 타임 투 다이 / 보이스 / 기적,"007 노 타임 투 다이 (<5M, 1,222,296명) / 보이스 (<5M, 1,421,580명) / 기적 (<5M, 710,396명)",72.546552591847,70% 이상,2883,1421580,500만미만
2021-10-13,2021,2,베놈 2: 렛 데어 비 카니지 / 007 노 타임 투 다이,"베놈 2: 렛 데어 비 카니지 (<5M, 2,121,625명) / 007 노 타임 투 다이 (<5M, 1,222,296명)",64.40020682523267,60% 이상,2491,2121625,500만미만
2021-10-13,2021,3,베놈 2: 렛 데어 비 카니지 / 007 노 타임 투 다이 / 보이스,"베놈 2: 렛 데어 비 카니지 (<5M, 2,121,625명) / 007 노 타임 투 다이 (<5M, 1,222,296명) / 보이스 (<5M, 1,421,580명)",78.43846949327818,70% 이상,3034,2121625,500만미만
2021-10-14,2021,2,베놈 2: 렛 데어 비 카니지 / 007 노 타임 투 다이,"베놈 2: 렛 데어 비 카니지 (<5M, 2,121,625명) / 007 노 타임 투 다이 (<5M, 1,222,296명)",60.18222112780104,60% 이상,2444,2121625,500만미만
2021-10-14,2021,3,베놈 2: 렛 데어 비 카니지 / 007 노 타임 투 다이 / 보이스,"베놈 2: 렛 데어 비 카니지 (<5M, 2,121,625명) / 007 노 타임 투 다이 (<5M, 1,222,296명) / 보이스 (<5M, 1,421,580명)",73.43018960847083,70% 이상,2982,2121625,500만미만
2021-10-15,2021,2,베놈 2: 렛 데어 비 카니지 / 007 노 타임 투 다이,"베놈 2: 렛 데어 비 카니지 (<5M, 2,121,625명) / 007 노 타임 투 다이 (<5M, 1,222,296명)",60.92538759689923,60% 이상,2515,2121625,500만미만
2021-10-15,2021,3,베놈 2: 렛 데어 비 카니지 / 007 노 타임 투 다이 / 보이스,"베놈 2: 렛 데어 비 카니지 (<5M, 2,121,625명) / 007 노 타임 투 다이 (<5M, 1,222,296명) / 보이스 (<5M, 1,421,580명)",74.37015503875969,70% 이상,3070,2121625,500만미만
2021-10-16,2021,3,베놈 2: 렛 데어 비 카니지 / 007 노 타임 투 다이 / 보이스,"베놈 2: 렛 데어 비 카니지 (<5M, 2,121,625명) / 007 노 타임 투 다이 (<5M, 1,222,296명) / 보이스 (<5M, 1,421,580명)",70.16251354279524,70% 이상,3238,2121625,500만미만
2021-10-17,2021,3,베놈 2: 렛 데어 비 카니지 / 007 노 타임 투 다이 / 보이스,"베놈 2: 렛 데어 비 카니지 (<5M, 2,121,625명) / 007 노 타임 투 다이 (<5M, 1,222,296명) / 보이스 (<5M, 1,421,580명)",69.47391210218663,60% 이상,3209,2121625,500만미만
2021-10-18,2021,2,베놈 2: 렛 데어 비 카니지 / 007 노 타임 투 다이,"베놈 2: 렛 데어 비 카니지 (<5M, 2,121,625명) / 007 노 타임 투 다이 (<5M, 1,222,296명)",65.49820590670714,60% 이상,2373,2121625,500만미만
2021-10-18,2021,3,베놈 2: 렛 데어 비 카니지 / 007 노 타임 투 다이 / 보이스,"베놈 2: 렛 데어 비 카니지 (<5M, 2,121,625명) / 007 노 타임 투 다이 (<5M, 1,222,296명) / 보이스 (<5M, 1,421,580명)",80.09936516698869,70% 이상,2902,2121625,500만미만
2021-10-19,2021,2,베놈 2: 렛 데어 비 카니지 / 007 노 타임 투 다이,"베놈 2: 렛 데어 비 카니지 (<5M, 2,121,625명) / 007 노 타임 투 다이 (<5M, 1,222,296명)",62.480499219968806,60% 이상,2403,2121625,500만미만
2021-10-19,2021,3,베놈 2: 렛 데어 비 카니지 / 007 노 타임 투 다이 / 보이스,"베놈 2: 렛 데어 비 카니지 (<5M, 2,121,625명) / 007 노 타임 투 다이 (<5M, 1,222,296명) / 보이스 (<5M, 1,421,580명)",76.5210608424337,70% 이상,2943,2121625,500만미만
2021-10-20,2021,2,듄 / 베놈 2: 렛 데어 비 카니지,"듄 (<5M, 1,656,287명) / 베놈 2: 렛 데어 비 카니지 (<5M, 2,121,625명)",63.40239912758997,60% 이상,2907,2121625,500만미만
2021-10-20,2021,3,듄 / 베놈 2: 렛 데어 비 카니지 / 007 노 타임 투 다이,"듄 (<5M, 1,656,287명) / 베놈 2: 렛 데어 비 카니지 (<5M, 2,121,625명) / 007 노 타임 투 다이 (<5M, 1,222,296명)",73.12977099236642,70% 이상,3353,2121625,500만미만
2021-10-21,2021,2,듄 / 베놈 2: 렛 데어 비 카니지,"듄 (<5M, 1,656,287명) / 베놈 2: 렛 데어 비 카니지 (<5M, 2,121,625명)",63.29365079365079,60% 이상,2871,2121625,500만미만
2021-10-21,2021,3,듄 / 베놈 2: 렛 데어 비 카니지 / 007 노 타임 투 다이,"듄 (<5M, 1,656,287명) / 베놈 2: 렛 데어 비 카니지 (<5M, 2,121,625명) / 007 노 타임 투 다이 (<5M, 1,222,296명)",72.59700176366843,70% 이상,3293,2121625,500만미만
2021-10-22,2021,2,듄 / 베놈 2: 렛 데어 비 카니지,"듄 (<5M, 1,656,287명) / 베놈 2: 렛 데어 비 카니지 (<5M, 2,121,625명)",62.61127596439169,60% 이상,2954,2121625,500만미만
2021-10-22,2021,3,듄 / 베놈 2: 렛 데어 비 카니지 / 007 노 타임 투 다이,"듄 (<5M, 1,656,287명) / 베놈 2: 렛 데어 비 카니지 (<5M, 2,121,625명) / 007 노 타임 투 다이 (<5M, 1,222,296명)",72.10682492581603,70% 이상,3402,2121625,500만미만
2021-10-23,2021,2,듄 / 베놈 2: 렛 데어 비 카니지,"듄 (<5M, 1,656,287명) / 베놈 2: 렛 데어 비 카니지 (<5M, 2,121,625명)",62.666932429738885,60% 이상,3144,2121625,500만미만
2021-10-23,2021,3,듄 / 베놈 2: 렛 데어 비 카니지 / 007 노 타임 투 다이,"듄 (<5M, 1,656,287명) / 베놈 2: 렛 데어 비 카니지 (<5M, 2,121,625명) / 007 노 타임 투 다이 (<5M, 1,222,296명)",72.09487741678294,70% 이상,3617,2121625,500만미만
2021-10-24,2021,2,듄 / 베놈 2: 렛 데어 비 카니지,"듄 (<5M, 1,656,287명) / 베놈 2: 렛 데어 비 카니지 (<5M, 2,121,625명)",62.68115942028986,60% 이상,3114,2121625,500만미만
2021-10-24,2021,3,듄 / 베놈 2: 렛 데어 비 카니지 / 007 노 타임 투 다이,"듄 (<5M, 1,656,287명) / 베놈 2: 렛 데어 비 카니지 (<5M, 2,121,625명) / 007 노 타임 투 다이 (<5M, 1,222,296명)",72.02093397745571,70% 이상,3578,2121625,500만미만
2021-10-25,2021,2,듄 / 베놈 2: 렛 데어 비 카니지,"듄 (<5M, 1,656,287명) / 베놈 2: 렛 데어 비 카니지 (<5M, 2,121,625명)",63.722248464808686,60% 이상,2698,2121625,500만미만
2021-10-25,2021,3,듄 / 베놈 2: 렛 데어 비 카니지 / 007 노 타임 투 다이,"듄 (<5M, 1,656,287명) / 베놈 2: 렛 데어 비 카니지 (<5M, 2,121,625명) / 007 노 타임 투 다이 (<5M, 1,222,296명)",73.21681624940953,70% 이상,3100,2121625,500만미만
2021-10-26,2021,2,듄 / 베놈 2: 렛 데어 비 카니지,"듄 (<5M, 1,656,287명) / 베놈 2: 렛 데어 비 카니지 (<5M, 2,121,625명)",63.747973129488074,60% 이상,2752,2121625,500만미만
2021-10-26,2021,3,듄 / 베놈 2: 렛 데어 비 카니지 / 007 노 타임 투 다이,"듄 (<5M, 1,656,287명) / 베놈 2: 렛 데어 비 카니지 (<5M, 2,121,625명) / 007 노 타임 투 다이 (<5M, 1,222,296명)",73.38429464906186,70% 이상,3168,2121625,500만미만
2021-10-27,2021,3,베놈 2: 렛 데어 비 카니지 / 듄 / 고장난 론,"베놈 2: 렛 데어 비 카니지 (<5M, 2,121,625명) / 듄 (<5M, 1,656,287명) / 고장난 론 (<5M, 152,171명)",65.88594704684319,60% 이상,3235,2121625,500만미만
2021-10-28,2021,3,듄 / 베놈 2: 렛 데어 비 카니지 / 고장난 론,"듄 (<5M, 1,656,287명) / 베놈 2: 렛 데어 비 카니지 (<5M, 2,121,625명) / 고장난 론 (<5M, 152,171명)",64.65116279069767,60% 이상,3058,2121625,500만미만
2021-10-29,2021,3,듄 / 베놈 2: 렛 데어 비 카니지 / 고장난 론,"듄 (<5M, 1,656,287명) / 베놈 2: 렛 데어 비 카니지 (<5M, 2,121,625명) / 고장난 론 (<5M, 152,171명)",66.44971656519002,60% 이상,3165,2121625,500만미만
2021-10-30,2021,3,듄 / 베놈 2: 렛 데어 비 카니지 / 고장난 론,"듄 (<5M, 1,656,287명) / 베놈 2: 렛 데어 비 카니지 (<5M, 2,121,625명) / 고장난 론 (<5M, 152,171명)",67.62318293373608,60% 이상,3582,2121625,500만미만
2021-10-31,2021,3,듄 / 베놈 2: 렛 데어 비 카니지 / 고장난 론,"듄 (<5M, 1,656,287명) / 베놈 2: 렛 데어 비 카니지 (<5M, 2,121,625명) / 고장난 론 (<5M, 152,171명)",67.5196115054165,60% 이상,3615,2121625,500만미만
2021-11-01,2021,3,듄 / 베놈 2: 렛 데어 비 카니지 / 고장난 론,"듄 (<5M, 1,656,287명) / 베놈 2: 렛 데어 비 카니지 (<5M, 2,121,625명) / 고장난 론 (<5M, 152,171명)",68.01592568015926,60% 이상,3075,2121625,500만미만
2021-11-02,2021,3,듄 / 베놈 2: 렛 데어 비 카니지 / 고장난 론,"듄 (<5M, 1,656,287명) / 베놈 2: 렛 데어 비 카니지 (<5M, 2,121,625명) / 고장난 론 (<5M, 152,171명)",66.88339835283918,60% 이상,3086,2121625,500만미만
2021-11-03,2021,2,이터널스 / 베놈 2: 렛 데어 비 카니지,"이터널스 (<5M, 3,048,616명) / 베놈 2: 렛 데어 비 카니지 (<5M, 2,121,625명)",73.69130532464614,70% 이상,3280,3048616,500만미만
2021-11-03,2021,3,이터널스 / 베놈 2: 렛 데어 비 카니지 / 듄,"이터널스 (<5M, 3,048,616명) / 베놈 2: 렛 데어 비 카니지 (<5M, 2,121,625명) / 듄 (<5M, 1,656,287명)",87.39609076611997,70% 이상,3890,3048616,500만미만
2021-11-04,2021,2,이터널스 / 베놈 2: 렛 데어 비 카니지,"이터널스 (<5M, 3,048,616명) / 베놈 2: 렛 데어 비 카니지 (<5M, 2,121,625명)",71.4410100130605,70% 이상,3282,3048616,500만미만
2021-11-04,2021,3,이터널스 / 베놈 2: 렛 데어 비 카니지 / 듄,"이터널스 (<5M, 3,048,616명) / 베놈 2: 렛 데어 비 카니지 (<5M, 2,121,625명) / 듄 (<5M, 1,656,287명)",84.4579886808881,70% 이상,3880,3048616,500만미만
2021-11-05,2021,2,이터널스 / 베놈 2: 렛 데어 비 카니지,"이터널스 (<5M, 3,048,616명) / 베놈 2: 렛 데어 비 카니지 (<5M, 2,121,625명)",71.01910828025478,70% 이상,3345,3048616,500만미만
2021-11-05,2021,3,이터널스 / 베놈 2: 렛 데어 비 카니지 / 듄,"이터널스 (<5M, 3,048,616명) / 베놈 2: 렛 데어 비 카니지 (<5M, 2,121,625명) / 듄 (<5M, 1,656,287명)",84.50106157112526,70% 이상,3980,3048616,500만미만
2021-11-06,2021,2,이터널스 / 베놈 2: 렛 데어 비 카니지,"이터널스 (<5M, 3,048,616명) / 베놈 2: 렛 데어 비 카니지 (<5M, 2,121,625명)",67.2623723487824,60% 이상,3425,3048616,500만미만
2021-11-06,2021,3,이터널스 / 베놈 2: 렛 데어 비 카니지 / 듄,"이터널스 (<5M, 3,048,616명) / 베놈 2: 렛 데어 비 카니지 (<5M, 2,121,625명) / 듄 (<5M, 1,656,287명)",80.49882168106834,70% 이상,4099,3048616,500만미만
2021-11-07,2021,2,이터널스 / 베놈 2: 렛 데어 비 카니지,"이터널스 (<5M, 3,048,616명) / 베놈 2: 렛 데어 비 카니지 (<5M, 2,121,625명)",66.73263407876509,60% 이상,3372,3048616,500만미만
2021-11-07,2021,3,이터널스 / 베놈 2: 렛 데어 비 카니지 / 듄,"이터널스 (<5M, 3,048,616명) / 베놈 2: 렛 데어 비 카니지 (<5M, 2,121,625명) / 듄 (<5M, 1,656,287명)",80.18998614684345,70% 이상,4052,3048616,500만미만
2021-11-08,2021,2,이터널스 / 베놈 2: 렛 데어 비 카니지,"이터널스 (<5M, 3,048,616명) / 베놈 2: 렛 데어 비 카니지 (<5M, 2,121,625명)",71.59143787808283,70% 이상,3077,3048616,500만미만
2021-11-08,2021,3,이터널스 / 베놈 2: 렛 데어 비 카니지 / 듄,"이터널스 (<5M, 3,048,616명) / 베놈 2: 렛 데어 비 카니지 (<5M, 2,121,625명) / 듄 (<5M, 1,656,287명)",86.52861796184271,70% 이상,3719,3048616,500만미만
2021-11-09,2021,2,이터널스 / 베놈 2: 렛 데어 비 카니지,"이터널스 (<5M, 3,048,616명) / 베놈 2: 렛 데어 비 카니지 (<5M, 2,121,625명)",70.19036954087346,70% 이상,3134,3048616,500만미만
2021-11-09,2021,3,이터널스 / 베놈 2: 렛 데어 비 카니지 / 듄,"이터널스 (<5M, 3,048,616명) / 베놈 2: 렛 데어 비 카니지 (<5M, 2,121,625명) / 듄 (<5M, 1,656,287명)",85.21836506159016,70% 이상,3805,3048616,500만미만
2021-11-10,2021,3,이터널스 / 듄 / 강릉,"이터널스 (<5M, 3,048,616명) / 듄 (<5M, 1,656,287명) / 강릉 (<5M, 304,200명)",69.52298726527088,60% 이상,3221,3048616,500만미만
2021-11-11,2021,3,이터널스 / 강릉 / 듄,"이터널스 (<5M, 3,048,616명) / 강릉 (<5M, 304,200명) / 듄 (<5M, 1,656,287명)",69.01918976545842,60% 이상,3237,3048616,500만미만
2021-11-12,2021,3,이터널스 / 듄 / 강릉,"이터널스 (<5M, 3,048,616명) / 듄 (<5M, 1,656,287명) / 강릉 (<5M, 304,200명)",68.011468359615,60% 이상,3321,3048616,500만미만
2021-11-13,2021,3,이터널스 / 강릉 / 듄,"이터널스 (<5M, 3,048,616명) / 강릉 (<5M, 304,200명) / 듄 (<5M, 1,656,287명)",63.859392164042475,60% 이상,3488,3048616,500만미만
2021-11-14,2021,3,이터널스 / 강릉 / 아담스 패밀리 2,"이터널스 (<5M, 3,048,616명) / 강릉 (<5M, 304,200명) / 아담스 패밀리 2 (<5M, 111,348명)",65.39556061468411,60% 이상,3447,3048616,500만미만
2021-11-15,2021,3,이터널스 / 듄 / 강릉,"이터널스 (<5M, 3,048,616명) / 듄 (<5M, 1,656,287명) / 강릉 (<5M, 304,200명)",74.68115257439773,70% 이상,3162,3048616,500만미만
2021-11-16,2021,3,이터널스 / 강릉 / 듄,"이터널스 (<5M, 3,048,616명) / 강릉 (<5M, 304,200명) / 듄 (<5M, 1,656,287명)",74.82386096759042,70% 이상,3186,3048616,500만미만
2021-11-17,2021,3,장르만 로맨스 / 이터널스 / 디어 에반 핸슨,"장르만 로맨스 (<5M, 518,361명) / 이터널스 (<5M, 3,048,616명) / 디어 에반 핸슨 (<5M, 105,742명)",60.61250531688643,60% 이상,2850,3048616,500만미만
2021-11-18,2021,3,장르만 로맨스 / 이터널스 / 디어 에반 핸슨,"장르만 로맨스 (<5M, 518,361명) / 이터널스 (<5M, 3,048,616명) / 디어 에반 핸슨 (<5M, 105,742명)",60.45738045738046,60% 이상,2908,3048616,500만미만
2021-11-22,2021,3,이터널스 / 장르만 로맨스 / 듄,"이터널스 (<5M, 3,048,616명) / 장르만 로맨스 (<5M, 518,361명) / 듄 (<5M, 1,656,287명)",61.25950054288817,60% 이상,2821,3048616,500만미만
2021-12-15,2021,1,스파이더맨: 노 웨이 홈,"스파이더맨: 노 웨이 홈 (5M+, 7,545,831명)",65.06469500924214,60% 이상,2816,7545831,500만+
2021-12-15,2021,2,스파이더맨: 노 웨이 홈 / 연애 빠진 로맨스,"스파이더맨: 노 웨이 홈 (5M+, 7,545,831명) / 연애 빠진 로맨스 (<5M, 604,674명)",75.67005545286506,70% 이상,3275,7545831,500만+
2021-12-15,2021,3,스파이더맨: 노 웨이 홈 / 연애 빠진 로맨스 / 유체이탈자,"스파이더맨: 노 웨이 홈 (5M+, 7,545,831명) / 연애 빠진 로맨스 (<5M, 604,674명) / 유체이탈자 (<5M, 815,149명)",86.06746765249538,70% 이상,3725,7545831,500만+
2021-12-16,2021,1,스파이더맨: 노 웨이 홈,"스파이더맨: 노 웨이 홈 (5M+, 7,545,831명)",62.51397897562067,60% 이상,2795,7545831,500만+
2021-12-16,2021,2,스파이더맨: 노 웨이 홈 / 연애 빠진 로맨스,"스파이더맨: 노 웨이 홈 (5M+, 7,545,831명) / 연애 빠진 로맨스 (<5M, 604,674명)",73.67479311116081,70% 이상,3294,7545831,500만+
2021-12-16,2021,3,스파이더맨: 노 웨이 홈 / 연애 빠진 로맨스 / 유체이탈자,"스파이더맨: 노 웨이 홈 (5M+, 7,545,831명) / 연애 빠진 로맨스 (<5M, 604,674명) / 유체이탈자 (<5M, 815,149명)",83.76202191903377,70% 이상,3745,7545831,500만+
2021-12-17,2021,1,스파이더맨: 노 웨이 홈,"스파이더맨: 노 웨이 홈 (5M+, 7,545,831명)",62.14872460008647,60% 이상,2875,7545831,500만+
2021-12-17,2021,2,스파이더맨: 노 웨이 홈 / 연애 빠진 로맨스,"스파이더맨: 노 웨이 홈 (5M+, 7,545,831명) / 연애 빠진 로맨스 (<5M, 604,674명)",74.25421530479896,70% 이상,3435,7545831,500만+
2021-12-17,2021,3,스파이더맨: 노 웨이 홈 / 연애 빠진 로맨스 / 유체이탈자,"스파이더맨: 노 웨이 홈 (5M+, 7,545,831명) / 연애 빠진 로맨스 (<5M, 604,674명) / 유체이탈자 (<5M, 815,149명)",85.14915693904021,70% 이상,3939,7545831,500만+
2021-12-18,2021,1,스파이더맨: 노 웨이 홈,"스파이더맨: 노 웨이 홈 (5M+, 7,545,831명)",62.03332630246783,60% 이상,2941,7545831,500만+
2021-12-18,2021,2,스파이더맨: 노 웨이 홈 / 연애 빠진 로맨스,"스파이더맨: 노 웨이 홈 (5M+, 7,545,831명) / 연애 빠진 로맨스 (<5M, 604,674명)",73.04366167475216,70% 이상,3463,7545831,500만+
2021-12-18,2021,3,스파이더맨: 노 웨이 홈 / 연애 빠진 로맨스 / 유체이탈자,"스파이더맨: 노 웨이 홈 (5M+, 7,545,831명) / 연애 빠진 로맨스 (<5M, 604,674명) / 유체이탈자 (<5M, 815,149명)",82.3244041341489,70% 이상,3903,7545831,500만+
2021-12-19,2021,1,스파이더맨: 노 웨이 홈,"스파이더맨: 노 웨이 홈 (5M+, 7,545,831명)",61.36552872606161,60% 이상,2948,7545831,500만+
2021-12-19,2021,2,스파이더맨: 노 웨이 홈 / 연애 빠진 로맨스,"스파이더맨: 노 웨이 홈 (5M+, 7,545,831명) / 연애 빠진 로맨스 (<5M, 604,674명)",72.46044962531224,70% 이상,3481,7545831,500만+
2021-12-19,2021,3,스파이더맨: 노 웨이 홈 / 연애 빠진 로맨스 / 유체이탈자,"스파이더맨: 노 웨이 홈 (5M+, 7,545,831명) / 연애 빠진 로맨스 (<5M, 604,674명) / 유체이탈자 (<5M, 815,149명)",82.07743547044129,70% 이상,3943,7545831,500만+
2021-12-20,2021,1,스파이더맨: 노 웨이 홈,"스파이더맨: 노 웨이 홈 (5M+, 7,545,831명)",65.56647940074907,60% 이상,2801,7545831,500만+
2021-12-20,2021,2,스파이더맨: 노 웨이 홈 / 연애 빠진 로맨스,"스파이더맨: 노 웨이 홈 (5M+, 7,545,831명) / 연애 빠진 로맨스 (<5M, 604,674명)",76.98970037453185,70% 이상,3289,7545831,500만+
2021-12-20,2021,3,스파이더맨: 노 웨이 홈 / 연애 빠진 로맨스 / 유체이탈자,"스파이더맨: 노 웨이 홈 (5M+, 7,545,831명) / 연애 빠진 로맨스 (<5M, 604,674명) / 유체이탈자 (<5M, 815,149명)",86.21254681647942,70% 이상,3683,7545831,500만+
2021-12-21,2021,1,스파이더맨: 노 웨이 홈,"스파이더맨: 노 웨이 홈 (5M+, 7,545,831명)",64.66956322890465,60% 이상,2828,7545831,500만+
2021-12-21,2021,2,스파이더맨: 노 웨이 홈 / 연애 빠진 로맨스,"스파이더맨: 노 웨이 홈 (5M+, 7,545,831명) / 연애 빠진 로맨스 (<5M, 604,674명)",76.67505145209239,70% 이상,3353,7545831,500만+
2021-12-21,2021,3,스파이더맨: 노 웨이 홈 / 연애 빠진 로맨스 / 유체이탈자,"스파이더맨: 노 웨이 홈 (5M+, 7,545,831명) / 연애 빠진 로맨스 (<5M, 604,674명) / 유체이탈자 (<5M, 815,149명)",86.07363366110222,70% 이상,3764,7545831,500만+
2021-12-22,2021,2,스파이더맨: 노 웨이 홈 / 킹스맨: 퍼스트 에이전트,"스파이더맨: 노 웨이 홈 (5M+, 7,545,831명) / 킹스맨: 퍼스트 에이전트 (<5M, 1,023,740명)",66.12190812720848,60% 이상,2994,7545831,500만+
2021-12-22,2021,3,스파이더맨: 노 웨이 홈 / 킹스맨: 퍼스트 에이전트 / 매트릭스: 리저렉션,"스파이더맨: 노 웨이 홈 (5M+, 7,545,831명) / 킹스맨: 퍼스트 에이전트 (<5M, 1,023,740명) / 매트릭스: 리저렉션 (<5M, 208,540명)",87.54416961130742,70% 이상,3964,7545831,500만+
2021-12-23,2021,2,스파이더맨: 노 웨이 홈 / 킹스맨: 퍼스트 에이전트,"스파이더맨: 노 웨이 홈 (5M+, 7,545,831명) / 킹스맨: 퍼스트 에이전트 (<5M, 1,023,740명)",66.65191414029653,60% 이상,3012,7545831,500만+
2021-12-23,2021,3,스파이더맨: 노 웨이 홈 / 킹스맨: 퍼스트 에이전트 / 매트릭스: 리저렉션,"스파이더맨: 노 웨이 홈 (5M+, 7,545,831명) / 킹스맨: 퍼스트 에이전트 (<5M, 1,023,740명) / 매트릭스: 리저렉션 (<5M, 208,540명)",86.76698384598362,70% 이상,3921,7545831,500만+
2021-12-24,2021,2,스파이더맨: 노 웨이 홈 / 킹스맨: 퍼스트 에이전트,"스파이더맨: 노 웨이 홈 (5M+, 7,545,831명) / 킹스맨: 퍼스트 에이전트 (<5M, 1,023,740명)",67.76999787820921,60% 이상,3194,7545831,500만+
2021-12-24,2021,3,스파이더맨: 노 웨이 홈 / 킹스맨: 퍼스트 에이전트 / 매트릭스: 리저렉션,"스파이더맨: 노 웨이 홈 (5M+, 7,545,831명) / 킹스맨: 퍼스트 에이전트 (<5M, 1,023,740명) / 매트릭스: 리저렉션 (<5M, 208,540명)",85.42329726288988,70% 이상,4026,7545831,500만+
2021-12-25,2021,2,스파이더맨: 노 웨이 홈 / 킹스맨: 퍼스트 에이전트,"스파이더맨: 노 웨이 홈 (5M+, 7,545,831명) / 킹스맨: 퍼스트 에이전트 (<5M, 1,023,740명)",64.09814069388537,60% 이상,3344,7545831,500만+
2021-12-25,2021,3,스파이더맨: 노 웨이 홈 / 킹스맨: 퍼스트 에이전트 / 매트릭스: 리저렉션,"스파이더맨: 노 웨이 홈 (5M+, 7,545,831명) / 킹스맨: 퍼스트 에이전트 (<5M, 1,023,740명) / 매트릭스: 리저렉션 (<5M, 208,540명)",78.45505079547632,70% 이상,4093,7545831,500만+
2021-12-26,2021,2,스파이더맨: 노 웨이 홈 / 킹스맨: 퍼스트 에이전트,"스파이더맨: 노 웨이 홈 (5M+, 7,545,831명) / 킹스맨: 퍼스트 에이전트 (<5M, 1,023,740명)",65.30931871574002,60% 이상,3336,7545831,500만+
2021-12-26,2021,3,스파이더맨: 노 웨이 홈 / 킹스맨: 퍼스트 에이전트 / 매트릭스: 리저렉션,"스파이더맨: 노 웨이 홈 (5M+, 7,545,831명) / 킹스맨: 퍼스트 에이전트 (<5M, 1,023,740명) / 매트릭스: 리저렉션 (<5M, 208,540명)",79.62020360219265,70% 이상,4067,7545831,500만+
2021-12-27,2021,2,스파이더맨: 노 웨이 홈 / 킹스맨: 퍼스트 에이전트,"스파이더맨: 노 웨이 홈 (5M+, 7,545,831명) / 킹스맨: 퍼스트 에이전트 (<5M, 1,023,740명)",68.97331524197196,60% 이상,3050,7545831,500만+
2021-12-27,2021,3,스파이더맨: 노 웨이 홈 / 킹스맨: 퍼스트 에이전트 / 매트릭스: 리저렉션,"스파이더맨: 노 웨이 홈 (5M+, 7,545,831명) / 킹스맨: 퍼스트 에이전트 (<5M, 1,023,740명) / 매트릭스: 리저렉션 (<5M, 208,540명)",84.30574400723656,70% 이상,3728,7545831,500만+
2021-12-28,2021,2,스파이더맨: 노 웨이 홈 / 킹스맨: 퍼스트 에이전트,"스파이더맨: 노 웨이 홈 (5M+, 7,545,831명) / 킹스맨: 퍼스트 에이전트 (<5M, 1,023,740명)",67.7687760017517,60% 이상,3095,7545831,500만+
2021-12-28,2021,3,스파이더맨: 노 웨이 홈 / 킹스맨: 퍼스트 에이전트 / 매트릭스: 리저렉션,"스파이더맨: 노 웨이 홈 (5M+, 7,545,831명) / 킹스맨: 퍼스트 에이전트 (<5M, 1,023,740명) / 매트릭스: 리저렉션 (<5M, 208,540명)",83.0961243704839,70% 이상,3795,7545831,500만+
2021-12-29,2021,2,스파이더맨: 노 웨이 홈 / 킹스맨: 퍼스트 에이전트,"스파이더맨: 노 웨이 홈 (5M+, 7,545,831명) / 킹스맨: 퍼스트 에이전트 (<5M, 1,023,740명)",61.78931559751126,60% 이상,2880,7545831,500만+
2021-12-29,2021,3,스파이더맨: 노 웨이 홈 / 킹스맨: 퍼스트 에이전트 / 해피 뉴 이어,"스파이더맨: 노 웨이 홈 (5M+, 7,545,831명) / 킹스맨: 퍼스트 에이전트 (<5M, 1,023,740명) / 해피 뉴 이어 (<5M, 229,478명)",79.63956232568118,70% 이상,3712,7545831,500만+
2021-12-30,2021,2,스파이더맨: 노 웨이 홈 / 킹스맨: 퍼스트 에이전트,"스파이더맨: 노 웨이 홈 (5M+, 7,545,831명) / 킹스맨: 퍼스트 에이전트 (<5M, 1,023,740명)",63.346354166666664,60% 이상,2919,7545831,500만+
2021-12-30,2021,3,스파이더맨: 노 웨이 홈 / 킹스맨: 퍼스트 에이전트 / 해피 뉴 이어,"스파이더맨: 노 웨이 홈 (5M+, 7,545,831명) / 킹스맨: 퍼스트 에이전트 (<5M, 1,023,740명) / 해피 뉴 이어 (<5M, 229,478명)",81.07638888888889,70% 이상,3736,7545831,500만+
2021-12-31,2021,2,스파이더맨: 노 웨이 홈 / 킹스맨: 퍼스트 에이전트,"스파이더맨: 노 웨이 홈 (5M+, 7,545,831명) / 킹스맨: 퍼스트 에이전트 (<5M, 1,023,740명)",61.89979123173278,60% 이상,2965,7545831,500만+
2021-12-31,2021,3,스파이더맨: 노 웨이 홈 / 킹스맨: 퍼스트 에이전트 / 해피 뉴 이어,"스파이더맨: 노 웨이 홈 (5M+, 7,545,831명) / 킹스맨: 퍼스트 에이전트 (<5M, 1,023,740명) / 해피 뉴 이어 (<5M, 229,478명)",78.72651356993737,70% 이상,3771,7545831,500만+
2022-01-01,2022,2,스파이더맨: 노 웨이 홈 / 킹스맨: 퍼스트 에이전트,"스파이더맨: 노 웨이 홈 (5M+, 7,545,831명) / 킹스맨: 퍼스트 에이전트 (<5M, 1,023,740명)",62.10462287104623,60% 이상,3063,7545831,500만+
2022-01-01,2022,3,스파이더맨: 노 웨이 홈 / 킹스맨: 퍼스트 에이전트 / 해피 뉴 이어,"스파이더맨: 노 웨이 홈 (5M+, 7,545,831명) / 킹스맨: 퍼스트 에이전트 (<5M, 1,023,740명) / 해피 뉴 이어 (<5M, 229,478명)",77.73722627737227,70% 이상,3834,7545831,500만+
2022-01-02,2022,2,스파이더맨: 노 웨이 홈 / 킹스맨: 퍼스트 에이전트,"스파이더맨: 노 웨이 홈 (5M+, 7,545,831명) / 킹스맨: 퍼스트 에이전트 (<5M, 1,023,740명)",62.36057594808355,60% 이상,3075,7545831,500만+
2022-01-02,2022,3,스파이더맨: 노 웨이 홈 / 킹스맨: 퍼스트 에이전트 / 해피 뉴 이어,"스파이더맨: 노 웨이 홈 (5M+, 7,545,831명) / 킹스맨: 퍼스트 에이전트 (<5M, 1,023,740명) / 해피 뉴 이어 (<5M, 229,478명)",77.85439059014398,70% 이상,3839,7545831,500만+
2022-01-03,2022,2,스파이더맨: 노 웨이 홈 / 킹스맨: 퍼스트 에이전트,"스파이더맨: 노 웨이 홈 (5M+, 7,545,831명) / 킹스맨: 퍼스트 에이전트 (<5M, 1,023,740명)",67.84864350309377,60% 이상,2851,7545831,500만+
2022-01-03,2022,3,스파이더맨: 노 웨이 홈 / 킹스맨: 퍼스트 에이전트 / 해피 뉴 이어,"스파이더맨: 노 웨이 홈 (5M+, 7,545,831명) / 킹스맨: 퍼스트 에이전트 (<5M, 1,023,740명) / 해피 뉴 이어 (<5M, 229,478명)",83.67444074250356,70% 이상,3516,7545831,500만+
2022-01-04,2022,2,스파이더맨: 노 웨이 홈 / 킹스맨: 퍼스트 에이전트,"스파이더맨: 노 웨이 홈 (5M+, 7,545,831명) / 킹스맨: 퍼스트 에이전트 (<5M, 1,023,740명)",67.78380929903233,60% 이상,2872,7545831,500만+
2022-01-04,2022,3,스파이더맨: 노 웨이 홈 / 킹스맨: 퍼스트 에이전트 / 해피 뉴 이어,"스파이더맨: 노 웨이 홈 (5M+, 7,545,831명) / 킹스맨: 퍼스트 에이전트 (<5M, 1,023,740명) / 해피 뉴 이어 (<5M, 229,478명)",83.596884588152,70% 이상,3542,7545831,500만+
2022-01-05,2022,3,스파이더맨: 노 웨이 홈 / 경관의 피 / 씽2게더,"스파이더맨: 노 웨이 홈 (5M+, 7,545,831명) / 경관의 피 (<5M, 681,379명) / 씽2게더 (<5M, 877,349명)",73.86387434554973,70% 이상,3527,7545831,500만+
2022-01-06,2022,3,스파이더맨: 노 웨이 홈 / 경관의 피 / 씽2게더,"스파이더맨: 노 웨이 홈 (5M+, 7,545,831명) / 경관의 피 (<5M, 681,379명) / 씽2게더 (<5M, 877,349명)",74.053826745164,70% 이상,3522,7545831,500만+
2022-01-07,2022,3,스파이더맨: 노 웨이 홈 / 경관의 피 / 씽2게더,"스파이더맨: 노 웨이 홈 (5M+, 7,545,831명) / 경관의 피 (<5M, 681,379명) / 씽2게더 (<5M, 877,349명)",74.59119496855345,70% 이상,3558,7545831,500만+
2022-01-08,2022,3,스파이더맨: 노 웨이 홈 / 씽2게더 / 경관의 피,"스파이더맨: 노 웨이 홈 (5M+, 7,545,831명) / 씽2게더 (<5M, 877,349명) / 경관의 피 (<5M, 681,379명)",75.97145122918319,70% 이상,3832,7545831,500만+
2022-01-09,2022,3,스파이더맨: 노 웨이 홈 / 씽2게더 / 경관의 피,"스파이더맨: 노 웨이 홈 (5M+, 7,545,831명) / 씽2게더 (<5M, 877,349명) / 경관의 피 (<5M, 681,379명)",75.96837944664031,70% 이상,3844,7545831,500만+
2022-01-10,2022,3,스파이더맨: 노 웨이 홈 / 경관의 피 / 씽2게더,"스파이더맨: 노 웨이 홈 (5M+, 7,545,831명) / 경관의 피 (<5M, 681,379명) / 씽2게더 (<5M, 877,349명)",77.56541524459612,70% 이상,3409,7545831,500만+
2022-01-11,2022,3,스파이더맨: 노 웨이 홈 / 경관의 피 / 씽2게더,"스파이더맨: 노 웨이 홈 (5M+, 7,545,831명) / 경관의 피 (<5M, 681,379명) / 씽2게더 (<5M, 877,349명)",76.99194270367055,70% 이상,3440,7545831,500만+
2022-01-26,2022,2,해적: 도깨비 깃발 / 킹메이커,"해적: 도깨비 깃발 (<5M, 1,336,756명) / 킹메이커 (<5M, 780,819명)",61.284046692607006,60% 이상,2835,1336756,500만미만
2022-01-26,2022,3,해적: 도깨비 깃발 / 킹메이커 / 스파이더맨: 노 웨이 홈,"해적: 도깨비 깃발 (<5M, 1,336,756명) / 킹메이커 (<5M, 780,819명) / 스파이더맨: 노 웨이 홈 (5M+, 7,545,831명)",72.63294422827497,70% 이상,3360,7545831,500만+
2022-01-27,2022,3,해적: 도깨비 깃발 / 킹메이커 / 스파이더맨: 노 웨이 홈,"해적: 도깨비 깃발 (<5M, 1,336,756명) / 킹메이커 (<5M, 780,819명) / 스파이더맨: 노 웨이 홈 (5M+, 7,545,831명)",69.49398589796765,60% 이상,3351,7545831,500만+
2022-01-28,2022,3,해적: 도깨비 깃발 / 킹메이커 / 스파이더맨: 노 웨이 홈,"해적: 도깨비 깃발 (<5M, 1,336,756명) / 킹메이커 (<5M, 780,819명) / 스파이더맨: 노 웨이 홈 (5M+, 7,545,831명)",68.48680233729598,60% 이상,3399,7545831,500만+
2022-01-29,2022,3,해적: 도깨비 깃발 / 킹메이커 / 스파이더맨: 노 웨이 홈,"해적: 도깨비 깃발 (<5M, 1,336,756명) / 킹메이커 (<5M, 780,819명) / 스파이더맨: 노 웨이 홈 (5M+, 7,545,831명)",67.72527262291945,60% 이상,3540,7545831,500만+
2022-01-30,2022,3,해적: 도깨비 깃발 / 킹메이커 / 스파이더맨: 노 웨이 홈,"해적: 도깨비 깃발 (<5M, 1,336,756명) / 킹메이커 (<5M, 780,819명) / 스파이더맨: 노 웨이 홈 (5M+, 7,545,831명)",67.3080623436598,60% 이상,3498,7545831,500만+
2022-01-31,2022,3,해적: 도깨비 깃발 / 킹메이커 / 스파이더맨: 노 웨이 홈,"해적: 도깨비 깃발 (<5M, 1,336,756명) / 킹메이커 (<5M, 780,819명) / 스파이더맨: 노 웨이 홈 (5M+, 7,545,831명)",67.25372556609251,60% 이상,3475,7545831,500만+
2022-02-01,2022,3,해적: 도깨비 깃발 / 킹메이커 / 스파이더맨: 노 웨이 홈,"해적: 도깨비 깃발 (<5M, 1,336,756명) / 킹메이커 (<5M, 780,819명) / 스파이더맨: 노 웨이 홈 (5M+, 7,545,831명)",68.24059561128527,60% 이상,3483,7545831,500만+
2022-02-02,2022,3,해적: 도깨비 깃발 / 킹메이커 / 스파이더맨: 노 웨이 홈,"해적: 도깨비 깃발 (<5M, 1,336,756명) / 킹메이커 (<5M, 780,819명) / 스파이더맨: 노 웨이 홈 (5M+, 7,545,831명)",66.85030395136778,60% 이상,3519,7545831,500만+
2022-02-03,2022,3,해적: 도깨비 깃발 / 킹메이커 / 스파이더맨: 노 웨이 홈,"해적: 도깨비 깃발 (<5M, 1,336,756명) / 킹메이커 (<5M, 780,819명) / 스파이더맨: 노 웨이 홈 (5M+, 7,545,831명)",73.20822970834276,70% 이상,3238,7545831,500만+
2022-02-04,2022,3,해적: 도깨비 깃발 / 킹메이커 / 스파이더맨: 노 웨이 홈,"해적: 도깨비 깃발 (<5M, 1,336,756명) / 킹메이커 (<5M, 780,819명) / 스파이더맨: 노 웨이 홈 (5M+, 7,545,831명)",73.28072153325817,70% 이상,3250,7545831,500만+
2022-02-05,2022,3,해적: 도깨비 깃발 / 킹메이커 / 스파이더맨: 노 웨이 홈,"해적: 도깨비 깃발 (<5M, 1,336,756명) / 킹메이커 (<5M, 780,819명) / 스파이더맨: 노 웨이 홈 (5M+, 7,545,831명)",69.27408003217374,60% 이상,3445,7545831,500만+
2022-02-06,2022,3,해적: 도깨비 깃발 / 킹메이커 / 스파이더맨: 노 웨이 홈,"해적: 도깨비 깃발 (<5M, 1,336,756명) / 킹메이커 (<5M, 780,819명) / 스파이더맨: 노 웨이 홈 (5M+, 7,545,831명)",68.60698514652749,60% 이상,3418,7545831,500만+
2022-02-07,2022,2,해적: 도깨비 깃발 / 킹메이커,"해적: 도깨비 깃발 (<5M, 1,336,756명) / 킹메이커 (<5M, 780,819명)",61.03087649402391,60% 이상,2451,1336756,500만미만
2022-02-07,2022,3,해적: 도깨비 깃발 / 킹메이커 / 스파이더맨: 노 웨이 홈,"해적: 도깨비 깃발 (<5M, 1,336,756명) / 킹메이커 (<5M, 780,819명) / 스파이더맨: 노 웨이 홈 (5M+, 7,545,831명)",76.02091633466136,70% 이상,3053,7545831,500만+
2022-02-08,2022,3,해적: 도깨비 깃발 / 킹메이커 / 스파이더맨: 노 웨이 홈,"해적: 도깨비 깃발 (<5M, 1,336,756명) / 킹메이커 (<5M, 780,819명) / 스파이더맨: 노 웨이 홈 (5M+, 7,545,831명)",73.91934315382758,70% 이상,3061,7545831,500만+
2022-02-09,2022,3,나일 강의 죽음 / 해적: 도깨비 깃발 / 킹메이커,"나일 강의 죽음 (<5M, 227,890명) / 해적: 도깨비 깃발 (<5M, 1,336,756명) / 킹메이커 (<5M, 780,819명)",60.560444650301065,60% 이상,2615,1336756,500만미만
2022-02-16,2022,3,언차티드 / 나일 강의 죽음 / 해적: 도깨비 깃발,"언차티드 (<5M, 730,046명) / 나일 강의 죽음 (<5M, 227,890명) / 해적: 도깨비 깃발 (<5M, 1,336,756명)",65.78001437814522,60% 이상,2745,1336756,500만미만
2022-02-22,2022,3,언차티드 / 극장판 주술회전 0 / 나일 강의 죽음,"언차티드 (<5M, 730,046명) / 극장판 주술회전 0 (<5M, 714,104명) / 나일 강의 죽음 (<5M, 227,890명)",63.52334037063101,60% 이상,2708,730046,500만미만
2022-03-01,2022,3,더 배트맨 / 언차티드 / 극장판 주술회전 0,"더 배트맨 (<5M, 901,534명) / 언차티드 (<5M, 730,046명) / 극장판 주술회전 0 (<5M, 714,104명)",70.94226067331202,70% 이상,3772,901534,500만미만
2022-03-02,2022,2,더 배트맨 / 언차티드,"더 배트맨 (<5M, 901,534명) / 언차티드 (<5M, 730,046명)",63.416776460254724,60% 이상,2888,901534,500만미만
2022-03-02,2022,3,더 배트맨 / 언차티드 / 극장판 주술회전 0,"더 배트맨 (<5M, 901,534명) / 언차티드 (<5M, 730,046명) / 극장판 주술회전 0 (<5M, 714,104명)",74.70355731225297,70% 이상,3402,901534,500만미만
2022-03-03,2022,2,더 배트맨 / 언차티드,"더 배트맨 (<5M, 901,534명) / 언차티드 (<5M, 730,046명)",64.14164051994621,60% 이상,2862,901534,500만미만
2022-03-03,2022,3,더 배트맨 / 언차티드 / 극장판 주술회전 0,"더 배트맨 (<5M, 901,534명) / 언차티드 (<5M, 730,046명) / 극장판 주술회전 0 (<5M, 714,104명)",76.84894666069027,70% 이상,3429,901534,500만미만
2022-03-04,2022,2,더 배트맨 / 언차티드,"더 배트맨 (<5M, 901,534명) / 언차티드 (<5M, 730,046명)",62.124760485416225,60% 이상,2918,901534,500만미만
2022-03-04,2022,3,더 배트맨 / 언차티드 / 극장판 주술회전 0,"더 배트맨 (<5M, 901,534명) / 언차티드 (<5M, 730,046명) / 극장판 주술회전 0 (<5M, 714,104명)",74.64338939748777,70% 이상,3506,901534,500만미만
2022-03-05,2022,3,더 배트맨 / 언차티드 / 극장판 주술회전 0,"더 배트맨 (<5M, 901,534명) / 언차티드 (<5M, 730,046명) / 극장판 주술회전 0 (<5M, 714,104명)",73.018263980418,70% 이상,3878,901534,500만미만
2022-03-06,2022,3,더 배트맨 / 언차티드 / 극장판 주술회전 0,"더 배트맨 (<5M, 901,534명) / 언차티드 (<5M, 730,046명) / 극장판 주술회전 0 (<5M, 714,104명)",72.13987077156975,70% 이상,3796,901534,500만미만
2022-03-07,2022,2,더 배트맨 / 언차티드,"더 배트맨 (<5M, 901,534명) / 언차티드 (<5M, 730,046명)",62.18547807332854,60% 이상,2595,901534,500만미만
2022-03-07,2022,3,더 배트맨 / 언차티드 / 극장판 주술회전 0,"더 배트맨 (<5M, 901,534명) / 언차티드 (<5M, 730,046명) / 극장판 주술회전 0 (<5M, 714,104명)",74.8622094416487,70% 이상,3124,901534,500만미만
2022-03-08,2022,2,더 배트맨 / 언차티드,"더 배트맨 (<5M, 901,534명) / 언차티드 (<5M, 730,046명)",61.20018323408154,60% 이상,2672,901534,500만미만
2022-03-08,2022,3,더 배트맨 / 언차티드 / 극장판 주술회전 0,"더 배트맨 (<5M, 901,534명) / 언차티드 (<5M, 730,046명) / 극장판 주술회전 0 (<5M, 714,104명)",73.36234539624371,70% 이상,3203,901534,500만미만
2022-03-09,2022,3,더 배트맨 / 이상한 나라의 수학자 / 극장판 주술회전 0,"더 배트맨 (<5M, 901,534명) / 이상한 나라의 수학자 (<5M, 526,009명) / 극장판 주술회전 0 (<5M, 714,104명)",64.34137996578598,60% 이상,3385,901534,500만미만
2022-03-10,2022,3,더 배트맨 / 이상한 나라의 수학자 / 극장판 주술회전 0,"더 배트맨 (<5M, 901,534명) / 이상한 나라의 수학자 (<5M, 526,009명) / 극장판 주술회전 0 (<5M, 714,104명)",69.45578231292518,60% 이상,3063,901534,500만미만
2022-03-11,2022,3,더 배트맨 / 이상한 나라의 수학자 / 극장판 주술회전 0,"더 배트맨 (<5M, 901,534명) / 이상한 나라의 수학자 (<5M, 526,009명) / 극장판 주술회전 0 (<5M, 714,104명)",67.54952627045651,60% 이상,3137,901534,500만미만
2022-03-12,2022,3,더 배트맨 / 이상한 나라의 수학자 / 극장판 주술회전 0,"더 배트맨 (<5M, 901,534명) / 이상한 나라의 수학자 (<5M, 526,009명) / 극장판 주술회전 0 (<5M, 714,104명)",65.7785336356765,60% 이상,3481,901534,500만미만
2022-03-13,2022,3,더 배트맨 / 이상한 나라의 수학자 / 극장판 주술회전 0,"더 배트맨 (<5M, 901,534명) / 이상한 나라의 수학자 (<5M, 526,009명) / 극장판 주술회전 0 (<5M, 714,104명)",64.64937560038425,60% 이상,3365,901534,500만미만
2022-03-14,2022,2,더 배트맨 / 이상한 나라의 수학자,"더 배트맨 (<5M, 901,534명) / 이상한 나라의 수학자 (<5M, 526,009명)",61.17409926933736,60% 이상,2428,901534,500만미만
2022-03-14,2022,3,더 배트맨 / 이상한 나라의 수학자 / 극장판 주술회전 0,"더 배트맨 (<5M, 901,534명) / 이상한 나라의 수학자 (<5M, 526,009명) / 극장판 주술회전 0 (<5M, 714,104명)",72.00806248425296,70% 이상,2858,901534,500만미만
2022-03-15,2022,3,더 배트맨 / 이상한 나라의 수학자 / 극장판 주술회전 0,"더 배트맨 (<5M, 901,534명) / 이상한 나라의 수학자 (<5M, 526,009명) / 극장판 주술회전 0 (<5M, 714,104명)",68.61934856587263,60% 이상,2823,901534,500만미만
2022-03-16,2022,3,문폴 / 이상한 나라의 수학자 / 더 배트맨,"문폴 (<5M, 190,606명) / 이상한 나라의 수학자 (<5M, 526,009명) / 더 배트맨 (<5M, 901,534명)",62.45068461359945,60% 이상,2691,901534,500만미만
2022-03-17,2022,3,문폴 / 이상한 나라의 수학자 / 더 배트맨,"문폴 (<5M, 190,606명) / 이상한 나라의 수학자 (<5M, 526,009명) / 더 배트맨 (<5M, 901,534명)",63.24684598905023,60% 이상,2657,901534,500만미만
2022-03-18,2022,3,문폴 / 이상한 나라의 수학자 / 더 배트맨,"문폴 (<5M, 190,606명) / 이상한 나라의 수학자 (<5M, 526,009명) / 더 배트맨 (<5M, 901,534명)",62.734339277549154,60% 이상,2744,901534,500만미만
2022-03-19,2022,3,문폴 / 이상한 나라의 수학자 / 더 배트맨,"문폴 (<5M, 190,606명) / 이상한 나라의 수학자 (<5M, 526,009명) / 더 배트맨 (<5M, 901,534명)",60.97861842105263,60% 이상,2966,901534,500만미만
2022-03-20,2022,3,문폴 / 이상한 나라의 수학자 / 더 배트맨,"문폴 (<5M, 190,606명) / 이상한 나라의 수학자 (<5M, 526,009명) / 더 배트맨 (<5M, 901,534명)",61.30179991628296,60% 이상,2929,901534,500만미만
2022-03-21,2022,3,문폴 / 이상한 나라의 수학자 / 더 배트맨,"문폴 (<5M, 190,606명) / 이상한 나라의 수학자 (<5M, 526,009명) / 더 배트맨 (<5M, 901,534명)",64.05313883823912,60% 이상,2459,901534,500만미만
2022-03-22,2022,3,문폴 / 이상한 나라의 수학자 / 더 배트맨,"문폴 (<5M, 190,606명) / 이상한 나라의 수학자 (<5M, 526,009명) / 더 배트맨 (<5M, 901,534명)",64.25765907305578,60% 이상,2454,901534,500만미만
2022-03-30,2022,3,모비우스 / 뜨거운 피 / 배니싱: 미제사건,"모비우스 (<5M, 475,928명) / 뜨거운 피 (<5M, 396,773명) / 배니싱: 미제사건 (<5M, 35,644명)",68.71880199667223,60% 이상,2891,475928,500만미만
2022-03-31,2022,3,모비우스 / 뜨거운 피 / 배니싱: 미제사건,"모비우스 (<5M, 475,928명) / 뜨거운 피 (<5M, 396,773명) / 배니싱: 미제사건 (<5M, 35,644명)",68.18291215403129,60% 이상,2833,475928,500만미만
2022-04-01,2022,3,모비우스 / 뜨거운 피 / 배니싱: 미제사건,"모비우스 (<5M, 475,928명) / 뜨거운 피 (<5M, 396,773명) / 배니싱: 미제사건 (<5M, 35,644명)",67.25076959507459,60% 이상,2840,475928,500만미만
2022-04-02,2022,3,모비우스 / 뜨거운 피 / 이상한 나라의 수학자,"모비우스 (<5M, 475,928명) / 뜨거운 피 (<5M, 396,773명) / 이상한 나라의 수학자 (<5M, 526,009명)",64.26904307235307,60% 이상,3029,526009,500만미만
2022-04-03,2022,3,모비우스 / 뜨거운 피 / 이상한 나라의 수학자,"모비우스 (<5M, 475,928명) / 뜨거운 피 (<5M, 396,773명) / 이상한 나라의 수학자 (<5M, 526,009명)",64.87532244196045,60% 이상,3018,526009,500만미만
2022-04-04,2022,3,모비우스 / 뜨거운 피 / 이상한 나라의 수학자,"모비우스 (<5M, 475,928명) / 뜨거운 피 (<5M, 396,773명) / 이상한 나라의 수학자 (<5M, 526,009명)",70.72359301358469,70% 이상,2551,526009,500만미만
2022-04-05,2022,3,모비우스 / 뜨거운 피 / 이상한 나라의 수학자,"모비우스 (<5M, 475,928명) / 뜨거운 피 (<5M, 396,773명) / 이상한 나라의 수학자 (<5M, 526,009명)",68.25993555316863,60% 이상,2542,526009,500만미만
2022-04-13,2022,3,신비한 동물들과 덤블도어의 비밀 / 스텔라 / 모비우스,"신비한 동물들과 덤블도어의 비밀 (<5M, 1,195,322명) / 스텔라 (<5M, 95,349명) / 모비우스 (<5M, 475,928명)",67.54862053369516,60% 이상,2987,1195322,500만미만
2022-04-14,2022,3,신비한 동물들과 덤블도어의 비밀 / 스텔라 / 모비우스,"신비한 동물들과 덤블도어의 비밀 (<5M, 1,195,322명) / 스텔라 (<5M, 95,349명) / 모비우스 (<5M, 475,928명)",67.1604938271605,60% 이상,2992,1195322,500만미만
2022-04-15,2022,3,신비한 동물들과 덤블도어의 비밀 / 모비우스 / 수퍼 소닉2,"신비한 동물들과 덤블도어의 비밀 (<5M, 1,195,322명) / 모비우스 (<5M, 475,928명) / 수퍼 소닉2 (<5M, 313,089명)",65.66367904396074,60% 이상,3077,1195322,500만미만
2022-04-16,2022,3,신비한 동물들과 덤블도어의 비밀 / 수퍼 소닉2 / 모비우스,"신비한 동물들과 덤블도어의 비밀 (<5M, 1,195,322명) / 수퍼 소닉2 (<5M, 313,089명) / 모비우스 (<5M, 475,928명)",67.53318584070796,60% 이상,3663,1195322,500만미만
2022-04-17,2022,3,신비한 동물들과 덤블도어의 비밀 / 수퍼 소닉2 / 모비우스,"신비한 동물들과 덤블도어의 비밀 (<5M, 1,195,322명) / 수퍼 소닉2 (<5M, 313,089명) / 모비우스 (<5M, 475,928명)",67.80551905387648,60% 이상,3612,1195322,500만미만
2022-04-18,2022,3,신비한 동물들과 덤블도어의 비밀 / 모비우스 / 스텔라,"신비한 동물들과 덤블도어의 비밀 (<5M, 1,195,322명) / 모비우스 (<5M, 475,928명) / 스텔라 (<5M, 95,349명)",69.44854751354013,60% 이상,2821,1195322,500만미만
2022-04-19,2022,3,신비한 동물들과 덤블도어의 비밀 / 모비우스 / 수퍼 소닉2,"신비한 동물들과 덤블도어의 비밀 (<5M, 1,195,322명) / 모비우스 (<5M, 475,928명) / 수퍼 소닉2 (<5M, 313,089명)",66.84466019417475,60% 이상,2754,1195322,500만미만
2022-04-20,2022,2,신비한 동물들과 덤블도어의 비밀 / 앵커,"신비한 동물들과 덤블도어의 비밀 (<5M, 1,195,322명) / 앵커 (<5M, 169,683명)",60.905024993422785,60% 이상,2315,1195322,500만미만
2022-04-20,2022,3,신비한 동물들과 덤블도어의 비밀 / 앵커 / 로스트 시티,"신비한 동물들과 덤블도어의 비밀 (<5M, 1,195,322명) / 앵커 (<5M, 169,683명) / 로스트 시티 (<5M, 112,348명)",82.87292817679558,70% 이상,3150,1195322,500만미만
2022-04-21,2022,3,신비한 동물들과 덤블도어의 비밀 / 앵커 / 로스트 시티,"신비한 동물들과 덤블도어의 비밀 (<5M, 1,195,322명) / 앵커 (<5M, 169,683명) / 로스트 시티 (<5M, 112,348명)",76.2690672668167,70% 이상,3050,1195322,500만미만
2022-04-22,2022,3,신비한 동물들과 덤블도어의 비밀 / 앵커 / 공기살인,"신비한 동물들과 덤블도어의 비밀 (<5M, 1,195,322명) / 앵커 (<5M, 169,683명) / 공기살인 (<5M, 158,265명)",65.0,60% 이상,2795,1195322,500만미만
2022-04-25,2022,3,신비한 동물들과 덤블도어의 비밀 / 앵커 / 공기살인,"신비한 동물들과 덤블도어의 비밀 (<5M, 1,195,322명) / 앵커 (<5M, 169,683명) / 공기살인 (<5M, 158,265명)",66.21585786263591,60% 이상,2497,1195322,500만미만
2022-04-26,2022,3,신비한 동물들과 덤블도어의 비밀 / 앵커 / 공기살인,"신비한 동물들과 덤블도어의 비밀 (<5M, 1,195,322명) / 앵커 (<5M, 169,683명) / 공기살인 (<5M, 158,265명)",67.15063520871144,60% 이상,2590,1195322,500만미만
2022-05-04,2022,2,닥터 스트레인지: 대혼돈의 멀티버스 / 배드 가이즈,"닥터 스트레인지: 대혼돈의 멀티버스 (5M+, 5,882,489명) / 배드 가이즈 (<5M, 420,224명)",70.82362904933305,70% 이상,3345,5882489,500만+
2022-05-04,2022,3,닥터 스트레인지: 대혼돈의 멀티버스 / 배드 가이즈 / 니 부모 얼굴이 보고 싶다,"닥터 스트레인지: 대혼돈의 멀티버스 (5M+, 5,882,489명) / 배드 가이즈 (<5M, 420,224명) / 니 부모 얼굴이 보고 싶다 (<5M, 416,053명)",82.72284564895193,70% 이상,3907,5882489,500만+
2022-05-05,2022,2,닥터 스트레인지: 대혼돈의 멀티버스 / 배드 가이즈,"닥터 스트레인지: 대혼돈의 멀티버스 (5M+, 5,882,489명) / 배드 가이즈 (<5M, 420,224명)",60.84674597620714,60% 이상,3478,5882489,500만+
2022-05-05,2022,3,닥터 스트레인지: 대혼돈의 멀티버스 / 배드 가이즈 / 극장판 엉덩이 탐정: 수플레 섬의 비밀,"닥터 스트레인지: 대혼돈의 멀티버스 (5M+, 5,882,489명) / 배드 가이즈 (<5M, 420,224명) / 극장판 엉덩이 탐정: 수플레 섬의 비밀 (<5M, 151,304명)",74.31770468859342,70% 이상,4248,5882489,500만+
2022-05-06,2022,2,닥터 스트레인지: 대혼돈의 멀티버스 / 배드 가이즈,"닥터 스트레인지: 대혼돈의 멀티버스 (5M+, 5,882,489명) / 배드 가이즈 (<5M, 420,224명)",62.08670095518002,60% 이상,3380,5882489,500만+
2022-05-06,2022,3,닥터 스트레인지: 대혼돈의 멀티버스 / 배드 가이즈 / 극장판 엉덩이 탐정: 수플레 섬의 비밀,"닥터 스트레인지: 대혼돈의 멀티버스 (5M+, 5,882,489명) / 배드 가이즈 (<5M, 420,224명) / 극장판 엉덩이 탐정: 수플레 섬의 비밀 (<5M, 151,304명)",74.1182953710507,70% 이상,4035,5882489,500만+
2022-05-07,2022,2,닥터 스트레인지: 대혼돈의 멀티버스 / 배드 가이즈,"닥터 스트레인지: 대혼돈의 멀티버스 (5M+, 5,882,489명) / 배드 가이즈 (<5M, 420,224명)",62.50918442321822,60% 이상,3403,5882489,500만+
2022-05-07,2022,3,닥터 스트레인지: 대혼돈의 멀티버스 / 배드 가이즈 / 극장판 엉덩이 탐정: 수플레 섬의 비밀,"닥터 스트레인지: 대혼돈의 멀티버스 (5M+, 5,882,489명) / 배드 가이즈 (<5M, 420,224명) / 극장판 엉덩이 탐정: 수플레 섬의 비밀 (<5M, 151,304명)",74.66936076414402,70% 이상,4065,5882489,500만+
2022-05-08,2022,2,닥터 스트레인지: 대혼돈의 멀티버스 / 배드 가이즈,"닥터 스트레인지: 대혼돈의 멀티버스 (5M+, 5,882,489명) / 배드 가이즈 (<5M, 420,224명)",62.683516075078984,60% 이상,3373,5882489,500만+
2022-05-08,2022,3,닥터 스트레인지: 대혼돈의 멀티버스 / 배드 가이즈 / 극장판 엉덩이 탐정: 수플레 섬의 비밀,"닥터 스트레인지: 대혼돈의 멀티버스 (5M+, 5,882,489명) / 배드 가이즈 (<5M, 420,224명) / 극장판 엉덩이 탐정: 수플레 섬의 비밀 (<5M, 151,304명)",75.0418137892585,70% 이상,4038,5882489,500만+
2022-05-09,2022,2,닥터 스트레인지: 대혼돈의 멀티버스 / 니 부모 얼굴이 보고 싶다,"닥터 스트레인지: 대혼돈의 멀티버스 (5M+, 5,882,489명) / 니 부모 얼굴이 보고 싶다 (<5M, 416,053명)",66.88815060908084,60% 이상,3020,5882489,500만+
2022-05-09,2022,3,닥터 스트레인지: 대혼돈의 멀티버스 / 니 부모 얼굴이 보고 싶다 / 배드 가이즈,"닥터 스트레인지: 대혼돈의 멀티버스 (5M+, 5,882,489명) / 니 부모 얼굴이 보고 싶다 (<5M, 416,053명) / 배드 가이즈 (<5M, 420,224명)",78.62679955703211,70% 이상,3550,5882489,500만+
2022-05-10,2022,2,닥터 스트레인지: 대혼돈의 멀티버스 / 니 부모 얼굴이 보고 싶다,"닥터 스트레인지: 대혼돈의 멀티버스 (5M+, 5,882,489명) / 니 부모 얼굴이 보고 싶다 (<5M, 416,053명)",68.21043165467626,60% 이상,3034,5882489,500만+
2022-05-10,2022,3,닥터 스트레인지: 대혼돈의 멀티버스 / 니 부모 얼굴이 보고 싶다 / 배드 가이즈,"닥터 스트레인지: 대혼돈의 멀티버스 (5M+, 5,882,489명) / 니 부모 얼굴이 보고 싶다 (<5M, 416,053명) / 배드 가이즈 (<5M, 420,224명)",79.65377697841727,70% 이상,3543,5882489,500만+
2022-05-11,2022,3,닥터 스트레인지: 대혼돈의 멀티버스 / 민스미트 작전 / 배드 가이즈,"닥터 스트레인지: 대혼돈의 멀티버스 (5M+, 5,882,489명) / 민스미트 작전 (<5M, 35,596명) / 배드 가이즈 (<5M, 420,224명)",68.99656946826758,60% 이상,3218,5882489,500만+
2022-05-12,2022,2,닥터 스트레인지: 대혼돈의 멀티버스 / 민스미트 작전,"닥터 스트레인지: 대혼돈의 멀티버스 (5M+, 5,882,489명) / 민스미트 작전 (<5M, 35,596명)",60.773966578715914,60% 이상,2764,5882489,500만+
2022-05-12,2022,3,닥터 스트레인지: 대혼돈의 멀티버스 / 민스미트 작전 / 니 부모 얼굴이 보고 싶다,"닥터 스트레인지: 대혼돈의 멀티버스 (5M+, 5,882,489명) / 민스미트 작전 (<5M, 35,596명) / 니 부모 얼굴이 보고 싶다 (<5M, 416,053명)",70.51451187335091,70% 이상,3207,5882489,500만+
2022-05-13,2022,3,닥터 스트레인지: 대혼돈의 멀티버스 / 배드 가이즈 / 민스미트 작전,"닥터 스트레인지: 대혼돈의 멀티버스 (5M+, 5,882,489명) / 배드 가이즈 (<5M, 420,224명) / 민스미트 작전 (<5M, 35,596명)",67.86743515850144,60% 이상,3297,5882489,500만+
2022-05-14,2022,3,닥터 스트레인지: 대혼돈의 멀티버스 / 배드 가이즈 / 극장판 엉덩이 탐정: 수플레 섬의 비밀,"닥터 스트레인지: 대혼돈의 멀티버스 (5M+, 5,882,489명) / 배드 가이즈 (<5M, 420,224명) / 극장판 엉덩이 탐정: 수플레 섬의 비밀 (<5M, 151,304명)",62.19676549865229,60% 이상,3692,5882489,500만+
2022-05-15,2022,3,닥터 스트레인지: 대혼돈의 멀티버스 / 배드 가이즈 / 극장판 엉덩이 탐정: 수플레 섬의 비밀,"닥터 스트레인지: 대혼돈의 멀티버스 (5M+, 5,882,489명) / 배드 가이즈 (<5M, 420,224명) / 극장판 엉덩이 탐정: 수플레 섬의 비밀 (<5M, 151,304명)",63.21819425444596,60% 이상,3697,5882489,500만+
2022-05-16,2022,2,닥터 스트레인지: 대혼돈의 멀티버스 / 배드 가이즈,"닥터 스트레인지: 대혼돈의 멀티버스 (5M+, 5,882,489명) / 배드 가이즈 (<5M, 420,224명)",61.11744583808438,60% 이상,2680,5882489,500만+
2022-05-16,2022,3,닥터 스트레인지: 대혼돈의 멀티버스 / 배드 가이즈 / 니 부모 얼굴이 보고 싶다,"닥터 스트레인지: 대혼돈의 멀티버스 (5M+, 5,882,489명) / 배드 가이즈 (<5M, 420,224명) / 니 부모 얼굴이 보고 싶다 (<5M, 416,053명)",70.1254275940707,70% 이상,3075,5882489,500만+
2022-05-17,2022,2,닥터 스트레인지: 대혼돈의 멀티버스 / 배드 가이즈,"닥터 스트레인지: 대혼돈의 멀티버스 (5M+, 5,882,489명) / 배드 가이즈 (<5M, 420,224명)",65.07707129094413,60% 이상,2702,5882489,500만+
2022-05-17,2022,3,닥터 스트레인지: 대혼돈의 멀티버스 / 배드 가이즈 / 니 부모 얼굴이 보고 싶다,"닥터 스트레인지: 대혼돈의 멀티버스 (5M+, 5,882,489명) / 배드 가이즈 (<5M, 420,224명) / 니 부모 얼굴이 보고 싶다 (<5M, 416,053명)",74.42196531791907,70% 이상,3090,5882489,500만+
2022-05-18,2022,2,범죄도시2 / 닥터 스트레인지: 대혼돈의 멀티버스,"범죄도시2 (10M+, 12,686,210명) / 닥터 스트레인지: 대혼돈의 멀티버스 (5M+, 5,882,489명)",85.40870893812071,70% 이상,3354,12686210,1000만+
2022-05-18,2022,3,범죄도시2 / 닥터 스트레인지: 대혼돈의 멀티버스 / 배드 가이즈,"범죄도시2 (10M+, 12,686,210명) / 닥터 스트레인지: 대혼돈의 멀티버스 (5M+, 5,882,489명) / 배드 가이즈 (<5M, 420,224명)",89.99236058059589,70% 이상,3534,12686210,1000만+
2022-05-19,2022,2,범죄도시2 / 닥터 스트레인지: 대혼돈의 멀티버스,"범죄도시2 (10M+, 12,686,210명) / 닥터 스트레인지: 대혼돈의 멀티버스 (5M+, 5,882,489명)",89.23731065639117,70% 이상,3358,12686210,1000만+
2022-05-19,2022,3,범죄도시2 / 닥터 스트레인지: 대혼돈의 멀티버스 / 배드 가이즈,"범죄도시2 (10M+, 12,686,210명) / 닥터 스트레인지: 대혼돈의 멀티버스 (5M+, 5,882,489명) / 배드 가이즈 (<5M, 420,224명)",93.88785543449376,70% 이상,3533,12686210,1000만+
2022-05-20,2022,2,범죄도시2 / 닥터 스트레인지: 대혼돈의 멀티버스,"범죄도시2 (10M+, 12,686,210명) / 닥터 스트레인지: 대혼돈의 멀티버스 (5M+, 5,882,489명)",87.06293706293707,70% 이상,3486,12686210,1000만+
2022-05-20,2022,3,범죄도시2 / 닥터 스트레인지: 대혼돈의 멀티버스 / 배드 가이즈,"범죄도시2 (10M+, 12,686,210명) / 닥터 스트레인지: 대혼돈의 멀티버스 (5M+, 5,882,489명) / 배드 가이즈 (<5M, 420,224명)",92.25774225774227,70% 이상,3694,12686210,1000만+
2022-05-21,2022,2,범죄도시2 / 닥터 스트레인지: 대혼돈의 멀티버스,"범죄도시2 (10M+, 12,686,210명) / 닥터 스트레인지: 대혼돈의 멀티버스 (5M+, 5,882,489명)",79.76513098464318,70% 이상,3532,12686210,1000만+
2022-05-21,2022,3,범죄도시2 / 닥터 스트레인지: 대혼돈의 멀티버스 / 배드 가이즈,"범죄도시2 (10M+, 12,686,210명) / 닥터 스트레인지: 대혼돈의 멀티버스 (5M+, 5,882,489명) / 배드 가이즈 (<5M, 420,224명)",88.88888888888889,70% 이상,3936,12686210,1000만+
2022-05-22,2022,2,범죄도시2 / 닥터 스트레인지: 대혼돈의 멀티버스,"범죄도시2 (10M+, 12,686,210명) / 닥터 스트레인지: 대혼돈의 멀티버스 (5M+, 5,882,489명)",80.22779043280183,70% 이상,3522,12686210,1000만+
2022-05-22,2022,3,범죄도시2 / 닥터 스트레인지: 대혼돈의 멀티버스 / 배드 가이즈,"범죄도시2 (10M+, 12,686,210명) / 닥터 스트레인지: 대혼돈의 멀티버스 (5M+, 5,882,489명) / 배드 가이즈 (<5M, 420,224명)",89.33940774487472,70% 이상,3922,12686210,1000만+
2022-05-23,2022,1,범죄도시2,"범죄도시2 (10M+, 12,686,210명)",61.11259695105643,60% 이상,2285,12686210,1000만+
2022-05-23,2022,2,범죄도시2 / 닥터 스트레인지: 대혼돈의 멀티버스,"범죄도시2 (10M+, 12,686,210명) / 닥터 스트레인지: 대혼돈의 멀티버스 (5M+, 5,882,489명)",87.29606846750468,70% 이상,3264,12686210,1000만+
2022-05-23,2022,3,범죄도시2 / 닥터 스트레인지: 대혼돈의 멀티버스 / 배드 가이즈,"범죄도시2 (10M+, 12,686,210명) / 닥터 스트레인지: 대혼돈의 멀티버스 (5M+, 5,882,489명) / 배드 가이즈 (<5M, 420,224명)",91.70901310510831,70% 이상,3429,12686210,1000만+
2022-05-24,2022,1,범죄도시2,"범죄도시2 (10M+, 12,686,210명)",62.274319590406904,60% 이상,2311,12686210,1000만+
2022-05-24,2022,2,범죄도시2 / 닥터 스트레인지: 대혼돈의 멀티버스,"범죄도시2 (10M+, 12,686,210명) / 닥터 스트레인지: 대혼돈의 멀티버스 (5M+, 5,882,489명)",88.76313662085691,70% 이상,3294,12686210,1000만+
2022-05-24,2022,3,범죄도시2 / 닥터 스트레인지: 대혼돈의 멀티버스 / 배드 가이즈,"범죄도시2 (10M+, 12,686,210명) / 닥터 스트레인지: 대혼돈의 멀티버스 (5M+, 5,882,489명) / 배드 가이즈 (<5M, 420,224명)",92.75127997844247,70% 이상,3442,12686210,1000만+
2022-05-25,2022,2,범죄도시2 / 닥터 스트레인지: 대혼돈의 멀티버스,"범죄도시2 (10M+, 12,686,210명) / 닥터 스트레인지: 대혼돈의 멀티버스 (5M+, 5,882,489명)",75.42735042735042,70% 이상,3177,12686210,1000만+
2022-05-25,2022,3,범죄도시2 / 닥터 스트레인지: 대혼돈의 멀티버스 / 그대가 조국,"범죄도시2 (10M+, 12,686,210명) / 닥터 스트레인지: 대혼돈의 멀티버스 (5M+, 5,882,489명) / 그대가 조국 (<5M, 330,566명)",87.17948717948717,70% 이상,3672,12686210,1000만+
2022-05-26,2022,2,범죄도시2 / 닥터 스트레인지: 대혼돈의 멀티버스,"범죄도시2 (10M+, 12,686,210명) / 닥터 스트레인지: 대혼돈의 멀티버스 (5M+, 5,882,489명)",74.05817835002385,70% 이상,3106,12686210,1000만+
2022-05-26,2022,3,범죄도시2 / 닥터 스트레인지: 대혼돈의 멀티버스 / 그대가 조국,"범죄도시2 (10M+, 12,686,210명) / 닥터 스트레인지: 대혼돈의 멀티버스 (5M+, 5,882,489명) / 그대가 조국 (<5M, 330,566명)",85.52694325226514,70% 이상,3587,12686210,1000만+
2022-05-27,2022,2,범죄도시2 / 닥터 스트레인지: 대혼돈의 멀티버스,"범죄도시2 (10M+, 12,686,210명) / 닥터 스트레인지: 대혼돈의 멀티버스 (5M+, 5,882,489명)",73.46278317152102,70% 이상,3178,12686210,1000만+
2022-05-27,2022,3,범죄도시2 / 닥터 스트레인지: 대혼돈의 멀티버스 / 그대가 조국,"범죄도시2 (10M+, 12,686,210명) / 닥터 스트레인지: 대혼돈의 멀티버스 (5M+, 5,882,489명) / 그대가 조국 (<5M, 330,566명)",84.92834026814609,70% 이상,3674,12686210,1000만+
2022-05-28,2022,2,범죄도시2 / 닥터 스트레인지: 대혼돈의 멀티버스,"범죄도시2 (10M+, 12,686,210명) / 닥터 스트레인지: 대혼돈의 멀티버스 (5M+, 5,882,489명)",70.21230967188505,70% 이상,3274,12686210,1000만+
2022-05-28,2022,3,범죄도시2 / 닥터 스트레인지: 대혼돈의 멀티버스 / 그대가 조국,"범죄도시2 (10M+, 12,686,210명) / 닥터 스트레인지: 대혼돈의 멀티버스 (5M+, 5,882,489명) / 그대가 조국 (<5M, 330,566명)",80.46322110229465,70% 이상,3752,12686210,1000만+
2022-05-29,2022,2,범죄도시2 / 닥터 스트레인지: 대혼돈의 멀티버스,"범죄도시2 (10M+, 12,686,210명) / 닥터 스트레인지: 대혼돈의 멀티버스 (5M+, 5,882,489명)",69.25531914893617,60% 이상,3255,12686210,1000만+
2022-05-29,2022,3,범죄도시2 / 닥터 스트레인지: 대혼돈의 멀티버스 / 그대가 조국,"범죄도시2 (10M+, 12,686,210명) / 닥터 스트레인지: 대혼돈의 멀티버스 (5M+, 5,882,489명) / 그대가 조국 (<5M, 330,566명)",82.04255319148936,70% 이상,3856,12686210,1000만+
2022-05-30,2022,2,범죄도시2 / 닥터 스트레인지: 대혼돈의 멀티버스,"범죄도시2 (10M+, 12,686,210명) / 닥터 스트레인지: 대혼돈의 멀티버스 (5M+, 5,882,489명)",74.02376910016977,70% 이상,3052,12686210,1000만+
2022-05-30,2022,3,범죄도시2 / 닥터 스트레인지: 대혼돈의 멀티버스 / 그대가 조국,"범죄도시2 (10M+, 12,686,210명) / 닥터 스트레인지: 대혼돈의 멀티버스 (5M+, 5,882,489명) / 그대가 조국 (<5M, 330,566명)",85.10793111811788,70% 이상,3509,12686210,1000만+
2022-05-31,2022,2,범죄도시2 / 닥터 스트레인지: 대혼돈의 멀티버스,"범죄도시2 (10M+, 12,686,210명) / 닥터 스트레인지: 대혼돈의 멀티버스 (5M+, 5,882,489명)",76.76643768400392,70% 이상,3129,12686210,1000만+
2022-05-31,2022,3,범죄도시2 / 닥터 스트레인지: 대혼돈의 멀티버스 / 그대가 조국,"범죄도시2 (10M+, 12,686,210명) / 닥터 스트레인지: 대혼돈의 멀티버스 (5M+, 5,882,489명) / 그대가 조국 (<5M, 330,566명)",88.1746810598626,70% 이상,3594,12686210,1000만+
2022-06-01,2022,2,쥬라기 월드: 도미니언 / 범죄도시2,"쥬라기 월드: 도미니언 (<5M, 2,833,242명) / 범죄도시2 (10M+, 12,686,210명)",65.59299944144479,60% 이상,3523,12686210,1000만+
2022-06-01,2022,3,쥬라기 월드: 도미니언 / 범죄도시2 / 극장판 포켓몬스터DP: 기라티나와 하늘의 꽃다발 쉐이미,"쥬라기 월드: 도미니언 (<5M, 2,833,242명) / 범죄도시2 (10M+, 12,686,210명) / 극장판 포켓몬스터DP: 기라티나와 하늘의 꽃다발 쉐이미 (<5M, 577,402명)",80.65537143921057,70% 이상,4332,12686210,1000만+
2022-06-02,2022,2,쥬라기 월드: 도미니언 / 범죄도시2,"쥬라기 월드: 도미니언 (<5M, 2,833,242명) / 범죄도시2 (10M+, 12,686,210명)",73.92410430358278,70% 이상,3487,12686210,1000만+
2022-06-02,2022,3,쥬라기 월드: 도미니언 / 범죄도시2 / 극장판 포켓몬스터DP: 기라티나와 하늘의 꽃다발 쉐이미,"쥬라기 월드: 도미니언 (<5M, 2,833,242명) / 범죄도시2 (10M+, 12,686,210명) / 극장판 포켓몬스터DP: 기라티나와 하늘의 꽃다발 쉐이미 (<5M, 577,402명)",84.22726309094763,70% 이상,3973,12686210,1000만+
2022-06-03,2022,2,쥬라기 월드: 도미니언 / 범죄도시2,"쥬라기 월드: 도미니언 (<5M, 2,833,242명) / 범죄도시2 (10M+, 12,686,210명)",74.81854838709677,70% 이상,3711,12686210,1000만+
2022-06-03,2022,3,쥬라기 월드: 도미니언 / 범죄도시2 / 극장판 포켓몬스터DP: 기라티나와 하늘의 꽃다발 쉐이미,"쥬라기 월드: 도미니언 (<5M, 2,833,242명) / 범죄도시2 (10M+, 12,686,210명) / 극장판 포켓몬스터DP: 기라티나와 하늘의 꽃다발 쉐이미 (<5M, 577,402명)",84.91935483870968,70% 이상,4212,12686210,1000만+
2022-06-04,2022,2,쥬라기 월드: 도미니언 / 범죄도시2,"쥬라기 월드: 도미니언 (<5M, 2,833,242명) / 범죄도시2 (10M+, 12,686,210명)",70.14137606032045,70% 이상,3721,12686210,1000만+
2022-06-04,2022,3,쥬라기 월드: 도미니언 / 범죄도시2 / 극장판 포켓몬스터DP: 기라티나와 하늘의 꽃다발 쉐이미,"쥬라기 월드: 도미니언 (<5M, 2,833,242명) / 범죄도시2 (10M+, 12,686,210명) / 극장판 포켓몬스터DP: 기라티나와 하늘의 꽃다발 쉐이미 (<5M, 577,402명)",84.8444863336475,70% 이상,4501,12686210,1000만+
2022-06-05,2022,2,쥬라기 월드: 도미니언 / 범죄도시2,"쥬라기 월드: 도미니언 (<5M, 2,833,242명) / 범죄도시2 (10M+, 12,686,210명)",70.51282051282053,70% 이상,3740,12686210,1000만+
2022-06-05,2022,3,쥬라기 월드: 도미니언 / 범죄도시2 / 극장판 포켓몬스터DP: 기라티나와 하늘의 꽃다발 쉐이미,"쥬라기 월드: 도미니언 (<5M, 2,833,242명) / 범죄도시2 (10M+, 12,686,210명) / 극장판 포켓몬스터DP: 기라티나와 하늘의 꽃다발 쉐이미 (<5M, 577,402명)",85.19984917043742,70% 이상,4519,12686210,1000만+
2022-06-06,2022,2,쥬라기 월드: 도미니언 / 범죄도시2,"쥬라기 월드: 도미니언 (<5M, 2,833,242명) / 범죄도시2 (10M+, 12,686,210명)",70.39953899346906,70% 이상,3665,12686210,1000만+
2022-06-06,2022,3,쥬라기 월드: 도미니언 / 범죄도시2 / 극장판 포켓몬스터DP: 기라티나와 하늘의 꽃다발 쉐이미,"쥬라기 월드: 도미니언 (<5M, 2,833,242명) / 범죄도시2 (10M+, 12,686,210명) / 극장판 포켓몬스터DP: 기라티나와 하늘의 꽃다발 쉐이미 (<5M, 577,402명)",84.84441029581252,70% 이상,4417,12686210,1000만+
2022-06-07,2022,2,쥬라기 월드: 도미니언 / 범죄도시2,"쥬라기 월드: 도미니언 (<5M, 2,833,242명) / 범죄도시2 (10M+, 12,686,210명)",76.00273473108479,70% 이상,3335,12686210,1000만+
2022-06-07,2022,3,쥬라기 월드: 도미니언 / 범죄도시2 / 극장판 포켓몬스터DP: 기라티나와 하늘의 꽃다발 쉐이미,"쥬라기 월드: 도미니언 (<5M, 2,833,242명) / 범죄도시2 (10M+, 12,686,210명) / 극장판 포켓몬스터DP: 기라티나와 하늘의 꽃다발 쉐이미 (<5M, 577,402명)",85.25524156791249,70% 이상,3741,12686210,1000만+
2022-06-08,2022,2,브로커 / 범죄도시2,"브로커 (<5M, 1,255,885명) / 범죄도시2 (10M+, 12,686,210명)",67.85202863961814,60% 이상,2843,12686210,1000만+
2022-06-08,2022,3,브로커 / 범죄도시2 / 쥬라기 월드: 도미니언,"브로커 (<5M, 1,255,885명) / 범죄도시2 (10M+, 12,686,210명) / 쥬라기 월드: 도미니언 (<5M, 2,833,242명)",90.45346062052506,70% 이상,3790,12686210,1000만+
2022-06-09,2022,2,브로커 / 범죄도시2,"브로커 (<5M, 1,255,885명) / 범죄도시2 (10M+, 12,686,210명)",68.75894988066825,60% 이상,2881,12686210,1000만+
2022-06-09,2022,3,브로커 / 범죄도시2 / 쥬라기 월드: 도미니언,"브로커 (<5M, 1,255,885명) / 범죄도시2 (10M+, 12,686,210명) / 쥬라기 월드: 도미니언 (<5M, 2,833,242명)",91.09785202863962,70% 이상,3817,12686210,1000만+
2022-06-10,2022,2,브로커 / 범죄도시2,"브로커 (<5M, 1,255,885명) / 범죄도시2 (10M+, 12,686,210명)",66.82496607869743,60% 이상,2955,12686210,1000만+
2022-06-10,2022,3,브로커 / 범죄도시2 / 쥬라기 월드: 도미니언,"브로커 (<5M, 1,255,885명) / 범죄도시2 (10M+, 12,686,210명) / 쥬라기 월드: 도미니언 (<5M, 2,833,242명)",88.26322930800544,70% 이상,3903,12686210,1000만+
2022-06-11,2022,2,범죄도시2 / 브로커,"범죄도시2 (10M+, 12,686,210명) / 브로커 (<5M, 1,255,885명)",62.64960792406108,60% 이상,3036,12686210,1000만+
2022-06-11,2022,3,범죄도시2 / 브로커 / 쥬라기 월드: 도미니언,"범죄도시2 (10M+, 12,686,210명) / 브로커 (<5M, 1,255,885명) / 쥬라기 월드: 도미니언 (<5M, 2,833,242명)",81.26289723483285,70% 이상,3938,12686210,1000만+
2022-06-12,2022,2,범죄도시2 / 브로커,"범죄도시2 (10M+, 12,686,210명) / 브로커 (<5M, 1,255,885명)",62.63004577611319,60% 이상,3010,12686210,1000만+
2022-06-12,2022,3,범죄도시2 / 브로커 / 쥬라기 월드: 도미니언,"범죄도시2 (10M+, 12,686,210명) / 브로커 (<5M, 1,255,885명) / 쥬라기 월드: 도미니언 (<5M, 2,833,242명)",81.43986683312527,70% 이상,3914,12686210,1000만+
2022-06-13,2022,2,범죄도시2 / 브로커,"범죄도시2 (10M+, 12,686,210명) / 브로커 (<5M, 1,255,885명)",70.34134007585334,70% 이상,2782,12686210,1000만+
2022-06-13,2022,3,범죄도시2 / 브로커 / 쥬라기 월드: 도미니언,"범죄도시2 (10M+, 12,686,210명) / 브로커 (<5M, 1,255,885명) / 쥬라기 월드: 도미니언 (<5M, 2,833,242명)",90.31605562579014,70% 이상,3572,12686210,1000만+
2022-06-14,2022,2,범죄도시2 / 브로커,"범죄도시2 (10M+, 12,686,210명) / 브로커 (<5M, 1,255,885명)",69.01028907398334,60% 이상,2817,12686210,1000만+
2022-06-14,2022,3,범죄도시2 / 브로커 / 쥬라기 월드: 도미니언,"범죄도시2 (10M+, 12,686,210명) / 브로커 (<5M, 1,255,885명) / 쥬라기 월드: 도미니언 (<5M, 2,833,242명)",88.65752082312592,70% 이상,3619,12686210,1000만+
2022-06-15,2022,3,마녀(魔女) Part2. The Other One / 범죄도시2 / 버즈 라이트이어,"마녀(魔女) Part2. The Other One (<5M, 2,806,159명) / 범죄도시2 (10M+, 12,686,210명) / 버즈 라이트이어 (<5M, 342,922명)",71.79752066115702,70% 이상,3475,12686210,1000만+
2022-06-16,2022,3,마녀(魔女) Part2. The Other One / 범죄도시2 / 브로커,"마녀(魔女) Part2. The Other One (<5M, 2,806,159명) / 범죄도시2 (10M+, 12,686,210명) / 브로커 (<5M, 1,255,885명)",71.80653162463828,70% 이상,3474,12686210,1000만+
2022-06-17,2022,3,마녀(魔女) Part2. The Other One / 범죄도시2 / 브로커,"마녀(魔女) Part2. The Other One (<5M, 2,806,159명) / 범죄도시2 (10M+, 12,686,210명) / 브로커 (<5M, 1,255,885명)",72.60385005065855,70% 이상,3583,12686210,1000만+
2022-06-18,2022,3,마녀(魔女) Part2. The Other One / 범죄도시2 / 버즈 라이트이어,"마녀(魔女) Part2. The Other One (<5M, 2,806,159명) / 범죄도시2 (10M+, 12,686,210명) / 버즈 라이트이어 (<5M, 342,922명)",65.91672263263936,60% 이상,3926,12686210,1000만+
2022-06-19,2022,3,마녀(魔女) Part2. The Other One / 범죄도시2 / 버즈 라이트이어,"마녀(魔女) Part2. The Other One (<5M, 2,806,159명) / 범죄도시2 (10M+, 12,686,210명) / 버즈 라이트이어 (<5M, 342,922명)",65.77837746668915,60% 이상,3900,12686210,1000만+
2022-06-20,2022,3,마녀(魔女) Part2. The Other One / 범죄도시2 / 브로커,"마녀(魔女) Part2. The Other One (<5M, 2,806,159명) / 범죄도시2 (10M+, 12,686,210명) / 브로커 (<5M, 1,255,885명)",73.18840579710145,70% 이상,3333,12686210,1000만+
2022-06-21,2022,3,마녀(魔女) Part2. The Other One / 범죄도시2 / 브로커,"마녀(魔女) Part2. The Other One (<5M, 2,806,159명) / 범죄도시2 (10M+, 12,686,210명) / 브로커 (<5M, 1,255,885명)",73.50354001287278,70% 이상,3426,12686210,1000만+
2022-06-22,2022,2,탑건: 매버릭 / 마녀(魔女) Part2. The Other One,"탑건: 매버릭 (5M+, 8,275,966명) / 마녀(魔女) Part2. The Other One (<5M, 2,806,159명)",62.64062831670559,60% 이상,2951,8275966,500만+
2022-06-22,2022,3,탑건: 매버릭 / 마녀(魔女) Part2. The Other One / 범죄도시2,"탑건: 매버릭 (5M+, 8,275,966명) / 마녀(魔女) Part2. The Other One (<5M, 2,806,159명) / 범죄도시2 (10M+, 12,686,210명)",79.07026109106347,70% 이상,3725,12686210,1000만+
2022-06-23,2022,3,탑건: 매버릭 / 마녀(魔女) Part2. The Other One / 범죄도시2,"탑건: 매버릭 (5M+, 8,275,966명) / 마녀(魔女) Part2. The Other One (<5M, 2,806,159명) / 범죄도시2 (10M+, 12,686,210명)",77.56685037762809,70% 이상,3800,12686210,1000만+
2022-06-24,2022,2,탑건: 매버릭 / 마녀(魔女) Part2. The Other One,"탑건: 매버릭 (5M+, 8,275,966명) / 마녀(魔女) Part2. The Other One (<5M, 2,806,159명)",60.56051990251828,60% 이상,2982,8275966,500만+
2022-06-24,2022,3,탑건: 매버릭 / 마녀(魔女) Part2. The Other One / 범죄도시2,"탑건: 매버릭 (5M+, 8,275,966명) / 마녀(魔女) Part2. The Other One (<5M, 2,806,159명) / 범죄도시2 (10M+, 12,686,210명)",78.35093419983752,70% 이상,3858,12686210,1000만+
2022-06-25,2022,3,탑건: 매버릭 / 마녀(魔女) Part2. The Other One / 범죄도시2,"탑건: 매버릭 (5M+, 8,275,966명) / 마녀(魔女) Part2. The Other One (<5M, 2,806,159명) / 범죄도시2 (10M+, 12,686,210명)",73.25714285714285,70% 이상,3846,12686210,1000만+
2022-06-26,2022,3,탑건: 매버릭 / 마녀(魔女) Part2. The Other One / 범죄도시2,"탑건: 매버릭 (5M+, 8,275,966명) / 마녀(魔女) Part2. The Other One (<5M, 2,806,159명) / 범죄도시2 (10M+, 12,686,210명)",73.56937799043062,70% 이상,3844,12686210,1000만+
2022-06-27,2022,3,탑건: 매버릭 / 마녀(魔女) Part2. The Other One / 범죄도시2,"탑건: 매버릭 (5M+, 8,275,966명) / 마녀(魔女) Part2. The Other One (<5M, 2,806,159명) / 범죄도시2 (10M+, 12,686,210명)",78.29440282062583,70% 이상,3553,12686210,1000만+
2022-06-28,2022,3,탑건: 매버릭 / 마녀(魔女) Part2. The Other One / 범죄도시2,"탑건: 매버릭 (5M+, 8,275,966명) / 마녀(魔女) Part2. The Other One (<5M, 2,806,159명) / 범죄도시2 (10M+, 12,686,210명)",78.58854280113265,70% 이상,3608,12686210,1000만+
2022-06-29,2022,3,헤어질 결심 / 탑건: 매버릭 / 마녀(魔女) Part2. The Other One,"헤어질 결심 (<5M, 1,863,289명) / 탑건: 매버릭 (5M+, 8,275,966명) / 마녀(魔女) Part2. The Other One (<5M, 2,806,159명)",73.54193273733505,70% 이상,3455,8275966,500만+
2022-06-30,2022,3,탑건: 매버릭 / 헤어질 결심 / 범죄도시2,"탑건: 매버릭 (5M+, 8,275,966명) / 헤어질 결심 (<5M, 1,863,289명) / 범죄도시2 (10M+, 12,686,210명)",73.05721605465413,70% 이상,3422,12686210,1000만+
2022-07-01,2022,3,탑건: 매버릭 / 헤어질 결심 / 범죄도시2,"탑건: 매버릭 (5M+, 8,275,966명) / 헤어질 결심 (<5M, 1,863,289명) / 범죄도시2 (10M+, 12,686,210명)",73.55232680564329,70% 이상,3493,12686210,1000만+
2022-07-02,2022,3,탑건: 매버릭 / 헤어질 결심 / 범죄도시2,"탑건: 매버릭 (5M+, 8,275,966명) / 헤어질 결심 (<5M, 1,863,289명) / 범죄도시2 (10M+, 12,686,210명)",69.74577915777218,60% 이상,3594,12686210,1000만+
2022-07-03,2022,3,탑건: 매버릭 / 헤어질 결심 / 범죄도시2,"탑건: 매버릭 (5M+, 8,275,966명) / 헤어질 결심 (<5M, 1,863,289명) / 범죄도시2 (10M+, 12,686,210명)",69.57625463776606,60% 이상,3563,12686210,1000만+
2022-07-04,2022,3,탑건: 매버릭 / 헤어질 결심 / 범죄도시2,"탑건: 매버릭 (5M+, 8,275,966명) / 헤어질 결심 (<5M, 1,863,289명) / 범죄도시2 (10M+, 12,686,210명)",73.60519829710957,70% 이상,3285,12686210,1000만+
2022-07-05,2022,3,탑건: 매버릭 / 헤어질 결심 / 범죄도시2,"탑건: 매버릭 (5M+, 8,275,966명) / 헤어질 결심 (<5M, 1,863,289명) / 범죄도시2 (10M+, 12,686,210명)",74.65768799102133,70% 이상,3326,12686210,1000만+
2022-07-06,2022,2,토르: 러브 앤 썬더 / 탑건: 매버릭,"토르: 러브 앤 썬더 (<5M, 2,711,862명) / 탑건: 매버릭 (5M+, 8,275,966명)",62.24182875476238,60% 이상,3104,8275966,500만+
2022-07-06,2022,3,토르: 러브 앤 썬더 / 탑건: 매버릭 / 헤어질 결심,"토르: 러브 앤 썬더 (<5M, 2,711,862명) / 탑건: 매버릭 (5M+, 8,275,966명) / 헤어질 결심 (<5M, 1,863,289명)",74.172849408462,70% 이상,3699,8275966,500만+
2022-07-07,2022,2,토르: 러브 앤 썬더 / 탑건: 매버릭,"토르: 러브 앤 썬더 (<5M, 2,711,862명) / 탑건: 매버릭 (5M+, 8,275,966명)",62.02404809619239,60% 이상,3095,8275966,500만+
2022-07-07,2022,3,토르: 러브 앤 썬더 / 탑건: 매버릭 / 헤어질 결심,"토르: 러브 앤 썬더 (<5M, 2,711,862명) / 탑건: 매버릭 (5M+, 8,275,966명) / 헤어질 결심 (<5M, 1,863,289명)",74.42885771543087,70% 이상,3714,8275966,500만+
2022-07-08,2022,2,토르: 러브 앤 썬더 / 탑건: 매버릭,"토르: 러브 앤 썬더 (<5M, 2,711,862명) / 탑건: 매버릭 (5M+, 8,275,966명)",61.79753279812023,60% 이상,3156,8275966,500만+
2022-07-08,2022,3,토르: 러브 앤 썬더 / 탑건: 매버릭 / 헤어질 결심,"토르: 러브 앤 썬더 (<5M, 2,711,862명) / 탑건: 매버릭 (5M+, 8,275,966명) / 헤어질 결심 (<5M, 1,863,289명)",74.60348541217937,70% 이상,3810,8275966,500만+
2022-07-09,2022,3,토르: 러브 앤 썬더 / 탑건: 매버릭 / 헤어질 결심,"토르: 러브 앤 썬더 (<5M, 2,711,862명) / 탑건: 매버릭 (5M+, 8,275,966명) / 헤어질 결심 (<5M, 1,863,289명)",73.0310262529833,70% 이상,3978,8275966,500만+
2022-07-10,2022,3,토르: 러브 앤 썬더 / 탑건: 매버릭 / 헤어질 결심,"토르: 러브 앤 썬더 (<5M, 2,711,862명) / 탑건: 매버릭 (5M+, 8,275,966명) / 헤어질 결심 (<5M, 1,863,289명)",73.11277645768598,70% 이상,4000,8275966,500만+
2022-07-11,2022,2,토르: 러브 앤 썬더 / 탑건: 매버릭,"토르: 러브 앤 썬더 (<5M, 2,711,862명) / 탑건: 매버릭 (5M+, 8,275,966명)",62.11611274716029,60% 이상,2953,8275966,500만+
2022-07-11,2022,3,토르: 러브 앤 썬더 / 탑건: 매버릭 / 헤어질 결심,"토르: 러브 앤 썬더 (<5M, 2,711,862명) / 탑건: 매버릭 (5M+, 8,275,966명) / 헤어질 결심 (<5M, 1,863,289명)",76.35675220866639,70% 이상,3630,8275966,500만+
2022-07-12,2022,2,토르: 러브 앤 썬더 / 탑건: 매버릭,"토르: 러브 앤 썬더 (<5M, 2,711,862명) / 탑건: 매버릭 (5M+, 8,275,966명)",61.02669404517454,60% 이상,2972,8275966,500만+
2022-07-12,2022,3,토르: 러브 앤 썬더 / 탑건: 매버릭 / 헤어질 결심,"토르: 러브 앤 썬더 (<5M, 2,711,862명) / 탑건: 매버릭 (5M+, 8,275,966명) / 헤어질 결심 (<5M, 1,863,289명)",75.81108829568788,70% 이상,3692,8275966,500만+
2022-07-13,2022,3,탑건: 매버릭 / 토르: 러브 앤 썬더 / 헤어질 결심,"탑건: 매버릭 (5M+, 8,275,966명) / 토르: 러브 앤 썬더 (<5M, 2,711,862명) / 헤어질 결심 (<5M, 1,863,289명)",60.917069675801535,60% 이상,3401,8275966,500만+
2022-07-14,2022,3,탑건: 매버릭 / 토르: 러브 앤 썬더 / 헤어질 결심,"탑건: 매버릭 (5M+, 8,275,966명) / 토르: 러브 앤 썬더 (<5M, 2,711,862명) / 헤어질 결심 (<5M, 1,863,289명)",60.52585142050468,60% 이상,3430,8275966,500만+
2022-07-18,2022,3,탑건: 매버릭 / 토르: 러브 앤 썬더 / 헤어질 결심,"탑건: 매버릭 (5M+, 8,275,966명) / 토르: 러브 앤 썬더 (<5M, 2,711,862명) / 헤어질 결심 (<5M, 1,863,289명)",60.96897114861187,60% 이상,3360,8275966,500만+
2022-07-19,2022,3,탑건: 매버릭 / 토르: 러브 앤 썬더 / 헤어질 결심,"탑건: 매버릭 (5M+, 8,275,966명) / 토르: 러브 앤 썬더 (<5M, 2,711,862명) / 헤어질 결심 (<5M, 1,863,289명)",60.96640919705406,60% 이상,3394,8275966,500만+
2022-07-20,2022,3,외계+인 1부 / 미니언즈2 / 탑건: 매버릭,"외계+인 1부 (<5M, 1,539,009명) / 미니언즈2 (<5M, 2,263,349명) / 탑건: 매버릭 (5M+, 8,275,966명)",70.12891344383057,70% 이상,3808,8275966,500만+
2022-07-21,2022,3,외계+인 1부 / 미니언즈2 / 탑건: 매버릭,"외계+인 1부 (<5M, 1,539,009명) / 미니언즈2 (<5M, 2,263,349명) / 탑건: 매버릭 (5M+, 8,275,966명)",67.56895665581635,60% 이상,3944,8275966,500만+
2022-07-22,2022,3,외계+인 1부 / 미니언즈2 / 탑건: 매버릭,"외계+인 1부 (<5M, 1,539,009명) / 미니언즈2 (<5M, 2,263,349명) / 탑건: 매버릭 (5M+, 8,275,966명)",67.31993299832496,60% 이상,4019,8275966,500만+
2022-07-23,2022,3,외계+인 1부 / 미니언즈2 / 탑건: 매버릭,"외계+인 1부 (<5M, 1,539,009명) / 미니언즈2 (<5M, 2,263,349명) / 탑건: 매버릭 (5M+, 8,275,966명)",68.75102846799408,60% 이상,4178,8275966,500만+
2022-07-24,2022,3,외계+인 1부 / 미니언즈2 / 탑건: 매버릭,"외계+인 1부 (<5M, 1,539,009명) / 미니언즈2 (<5M, 2,263,349명) / 탑건: 매버릭 (5M+, 8,275,966명)",68.70781893004116,60% 이상,4174,8275966,500만+
2022-07-25,2022,3,외계+인 1부 / 미니언즈2 / 탑건: 매버릭,"외계+인 1부 (<5M, 1,539,009명) / 미니언즈2 (<5M, 2,263,349명) / 탑건: 매버릭 (5M+, 8,275,966명)",67.09417368999634,60% 이상,3662,8275966,500만+
2022-07-26,2022,3,외계+인 1부 / 미니언즈2 / 탑건: 매버릭,"외계+인 1부 (<5M, 1,539,009명) / 미니언즈2 (<5M, 2,263,349명) / 탑건: 매버릭 (5M+, 8,275,966명)",68.16833518724509,60% 이상,3677,8275966,500만+
2022-07-27,2022,3,한산: 용의 출현 / 미니언즈2 / 탑건: 매버릭,"한산: 용의 출현 (5M+, 7,252,467명) / 미니언즈2 (<5M, 2,263,349명) / 탑건: 매버릭 (5M+, 8,275,966명)",72.77872099603849,70% 이상,3858,8275966,500만+
2022-07-28,2022,3,한산: 용의 출현 / 미니언즈2 / 탑건: 매버릭,"한산: 용의 출현 (5M+, 7,252,467명) / 미니언즈2 (<5M, 2,263,349명) / 탑건: 매버릭 (5M+, 8,275,966명)",65.49815498154982,60% 이상,3905,8275966,500만+
2022-07-29,2022,3,한산: 용의 출현 / 미니언즈2 / 탑건: 매버릭,"한산: 용의 출현 (5M+, 7,252,467명) / 미니언즈2 (<5M, 2,263,349명) / 탑건: 매버릭 (5M+, 8,275,966명)",64.77549035500081,60% 이상,3996,8275966,500만+
2022-07-30,2022,3,한산: 용의 출현 / 미니언즈2 / 탑건: 매버릭,"한산: 용의 출현 (5M+, 7,252,467명) / 미니언즈2 (<5M, 2,263,349명) / 탑건: 매버릭 (5M+, 8,275,966명)",64.60683081810961,60% 이상,4067,8275966,500만+
2022-07-31,2022,3,한산: 용의 출현 / 미니언즈2 / 탑건: 매버릭,"한산: 용의 출현 (5M+, 7,252,467명) / 미니언즈2 (<5M, 2,263,349명) / 탑건: 매버릭 (5M+, 8,275,966명)",64.5448758752387,60% 이상,4056,8275966,500만+
2022-08-01,2022,3,한산: 용의 출현 / 미니언즈2 / 탑건: 매버릭,"한산: 용의 출현 (5M+, 7,252,467명) / 미니언즈2 (<5M, 2,263,349명) / 탑건: 매버릭 (5M+, 8,275,966명)",64.45473251028807,60% 이상,3759,8275966,500만+
2022-08-02,2022,3,한산: 용의 출현 / 미니언즈2 / 탑건: 매버릭,"한산: 용의 출현 (5M+, 7,252,467명) / 미니언즈2 (<5M, 2,263,349명) / 탑건: 매버릭 (5M+, 8,275,966명)",64.8634724368882,60% 이상,3777,8275966,500만+
2022-08-03,2022,3,비상선언 / 한산: 용의 출현 / 미니언즈2,"비상선언 (<5M, 2,052,396명) / 한산: 용의 출현 (5M+, 7,252,467명) / 미니언즈2 (<5M, 2,263,349명)",63.395918367346944,60% 이상,3883,7252467,500만+
2022-08-04,2022,3,비상선언 / 한산: 용의 출현 / 미니언즈2,"비상선언 (<5M, 2,052,396명) / 한산: 용의 출현 (5M+, 7,252,467명) / 미니언즈2 (<5M, 2,263,349명)",64.15886341620923,60% 이상,3974,7252467,500만+
2022-08-05,2022,3,비상선언 / 한산: 용의 출현 / 미니언즈2,"비상선언 (<5M, 2,052,396명) / 한산: 용의 출현 (5M+, 7,252,467명) / 미니언즈2 (<5M, 2,263,349명)",63.664,60% 이상,3979,7252467,500만+
2022-08-06,2022,3,한산: 용의 출현 / 비상선언 / 미니언즈2,"한산: 용의 출현 (5M+, 7,252,467명) / 비상선언 (<5M, 2,052,396명) / 미니언즈2 (<5M, 2,263,349명)",63.39869281045752,60% 이상,4074,7252467,500만+
2022-08-07,2022,3,한산: 용의 출현 / 비상선언 / 미니언즈2,"한산: 용의 출현 (5M+, 7,252,467명) / 비상선언 (<5M, 2,052,396명) / 미니언즈2 (<5M, 2,263,349명)",63.660728361973824,60% 이상,4038,7252467,500만+
2022-08-08,2022,3,한산: 용의 출현 / 비상선언 / 미니언즈2,"한산: 용의 출현 (5M+, 7,252,467명) / 비상선언 (<5M, 2,052,396명) / 미니언즈2 (<5M, 2,263,349명)",64.4570058239123,60% 이상,3763,7252467,500만+
2022-08-09,2022,3,한산: 용의 출현 / 비상선언 / 미니언즈2,"한산: 용의 출현 (5M+, 7,252,467명) / 비상선언 (<5M, 2,052,396명) / 미니언즈2 (<5M, 2,263,349명)",64.28937041460502,60% 이상,3768,7252467,500만+
2022-08-10,2022,3,헌트 / 한산: 용의 출현 / 비상선언,"헌트 (<5M, 4,346,803명) / 한산: 용의 출현 (5M+, 7,252,467명) / 비상선언 (<5M, 2,052,396명)",64.23395445134575,60% 이상,3723,7252467,500만+
2022-08-11,2022,3,헌트 / 한산: 용의 출현 / 비상선언,"헌트 (<5M, 4,346,803명) / 한산: 용의 출현 (5M+, 7,252,467명) / 비상선언 (<5M, 2,052,396명)",62.673669942392415,60% 이상,3699,7252467,500만+
2022-08-12,2022,3,헌트 / 한산: 용의 출현 / 비상선언,"헌트 (<5M, 4,346,803명) / 한산: 용의 출현 (5M+, 7,252,467명) / 비상선언 (<5M, 2,052,396명)",61.66914068942767,60% 이상,3739,7252467,500만+
2022-08-13,2022,3,헌트 / 한산: 용의 출현 / 비상선언,"헌트 (<5M, 4,346,803명) / 한산: 용의 출현 (5M+, 7,252,467명) / 비상선언 (<5M, 2,052,396명)",60.9984399375975,60% 이상,3910,7252467,500만+
2022-08-14,2022,3,헌트 / 한산: 용의 출현 / 비상선언,"헌트 (<5M, 4,346,803명) / 한산: 용의 출현 (5M+, 7,252,467명) / 비상선언 (<5M, 2,052,396명)",60.853981611344864,60% 이상,3905,7252467,500만+
2022-08-15,2022,3,헌트 / 한산: 용의 출현 / 비상선언,"헌트 (<5M, 4,346,803명) / 한산: 용의 출현 (5M+, 7,252,467명) / 비상선언 (<5M, 2,052,396명)",60.11217948717949,60% 이상,3751,7252467,500만+
2022-08-16,2022,3,헌트 / 한산: 용의 출현 / 비상선언,"헌트 (<5M, 4,346,803명) / 한산: 용의 출현 (5M+, 7,252,467명) / 비상선언 (<5M, 2,052,396명)",65.2373941847626,60% 이상,3545,7252467,500만+
2022-08-17,2022,3,헌트 / 한산: 용의 출현 / 놉,"헌트 (<5M, 4,346,803명) / 한산: 용의 출현 (5M+, 7,252,467명) / 놉 (<5M, 405,959명)",62.35769372016159,60% 이상,3396,7252467,500만+
2022-08-18,2022,3,헌트 / 한산: 용의 출현 / 놉,"헌트 (<5M, 4,346,803명) / 한산: 용의 출현 (5M+, 7,252,467명) / 놉 (<5M, 405,959명)",64.31801055011303,60% 이상,3414,7252467,500만+
2022-08-19,2022,3,헌트 / 한산: 용의 출현 / 놉,"헌트 (<5M, 4,346,803명) / 한산: 용의 출현 (5M+, 7,252,467명) / 놉 (<5M, 405,959명)",62.34679163662581,60% 이상,3459,7252467,500만+
2022-08-22,2022,3,헌트 / 한산: 용의 출현 / 놉,"헌트 (<5M, 4,346,803명) / 한산: 용의 출현 (5M+, 7,252,467명) / 놉 (<5M, 405,959명)",61.61146620182064,60% 이상,3181,7252467,500만+
2022-08-23,2022,3,헌트 / 한산: 용의 출현 / 놉,"헌트 (<5M, 4,346,803명) / 한산: 용의 출현 (5M+, 7,252,467명) / 놉 (<5M, 405,959명)",62.52895752895753,60% 이상,3239,7252467,500만+
2022-08-29,2022,3,헌트 / 육사오(6/45) / 한산: 용의 출현,"헌트 (<5M, 4,346,803명) / 육사오(6/45) (<5M, 1,963,542명) / 한산: 용의 출현 (5M+, 7,252,467명)",60.59749697214372,60% 이상,3002,7252467,500만+
2022-08-30,2022,3,헌트 / 육사오(6/45) / 한산: 용의 출현,"헌트 (<5M, 4,346,803명) / 육사오(6/45) (<5M, 1,963,542명) / 한산: 용의 출현 (5M+, 7,252,467명)",64.53721273455619,60% 이상,3061,7252467,500만+
2022-08-31,2022,3,육사오(6/45) / 헌트 / 한산: 용의 출현,"육사오(6/45) (<5M, 1,963,542명) / 헌트 (<5M, 4,346,803명) / 한산: 용의 출현 (5M+, 7,252,467명)",61.21003642250101,60% 이상,3025,7252467,500만+
2022-09-01,2022,3,육사오(6/45) / 헌트 / 한산: 용의 출현,"육사오(6/45) (<5M, 1,963,542명) / 헌트 (<5M, 4,346,803명) / 한산: 용의 출현 (5M+, 7,252,467명)",63.034278459585266,60% 이상,2979,7252467,500만+
2022-09-02,2022,3,육사오(6/45) / 헌트 / 한산: 용의 출현,"육사오(6/45) (<5M, 1,963,542명) / 헌트 (<5M, 4,346,803명) / 한산: 용의 출현 (5M+, 7,252,467명)",64.61921560489728,60% 이상,3114,7252467,500만+
2022-09-03,2022,3,육사오(6/45) / 헌트 / 한산: 용의 출현,"육사오(6/45) (<5M, 1,963,542명) / 헌트 (<5M, 4,346,803명) / 한산: 용의 출현 (5M+, 7,252,467명)",60.68660022148394,60% 이상,3288,7252467,500만+
2022-09-04,2022,3,육사오(6/45) / 헌트 / 한산: 용의 출현,"육사오(6/45) (<5M, 1,963,542명) / 헌트 (<5M, 4,346,803명) / 한산: 용의 출현 (5M+, 7,252,467명)",63.35981398953692,60% 이상,3270,7252467,500만+
2022-09-05,2022,3,육사오(6/45) / 헌트 / 한산: 용의 출현,"육사오(6/45) (<5M, 1,963,542명) / 헌트 (<5M, 4,346,803명) / 한산: 용의 출현 (5M+, 7,252,467명)",66.60563057907989,60% 이상,2910,7252467,500만+
2022-09-06,2022,3,육사오(6/45) / 헌트 / 한산: 용의 출현,"육사오(6/45) (<5M, 1,963,542명) / 헌트 (<5M, 4,346,803명) / 한산: 용의 출현 (5M+, 7,252,467명)",66.60629386461399,60% 이상,2942,7252467,500만+
2022-09-07,2022,2,공조2: 인터내셔날 / 육사오(6/45),"공조2: 인터내셔날 (5M+, 6,979,189명) / 육사오(6/45) (<5M, 1,963,542명)",63.99032116146063,60% 이상,2909,6979189,500만+
2022-09-07,2022,3,공조2: 인터내셔날 / 육사오(6/45) / 헌트,"공조2: 인터내셔날 (5M+, 6,979,189명) / 육사오(6/45) (<5M, 1,963,542명) / 헌트 (<5M, 4,346,803명)",76.8587769467664,70% 이상,3494,6979189,500만+
2022-09-08,2022,3,공조2: 인터내셔날 / 육사오(6/45) / 헌트,"공조2: 인터내셔날 (5M+, 6,979,189명) / 육사오(6/45) (<5M, 1,963,542명) / 헌트 (<5M, 4,346,803명)",70.69860279441117,70% 이상,3542,6979189,500만+
2022-09-09,2022,3,공조2: 인터내셔날 / 육사오(6/45) / 헌트,"공조2: 인터내셔날 (5M+, 6,979,189명) / 육사오(6/45) (<5M, 1,963,542명) / 헌트 (<5M, 4,346,803명)",61.79495686794957,60% 이상,3725,6979189,500만+
2022-09-10,2022,3,공조2: 인터내셔날 / 육사오(6/45) / 헌트,"공조2: 인터내셔날 (5M+, 6,979,189명) / 육사오(6/45) (<5M, 1,963,542명) / 헌트 (<5M, 4,346,803명)",63.785320180571816,60% 이상,3815,6979189,500만+
2022-09-11,2022,3,공조2: 인터내셔날 / 육사오(6/45) / 극장판 엄마 까투리: 도시로 간 까투리 가족,"공조2: 인터내셔날 (5M+, 6,979,189명) / 육사오(6/45) (<5M, 1,963,542명) / 극장판 엄마 까투리: 도시로 간 까투리 가족 (<5M, 168,246명)",66.82700566912902,60% 이상,3890,6979189,500만+
2022-09-12,2022,3,공조2: 인터내셔날 / 육사오(6/45) / 극장판 엄마 까투리: 도시로 간 까투리 가족,"공조2: 인터내셔날 (5M+, 6,979,189명) / 육사오(6/45) (<5M, 1,963,542명) / 극장판 엄마 까투리: 도시로 간 까투리 가족 (<5M, 168,246명)",62.88369006139041,60% 이상,3790,6979189,500만+
2022-09-13,2022,3,공조2: 인터내셔날 / 육사오(6/45) / 헌트,"공조2: 인터내셔날 (5M+, 6,979,189명) / 육사오(6/45) (<5M, 1,963,542명) / 헌트 (<5M, 4,346,803명)",68.9502317146887,60% 이상,3422,6979189,500만+
2022-09-14,2022,2,공조2: 인터내셔날 / 육사오(6/45),"공조2: 인터내셔날 (5M+, 6,979,189명) / 육사오(6/45) (<5M, 1,963,542명)",61.82091475198626,60% 이상,2879,6979189,500만+
2022-09-14,2022,3,공조2: 인터내셔날 / 육사오(6/45) / 헌트,"공조2: 인터내셔날 (5M+, 6,979,189명) / 육사오(6/45) (<5M, 1,963,542명) / 헌트 (<5M, 4,346,803명)",72.60038651492377,70% 이상,3381,6979189,500만+
2022-09-15,2022,2,공조2: 인터내셔날 / 육사오(6/45),"공조2: 인터내셔날 (5M+, 6,979,189명) / 육사오(6/45) (<5M, 1,963,542명)",63.1847416278554,60% 이상,2849,6979189,500만+
2022-09-15,2022,3,공조2: 인터내셔날 / 육사오(6/45) / 헌트,"공조2: 인터내셔날 (5M+, 6,979,189명) / 육사오(6/45) (<5M, 1,963,542명) / 헌트 (<5M, 4,346,803명)",73.29784874695054,70% 이상,3305,6979189,500만+
2022-09-16,2022,2,공조2: 인터내셔날 / 육사오(6/45),"공조2: 인터내셔날 (5M+, 6,979,189명) / 육사오(6/45) (<5M, 1,963,542명)",62.44439737343784,60% 이상,2948,6979189,500만+
2022-09-16,2022,3,공조2: 인터내셔날 / 육사오(6/45) / 헌트,"공조2: 인터내셔날 (5M+, 6,979,189명) / 육사오(6/45) (<5M, 1,963,542명) / 헌트 (<5M, 4,346,803명)",72.44227917814023,70% 이상,3420,6979189,500만+
2022-09-17,2022,2,공조2: 인터내셔날 / 육사오(6/45),"공조2: 인터내셔날 (5M+, 6,979,189명) / 육사오(6/45) (<5M, 1,963,542명)",60.17716535433071,60% 이상,3057,6979189,500만+
2022-09-17,2022,3,공조2: 인터내셔날 / 육사오(6/45) / 헌트,"공조2: 인터내셔날 (5M+, 6,979,189명) / 육사오(6/45) (<5M, 1,963,542명) / 헌트 (<5M, 4,346,803명)",69.94094488188976,60% 이상,3553,6979189,500만+
2022-09-18,2022,2,공조2: 인터내셔날 / 육사오(6/45),"공조2: 인터내셔날 (5M+, 6,979,189명) / 육사오(6/45) (<5M, 1,963,542명)",61.18831822759316,60% 이상,3038,6979189,500만+
2022-09-18,2022,3,공조2: 인터내셔날 / 육사오(6/45) / 극장판 엄마 까투리: 도시로 간 까투리 가족,"공조2: 인터내셔날 (5M+, 6,979,189명) / 육사오(6/45) (<5M, 1,963,542명) / 극장판 엄마 까투리: 도시로 간 까투리 가족 (<5M, 168,246명)",71.2185297079557,70% 이상,3536,6979189,500만+
2022-09-19,2022,2,공조2: 인터내셔날 / 육사오(6/45),"공조2: 인터내셔날 (5M+, 6,979,189명) / 육사오(6/45) (<5M, 1,963,542명)",70.8742756361804,70% 이상,2813,6979189,500만+
2022-09-19,2022,3,공조2: 인터내셔날 / 육사오(6/45) / 헌트,"공조2: 인터내셔날 (5M+, 6,979,189명) / 육사오(6/45) (<5M, 1,963,542명) / 헌트 (<5M, 4,346,803명)",82.31292517006803,70% 이상,3267,6979189,500만+
2022-09-20,2022,2,공조2: 인터내셔날 / 육사오(6/45),"공조2: 인터내셔날 (5M+, 6,979,189명) / 육사오(6/45) (<5M, 1,963,542명)",70.51922116824763,70% 이상,2825,6979189,500만+
2022-09-20,2022,3,공조2: 인터내셔날 / 육사오(6/45) / 헌트,"공조2: 인터내셔날 (5M+, 6,979,189명) / 육사오(6/45) (<5M, 1,963,542명) / 헌트 (<5M, 4,346,803명)",81.9770344483275,70% 이상,3284,6979189,500만+
2022-09-21,2022,2,공조2: 인터내셔날 / 늑대사냥,"공조2: 인터내셔날 (5M+, 6,979,189명) / 늑대사냥 (<5M, 441,406명)",66.88055281342547,60% 이상,2710,6979189,500만+
2022-09-21,2022,3,공조2: 인터내셔날 / 늑대사냥 / 육사오(6/45),"공조2: 인터내셔날 (5M+, 6,979,189명) / 늑대사냥 (<5M, 441,406명) / 육사오(6/45) (<5M, 1,963,542명)",80.99703849950642,70% 이상,3282,6979189,500만+
2022-09-22,2022,2,공조2: 인터내셔날 / 늑대사냥,"공조2: 인터내셔날 (5M+, 6,979,189명) / 늑대사냥 (<5M, 441,406명)",64.52686638135997,60% 이상,2714,6979189,500만+
2022-09-22,2022,3,공조2: 인터내셔날 / 늑대사냥 / 육사오(6/45),"공조2: 인터내셔날 (5M+, 6,979,189명) / 늑대사냥 (<5M, 441,406명) / 육사오(6/45) (<5M, 1,963,542명)",77.86495482643842,70% 이상,3275,6979189,500만+
2022-09-23,2022,2,공조2: 인터내셔날 / 늑대사냥,"공조2: 인터내셔날 (5M+, 6,979,189명) / 늑대사냥 (<5M, 441,406명)",62.5,60% 이상,2790,6979189,500만+
2022-09-23,2022,3,공조2: 인터내셔날 / 늑대사냥 / 육사오(6/45),"공조2: 인터내셔날 (5M+, 6,979,189명) / 늑대사냥 (<5M, 441,406명) / 육사오(6/45) (<5M, 1,963,542명)",75.96326164874552,70% 이상,3391,6979189,500만+
2022-09-24,2022,3,공조2: 인터내셔날 / 늑대사냥 / 육사오(6/45),"공조2: 인터내셔날 (5M+, 6,979,189명) / 늑대사냥 (<5M, 441,406명) / 육사오(6/45) (<5M, 1,963,542명)",64.37990021382751,60% 이상,3613,6979189,500만+
2022-09-25,2022,3,공조2: 인터내셔날 / 늑대사냥 / 육사오(6/45),"공조2: 인터내셔날 (5M+, 6,979,189명) / 늑대사냥 (<5M, 441,406명) / 육사오(6/45) (<5M, 1,963,542명)",62.173003139169865,60% 이상,3565,6979189,500만+
2022-09-26,2022,2,공조2: 인터내셔날 / 늑대사냥,"공조2: 인터내셔날 (5M+, 6,979,189명) / 늑대사냥 (<5M, 441,406명)",69.2655667908462,60% 이상,2603,6979189,500만+
2022-09-26,2022,3,공조2: 인터내셔날 / 늑대사냥 / 육사오(6/45),"공조2: 인터내셔날 (5M+, 6,979,189명) / 늑대사냥 (<5M, 441,406명) / 육사오(6/45) (<5M, 1,963,542명)",84.24693986162852,70% 이상,3166,6979189,500만+
2022-09-27,2022,2,공조2: 인터내셔날 / 늑대사냥,"공조2: 인터내셔날 (5M+, 6,979,189명) / 늑대사냥 (<5M, 441,406명)",64.50815620365793,60% 이상,2610,6979189,500만+
2022-09-27,2022,3,공조2: 인터내셔날 / 늑대사냥 / 육사오(6/45),"공조2: 인터내셔날 (5M+, 6,979,189명) / 늑대사냥 (<5M, 441,406명) / 육사오(6/45) (<5M, 1,963,542명)",78.32427088482451,70% 이상,3169,6979189,500만+
2022-09-28,2022,3,정직한 후보2 / 인생은 아름다워 / 공조2: 인터내셔날,"정직한 후보2 (<5M, 897,345명) / 인생은 아름다워 (<5M, 1,163,584명) / 공조2: 인터내셔날 (5M+, 6,979,189명)",66.10233973749287,60% 이상,3475,6979189,500만+
2022-09-29,2022,3,정직한 후보2 / 인생은 아름다워 / 공조2: 인터내셔날,"정직한 후보2 (<5M, 897,345명) / 인생은 아름다워 (<5M, 1,163,584명) / 공조2: 인터내셔날 (5M+, 6,979,189명)",66.87583190720669,60% 이상,3517,6979189,500만+
2022-09-30,2022,3,정직한 후보2 / 인생은 아름다워 / 공조2: 인터내셔날,"정직한 후보2 (<5M, 897,345명) / 인생은 아름다워 (<5M, 1,163,584명) / 공조2: 인터내셔날 (5M+, 6,979,189명)",65.41326067211625,60% 이상,3601,6979189,500만+
2022-10-01,2022,3,정직한 후보2 / 공조2: 인터내셔날 / 인생은 아름다워,"정직한 후보2 (<5M, 897,345명) / 공조2: 인터내셔날 (5M+, 6,979,189명) / 인생은 아름다워 (<5M, 1,163,584명)",60.56523167926389,60% 이상,3686,6979189,500만+
2022-10-04,2022,3,정직한 후보2 / 인생은 아름다워 / 공조2: 인터내셔날,"정직한 후보2 (<5M, 897,345명) / 인생은 아름다워 (<5M, 1,163,584명) / 공조2: 인터내셔날 (5M+, 6,979,189명)",65.26922312735942,60% 이상,3285,6979189,500만+
2022-10-05,2022,3,공조2: 인터내셔날 / 정직한 후보2 / 인생은 아름다워,"공조2: 인터내셔날 (5M+, 6,979,189명) / 정직한 후보2 (<5M, 897,345명) / 인생은 아름다워 (<5M, 1,163,584명)",60.28221622743308,60% 이상,2905,6979189,500만+
2022-10-11,2022,3,인생은 아름다워 / 공조2: 인터내셔날 / 정직한 후보2,"인생은 아름다워 (<5M, 1,163,584명) / 공조2: 인터내셔날 (5M+, 6,979,189명) / 정직한 후보2 (<5M, 897,345명)",62.11041852181657,60% 이상,2790,6979189,500만+
2022-10-26,2022,3,리멤버 / 자백 / 블랙 아담,"리멤버 (<5M, 409,797명) / 자백 (<5M, 732,280명) / 블랙 아담 (<5M, 777,888명)",61.5555107797703,60% 이상,3055,777888,500만미만
2022-10-27,2022,3,리멤버 / 자백 / 블랙 아담,"리멤버 (<5M, 409,797명) / 자백 (<5M, 732,280명) / 블랙 아담 (<5M, 777,888명)",60.929951690821255,60% 이상,3027,777888,500만미만
2022-10-28,2022,3,리멤버 / 자백 / 블랙 아담,"리멤버 (<5M, 409,797명) / 자백 (<5M, 732,280명) / 블랙 아담 (<5M, 777,888명)",60.51351877066718,60% 이상,3111,777888,500만미만
2022-11-09,2022,2,블랙 팬서: 와칸다 포에버 / 자백,"블랙 팬서: 와칸다 포에버 (<5M, 2,102,015명) / 자백 (<5M, 732,280명)",68.75515251442705,60% 이상,3336,2102015,500만미만
2022-11-09,2022,3,블랙 팬서: 와칸다 포에버 / 자백 / 리멤버,"블랙 팬서: 와칸다 포에버 (<5M, 2,102,015명) / 자백 (<5M, 732,280명) / 리멤버 (<5M, 409,797명)",77.51442704039572,70% 이상,3761,2102015,500만미만
2022-11-10,2022,2,블랙 팬서: 와칸다 포에버 / 자백,"블랙 팬서: 와칸다 포에버 (<5M, 2,102,015명) / 자백 (<5M, 732,280명)",71.65354330708661,70% 이상,3276,2102015,500만미만
2022-11-10,2022,3,블랙 팬서: 와칸다 포에버 / 자백 / 리멤버,"블랙 팬서: 와칸다 포에버 (<5M, 2,102,015명) / 자백 (<5M, 732,280명) / 리멤버 (<5M, 409,797명)",80.31496062992126,70% 이상,3672,2102015,500만미만
2022-11-11,2022,2,블랙 팬서: 와칸다 포에버 / 자백,"블랙 팬서: 와칸다 포에버 (<5M, 2,102,015명) / 자백 (<5M, 732,280명)",68.44490216271885,60% 이상,3323,2102015,500만미만
2022-11-11,2022,3,블랙 팬서: 와칸다 포에버 / 자백 / 리멤버,"블랙 팬서: 와칸다 포에버 (<5M, 2,102,015명) / 자백 (<5M, 732,280명) / 리멤버 (<5M, 409,797명)",76.95159629248198,70% 이상,3736,2102015,500만미만
2022-11-12,2022,2,블랙 팬서: 와칸다 포에버 / 자백,"블랙 팬서: 와칸다 포에버 (<5M, 2,102,015명) / 자백 (<5M, 732,280명)",64.70929109522889,60% 이상,3350,2102015,500만미만
2022-11-12,2022,3,블랙 팬서: 와칸다 포에버 / 자백 / 극장판 짱구는 못말려: 수수께끼! 꽃피는 천하떡잎학교,"블랙 팬서: 와칸다 포에버 (<5M, 2,102,015명) / 자백 (<5M, 732,280명) / 극장판 짱구는 못말려: 수수께끼! 꽃피는 천하떡잎학교 (<5M, 827,170명)",72.64825188333012,70% 이상,3761,2102015,500만미만
2022-11-13,2022,2,블랙 팬서: 와칸다 포에버 / 자백,"블랙 팬서: 와칸다 포에버 (<5M, 2,102,015명) / 자백 (<5M, 732,280명)",64.85493230174082,60% 이상,3353,2102015,500만미만
2022-11-13,2022,3,블랙 팬서: 와칸다 포에버 / 자백 / 극장판 짱구는 못말려: 수수께끼! 꽃피는 천하떡잎학교,"블랙 팬서: 와칸다 포에버 (<5M, 2,102,015명) / 자백 (<5M, 732,280명) / 극장판 짱구는 못말려: 수수께끼! 꽃피는 천하떡잎학교 (<5M, 827,170명)",73.11411992263056,70% 이상,3780,2102015,500만미만
2022-11-14,2022,2,블랙 팬서: 와칸다 포에버 / 자백,"블랙 팬서: 와칸다 포에버 (<5M, 2,102,015명) / 자백 (<5M, 732,280명)",67.86182772190642,60% 이상,3104,2102015,500만미만
2022-11-14,2022,3,블랙 팬서: 와칸다 포에버 / 자백 / 리멤버,"블랙 팬서: 와칸다 포에버 (<5M, 2,102,015명) / 자백 (<5M, 732,280명) / 리멤버 (<5M, 409,797명)",75.88543944031481,70% 이상,3471,2102015,500만미만
2022-11-15,2022,2,블랙 팬서: 와칸다 포에버 / 자백,"블랙 팬서: 와칸다 포에버 (<5M, 2,102,015명) / 자백 (<5M, 732,280명)",67.45997403721333,60% 이상,3118,2102015,500만미만
2022-11-15,2022,3,블랙 팬서: 와칸다 포에버 / 자백 / 리멤버,"블랙 팬서: 와칸다 포에버 (<5M, 2,102,015명) / 자백 (<5M, 732,280명) / 리멤버 (<5M, 409,797명)",75.31371700562528,70% 이상,3481,2102015,500만미만
2022-11-16,2022,3,블랙 팬서: 와칸다 포에버 / 데시벨 / 동감,"블랙 팬서: 와칸다 포에버 (<5M, 2,102,015명) / 데시벨 (<5M, 895,908명) / 동감 (<5M, 482,309명)",71.28773875539125,70% 이상,3471,2102015,500만미만
2022-11-17,2022,3,블랙 팬서: 와칸다 포에버 / 데시벨 / 동감,"블랙 팬서: 와칸다 포에버 (<5M, 2,102,015명) / 데시벨 (<5M, 895,908명) / 동감 (<5M, 482,309명)",69.30613877224555,60% 이상,3466,2102015,500만미만
2022-11-18,2022,3,블랙 팬서: 와칸다 포에버 / 데시벨 / 동감,"블랙 팬서: 와칸다 포에버 (<5M, 2,102,015명) / 데시벨 (<5M, 895,908명) / 동감 (<5M, 482,309명)",67.28252501924558,60% 이상,3496,2102015,500만미만
2022-11-19,2022,3,블랙 팬서: 와칸다 포에버 / 데시벨 / 동감,"블랙 팬서: 와칸다 포에버 (<5M, 2,102,015명) / 데시벨 (<5M, 895,908명) / 동감 (<5M, 482,309명)",66.81564245810057,60% 이상,3588,2102015,500만미만
2022-11-20,2022,3,블랙 팬서: 와칸다 포에버 / 데시벨 / 동감,"블랙 팬서: 와칸다 포에버 (<5M, 2,102,015명) / 데시벨 (<5M, 895,908명) / 동감 (<5M, 482,309명)",67.41929464452323,60% 이상,3613,2102015,500만미만
2022-11-21,2022,3,블랙 팬서: 와칸다 포에버 / 데시벨 / 동감,"블랙 팬서: 와칸다 포에버 (<5M, 2,102,015명) / 데시벨 (<5M, 895,908명) / 동감 (<5M, 482,309명)",71.20362381363245,70% 이상,3301,2102015,500만미만
2022-11-22,2022,3,블랙 팬서: 와칸다 포에버 / 데시벨 / 동감,"블랙 팬서: 와칸다 포에버 (<5M, 2,102,015명) / 데시벨 (<5M, 895,908명) / 동감 (<5M, 482,309명)",71.78710514928602,70% 이상,3318,2102015,500만미만
2022-11-23,2022,3,올빼미 / 블랙 팬서: 와칸다 포에버 / 데시벨,"올빼미 (<5M, 3,321,661명) / 블랙 팬서: 와칸다 포에버 (<5M, 2,102,015명) / 데시벨 (<5M, 895,908명)",66.80823954130389,60% 이상,3146,3321661,500만미만
2022-11-24,2022,3,올빼미 / 블랙 팬서: 와칸다 포에버 / 데시벨,"올빼미 (<5M, 3,321,661명) / 블랙 팬서: 와칸다 포에버 (<5M, 2,102,015명) / 데시벨 (<5M, 895,908명)",65.27223039730923,60% 이상,3105,3321661,500만미만
2022-11-25,2022,3,올빼미 / 블랙 팬서: 와칸다 포에버 / 데시벨,"올빼미 (<5M, 3,321,661명) / 블랙 팬서: 와칸다 포에버 (<5M, 2,102,015명) / 데시벨 (<5M, 895,908명)",65.12504962286621,60% 이상,3281,3321661,500만미만
2022-11-26,2022,3,올빼미 / 블랙 팬서: 와칸다 포에버 / 데시벨,"올빼미 (<5M, 3,321,661명) / 블랙 팬서: 와칸다 포에버 (<5M, 2,102,015명) / 데시벨 (<5M, 895,908명)",62.62380863390021,60% 이상,3351,3321661,500만미만
2022-11-27,2022,3,올빼미 / 블랙 팬서: 와칸다 포에버 / 데시벨,"올빼미 (<5M, 3,321,661명) / 블랙 팬서: 와칸다 포에버 (<5M, 2,102,015명) / 데시벨 (<5M, 895,908명)",63.131889015583425,60% 이상,3322,3321661,500만미만
2022-11-28,2022,3,올빼미 / 블랙 팬서: 와칸다 포에버 / 데시벨,"올빼미 (<5M, 3,321,661명) / 블랙 팬서: 와칸다 포에버 (<5M, 2,102,015명) / 데시벨 (<5M, 895,908명)",70.52411873840445,70% 이상,3041,3321661,500만미만
2022-11-29,2022,3,올빼미 / 블랙 팬서: 와칸다 포에버 / 데시벨,"올빼미 (<5M, 3,321,661명) / 블랙 팬서: 와칸다 포에버 (<5M, 2,102,015명) / 데시벨 (<5M, 895,908명)",71.59247361174852,70% 이상,3120,3321661,500만미만
2022-12-06,2022,3,올빼미 / 압꾸정 / 탄생,"올빼미 (<5M, 3,321,661명) / 압꾸정 (<5M, 605,496명) / 탄생 (<5M, 328,194명)",61.72968456235639,60% 이상,2955,3321661,500만미만
2022-12-14,2022,2,아바타: 물의 길 / 올빼미,"아바타: 물의 길 (10M+, 10,809,520명) / 올빼미 (<5M, 3,321,661명)",72.14907838768484,70% 이상,3562,10809520,1000만+
2022-12-14,2022,3,아바타: 물의 길 / 올빼미 / 신비아파트 극장판 차원도깨비와 7개의 세계,"아바타: 물의 길 (10M+, 10,809,520명) / 올빼미 (<5M, 3,321,661명) / 신비아파트 극장판 차원도깨비와 7개의 세계 (<5M, 427,067명)",81.85132671662954,70% 이상,4041,10809520,1000만+
2022-12-15,2022,2,아바타: 물의 길 / 올빼미,"아바타: 물의 길 (10M+, 10,809,520명) / 올빼미 (<5M, 3,321,661명)",73.26051779935275,70% 이상,3622,10809520,1000만+
2022-12-15,2022,3,아바타: 물의 길 / 올빼미 / 신비아파트 극장판 차원도깨비와 7개의 세계,"아바타: 물의 길 (10M+, 10,809,520명) / 올빼미 (<5M, 3,321,661명) / 신비아파트 극장판 차원도깨비와 7개의 세계 (<5M, 427,067명)",82.11974110032362,70% 이상,4060,10809520,1000만+
2022-12-16,2022,2,아바타: 물의 길 / 올빼미,"아바타: 물의 길 (10M+, 10,809,520명) / 올빼미 (<5M, 3,321,661명)",72.04343534057256,70% 이상,3649,10809520,1000만+
2022-12-16,2022,3,아바타: 물의 길 / 올빼미 / 신비아파트 극장판 차원도깨비와 7개의 세계,"아바타: 물의 길 (10M+, 10,809,520명) / 올빼미 (<5M, 3,321,661명) / 신비아파트 극장판 차원도깨비와 7개의 세계 (<5M, 427,067명)",81.26357354392893,70% 이상,4116,10809520,1000만+
2022-12-17,2022,2,아바타: 물의 길 / 올빼미,"아바타: 물의 길 (10M+, 10,809,520명) / 올빼미 (<5M, 3,321,661명)",67.34467455621302,60% 이상,3642,10809520,1000만+
2022-12-17,2022,3,아바타: 물의 길 / 올빼미 / 신비아파트 극장판 차원도깨비와 7개의 세계,"아바타: 물의 길 (10M+, 10,809,520명) / 올빼미 (<5M, 3,321,661명) / 신비아파트 극장판 차원도깨비와 7개의 세계 (<5M, 427,067명)",79.64127218934911,70% 이상,4307,10809520,1000만+
2022-12-18,2022,2,아바타: 물의 길 / 올빼미,"아바타: 물의 길 (10M+, 10,809,520명) / 올빼미 (<5M, 3,321,661명)",66.92178458092216,60% 이상,3585,10809520,1000만+
2022-12-18,2022,3,아바타: 물의 길 / 올빼미 / 신비아파트 극장판 차원도깨비와 7개의 세계,"아바타: 물의 길 (10M+, 10,809,520명) / 올빼미 (<5M, 3,321,661명) / 신비아파트 극장판 차원도깨비와 7개의 세계 (<5M, 427,067명)",79.33544894530522,70% 이상,4250,10809520,1000만+
2022-12-19,2022,2,아바타: 물의 길 / 올빼미,"아바타: 물의 길 (10M+, 10,809,520명) / 올빼미 (<5M, 3,321,661명)",74.03582718651211,70% 이상,3513,10809520,1000만+
2022-12-19,2022,3,아바타: 물의 길 / 올빼미 / 신비아파트 극장판 차원도깨비와 7개의 세계,"아바타: 물의 길 (10M+, 10,809,520명) / 올빼미 (<5M, 3,321,661명) / 신비아파트 극장판 차원도깨비와 7개의 세계 (<5M, 427,067명)",82.82402528977872,70% 이상,3930,10809520,1000만+
2022-12-20,2022,2,아바타: 물의 길 / 올빼미,"아바타: 물의 길 (10M+, 10,809,520명) / 올빼미 (<5M, 3,321,661명)",73.44072697232548,70% 이상,3556,10809520,1000만+
2022-12-20,2022,3,아바타: 물의 길 / 올빼미 / 신비아파트 극장판 차원도깨비와 7개의 세계,"아바타: 물의 길 (10M+, 10,809,520명) / 올빼미 (<5M, 3,321,661명) / 신비아파트 극장판 차원도깨비와 7개의 세계 (<5M, 427,067명)",82.30070218917803,70% 이상,3985,10809520,1000만+
2022-12-21,2022,2,아바타: 물의 길 / 영웅,"아바타: 물의 길 (10M+, 10,809,520명) / 영웅 (<5M, 3,235,712명)",70.33847386340877,70% 이상,3512,10809520,1000만+
2022-12-21,2022,3,아바타: 물의 길 / 영웅 / 올빼미,"아바타: 물의 길 (10M+, 10,809,520명) / 영웅 (<5M, 3,235,712명) / 올빼미 (<5M, 3,321,661명)",80.5527738834368,70% 이상,4022,10809520,1000만+
2022-12-22,2022,2,아바타: 물의 길 / 영웅,"아바타: 물의 길 (10M+, 10,809,520명) / 영웅 (<5M, 3,235,712명)",66.584580412957,60% 이상,3515,10809520,1000만+
2022-12-22,2022,3,아바타: 물의 길 / 영웅 / 올빼미,"아바타: 물의 길 (10M+, 10,809,520명) / 영웅 (<5M, 3,235,712명) / 올빼미 (<5M, 3,321,661명)",76.18867209698806,70% 이상,4022,10809520,1000만+
2022-12-23,2022,2,아바타: 물의 길 / 영웅,"아바타: 물의 길 (10M+, 10,809,520명) / 영웅 (<5M, 3,235,712명)",65.58551763152933,60% 이상,3478,10809520,1000만+
2022-12-23,2022,3,아바타: 물의 길 / 영웅 / 올빼미,"아바타: 물의 길 (10M+, 10,809,520명) / 영웅 (<5M, 3,235,712명) / 올빼미 (<5M, 3,321,661명)",75.54214595511975,70% 이상,4006,10809520,1000만+
2022-12-24,2022,3,아바타: 물의 길 / 영웅 / 신비아파트 극장판 차원도깨비와 7개의 세계,"아바타: 물의 길 (10M+, 10,809,520명) / 영웅 (<5M, 3,235,712명) / 신비아파트 극장판 차원도깨비와 7개의 세계 (<5M, 427,067명)",65.79415091291,60% 이상,4072,10809520,1000만+
2022-12-25,2022,3,아바타: 물의 길 / 영웅 / 신비아파트 극장판 차원도깨비와 7개의 세계,"아바타: 물의 길 (10M+, 10,809,520명) / 영웅 (<5M, 3,235,712명) / 신비아파트 극장판 차원도깨비와 7개의 세계 (<5M, 427,067명)",64.77635782747603,60% 이상,4055,10809520,1000만+
2022-12-26,2022,3,아바타: 물의 길 / 영웅 / 올빼미,"아바타: 물의 길 (10M+, 10,809,520명) / 영웅 (<5M, 3,235,712명) / 올빼미 (<5M, 3,321,661명)",69.96309963099631,60% 이상,3792,10809520,1000만+
2022-12-27,2022,2,아바타: 물의 길 / 영웅,"아바타: 물의 길 (10M+, 10,809,520명) / 영웅 (<5M, 3,235,712명)",60.173316483119706,60% 이상,3333,10809520,1000만+
2022-12-27,2022,3,아바타: 물의 길 / 영웅 / 올빼미,"아바타: 물의 길 (10M+, 10,809,520명) / 영웅 (<5M, 3,235,712명) / 올빼미 (<5M, 3,321,661명)",70.46398266835169,70% 이상,3903,10809520,1000만+
2022-12-28,2022,3,아바타: 물의 길 / 영웅 / 젠틀맨,"아바타: 물의 길 (10M+, 10,809,520명) / 영웅 (<5M, 3,235,712명) / 젠틀맨 (<5M, 216,418명)",69.1271551724138,60% 이상,3849,10809520,1000만+
2022-12-29,2022,3,아바타: 물의 길 / 영웅 / 젠틀맨,"아바타: 물의 길 (10M+, 10,809,520명) / 영웅 (<5M, 3,235,712명) / 젠틀맨 (<5M, 216,418명)",70.19177061999628,70% 이상,3770,10809520,1000만+
2022-12-30,2022,3,아바타: 물의 길 / 영웅 / 젠틀맨,"아바타: 물의 길 (10M+, 10,809,520명) / 영웅 (<5M, 3,235,712명) / 젠틀맨 (<5M, 216,418명)",69.25152932709608,60% 이상,3849,10809520,1000만+
2022-12-31,2022,3,아바타: 물의 길 / 영웅 / 젠틀맨,"아바타: 물의 길 (10M+, 10,809,520명) / 영웅 (<5M, 3,235,712명) / 젠틀맨 (<5M, 216,418명)",61.2063492063492,60% 이상,3856,10809520,1000만+
2023-01-01,2023,3,아바타: 물의 길 / 영웅 / 젠틀맨,"아바타: 물의 길 (10M+, 10,809,520명) / 영웅 (<5M, 3,235,712명) / 젠틀맨 (<5M, 216,418명)",61.61825726141078,60% 이상,3861,10809520,1000만+
2023-01-02,2023,3,아바타: 물의 길 / 영웅 / 젠틀맨,"아바타: 물의 길 (10M+, 10,809,520명) / 영웅 (<5M, 3,235,712명) / 젠틀맨 (<5M, 216,418명)",67.51838235294117,60% 이상,3673,10809520,1000만+
2023-01-03,2023,3,아바타: 물의 길 / 영웅 / 젠틀맨,"아바타: 물의 길 (10M+, 10,809,520명) / 영웅 (<5M, 3,235,712명) / 젠틀맨 (<5M, 216,418명)",66.99046920821114,60% 이상,3655,10809520,1000만+
2023-02-15,2023,3,앤트맨과 와스프: 퀀텀매니아 / 더 퍼스트 슬램덩크 / 어메이징 모리스,"앤트맨과 와스프: 퀀텀매니아 (<5M, 1,544,233명) / 더 퍼스트 슬램덩크 (<5M, 4,920,836명) / 어메이징 모리스 (<5M, 92,623명)",63.225435740279636,60% 이상,3301,4920836,500만미만
2023-02-16,2023,3,앤트맨과 와스프: 퀀텀매니아 / 더 퍼스트 슬램덩크 / 어메이징 모리스,"앤트맨과 와스프: 퀀텀매니아 (<5M, 1,544,233명) / 더 퍼스트 슬램덩크 (<5M, 4,920,836명) / 어메이징 모리스 (<5M, 92,623명)",65.37995149555375,60% 이상,3235,4920836,500만미만
2023-02-17,2023,3,앤트맨과 와스프: 퀀텀매니아 / 더 퍼스트 슬램덩크 / 어메이징 모리스,"앤트맨과 와스프: 퀀텀매니아 (<5M, 1,544,233명) / 더 퍼스트 슬램덩크 (<5M, 4,920,836명) / 어메이징 모리스 (<5M, 92,623명)",63.12796208530806,60% 이상,3330,4920836,500만미만
2023-02-18,2023,3,앤트맨과 와스프: 퀀텀매니아 / 더 퍼스트 슬램덩크 / 어메이징 모리스,"앤트맨과 와스프: 퀀텀매니아 (<5M, 1,544,233명) / 더 퍼스트 슬램덩크 (<5M, 4,920,836명) / 어메이징 모리스 (<5M, 92,623명)",62.09777777777778,60% 이상,3493,4920836,500만미만
2023-02-19,2023,3,앤트맨과 와스프: 퀀텀매니아 / 더 퍼스트 슬램덩크 / 어메이징 모리스,"앤트맨과 와스프: 퀀텀매니아 (<5M, 1,544,233명) / 더 퍼스트 슬램덩크 (<5M, 4,920,836명) / 어메이징 모리스 (<5M, 92,623명)",61.842808768490464,60% 이상,3470,4920836,500만미만
2023-02-20,2023,3,앤트맨과 와스프: 퀀텀매니아 / 더 퍼스트 슬램덩크 / 어메이징 모리스,"앤트맨과 와스프: 퀀텀매니아 (<5M, 1,544,233명) / 더 퍼스트 슬램덩크 (<5M, 4,920,836명) / 어메이징 모리스 (<5M, 92,623명)",61.41020490156689,60% 이상,3057,4920836,500만미만
2023-02-21,2023,3,앤트맨과 와스프: 퀀텀매니아 / 더 퍼스트 슬램덩크 / 어메이징 모리스,"앤트맨과 와스프: 퀀텀매니아 (<5M, 1,544,233명) / 더 퍼스트 슬램덩크 (<5M, 4,920,836명) / 어메이징 모리스 (<5M, 92,623명)",60.82352941176471,60% 이상,3102,4920836,500만미만
2023-02-22,2023,3,앤트맨과 와스프: 퀀텀매니아 / 카운트 / 서치 2,"앤트맨과 와스프: 퀀텀매니아 (<5M, 1,544,233명) / 카운트 (<5M, 383,399명) / 서치 2 (<5M, 403,997명)",60.26704430507789,60% 이상,2979,1544233,500만미만
2023-03-14,2023,3,스즈메의 문단속 / 대외비 / 더 퍼스트 슬램덩크,"스즈메의 문단속 (5M+, 5,570,424명) / 대외비 (<5M, 747,662명) / 더 퍼스트 슬램덩크 (<5M, 4,920,836명)",68.96462018730489,60% 이상,2651,5570424,500만+
2023-03-27,2023,3,스즈메의 문단속 / 웅남이 / 더 퍼스트 슬램덩크,"스즈메의 문단속 (5M+, 5,570,424명) / 웅남이 (<5M, 309,765명) / 더 퍼스트 슬램덩크 (<5M, 4,920,836명)",66.08585858585859,60% 이상,2617,5570424,500만+
2023-03-28,2023,3,스즈메의 문단속 / 웅남이 / 더 퍼스트 슬램덩크,"스즈메의 문단속 (5M+, 5,570,424명) / 웅남이 (<5M, 309,765명) / 더 퍼스트 슬램덩크 (<5M, 4,920,836명)",66.09657947686117,60% 이상,2628,5570424,500만+
2023-03-29,2023,3,스즈메의 문단속 / 던전 앤 드래곤: 도적들의 명예 / 웅남이,"스즈메의 문단속 (5M+, 5,570,424명) / 던전 앤 드래곤: 도적들의 명예 (<5M, 292,065명) / 웅남이 (<5M, 309,765명)",65.31095330320638,60% 이상,3035,5570424,500만+
2023-03-30,2023,3,스즈메의 문단속 / 던전 앤 드래곤: 도적들의 명예 / 웅남이,"스즈메의 문단속 (5M+, 5,570,424명) / 던전 앤 드래곤: 도적들의 명예 (<5M, 292,065명) / 웅남이 (<5M, 309,765명)",65.20566419420095,60% 이상,2901,5570424,500만+
2023-03-31,2023,3,스즈메의 문단속 / 던전 앤 드래곤: 도적들의 명예 / 웅남이,"스즈메의 문단속 (5M+, 5,570,424명) / 던전 앤 드래곤: 도적들의 명예 (<5M, 292,065명) / 웅남이 (<5M, 309,765명)",63.853637901861255,60% 이상,3019,5570424,500만+
2023-04-01,2023,3,스즈메의 문단속 / 던전 앤 드래곤: 도적들의 명예 / 웅남이,"스즈메의 문단속 (5M+, 5,570,424명) / 던전 앤 드래곤: 도적들의 명예 (<5M, 292,065명) / 웅남이 (<5M, 309,765명)",63.14052795031056,60% 이상,3253,5570424,500만+
2023-04-02,2023,3,스즈메의 문단속 / 던전 앤 드래곤: 도적들의 명예 / 웅남이,"스즈메의 문단속 (5M+, 5,570,424명) / 던전 앤 드래곤: 도적들의 명예 (<5M, 292,065명) / 웅남이 (<5M, 309,765명)",62.945046439628484,60% 이상,3253,5570424,500만+
2023-04-03,2023,3,스즈메의 문단속 / 던전 앤 드래곤: 도적들의 명예 / 웅남이,"스즈메의 문단속 (5M+, 5,570,424명) / 던전 앤 드래곤: 도적들의 명예 (<5M, 292,065명) / 웅남이 (<5M, 309,765명)",66.05504587155963,60% 이상,2808,5570424,500만+
2023-04-04,2023,3,스즈메의 문단속 / 던전 앤 드래곤: 도적들의 명예 / 더 퍼스트 슬램덩크,"스즈메의 문단속 (5M+, 5,570,424명) / 던전 앤 드래곤: 도적들의 명예 (<5M, 292,065명) / 더 퍼스트 슬램덩크 (<5M, 4,920,836명)",66.17370892018779,60% 이상,2819,5570424,500만+
2023-04-05,2023,3,리바운드 / 스즈메의 문단속 / 에어,"리바운드 (<5M, 706,398명) / 스즈메의 문단속 (5M+, 5,570,424명) / 에어 (<5M, 103,796명)",65.39341262580055,60% 이상,2859,5570424,500만+
2023-04-06,2023,3,스즈메의 문단속 / 리바운드 / 에어,"스즈메의 문단속 (5M+, 5,570,424명) / 리바운드 (<5M, 706,398명) / 에어 (<5M, 103,796명)",66.91405314819248,60% 이상,2795,5570424,500만+
2023-04-07,2023,3,스즈메의 문단속 / 리바운드 / 에어,"스즈메의 문단속 (5M+, 5,570,424명) / 리바운드 (<5M, 706,398명) / 에어 (<5M, 103,796명)",65.32879818594104,60% 이상,2881,5570424,500만+
2023-04-08,2023,3,스즈메의 문단속 / 리바운드 / 에어,"스즈메의 문단속 (5M+, 5,570,424명) / 리바운드 (<5M, 706,398명) / 에어 (<5M, 103,796명)",64.79106330161358,60% 이상,3132,5570424,500만+
2023-04-09,2023,3,스즈메의 문단속 / 리바운드 / 에어,"스즈메의 문단속 (5M+, 5,570,424명) / 리바운드 (<5M, 706,398명) / 에어 (<5M, 103,796명)",64.96548839154988,60% 이상,3106,5570424,500만+
2023-04-10,2023,3,스즈메의 문단속 / 리바운드 / 에어,"스즈메의 문단속 (5M+, 5,570,424명) / 리바운드 (<5M, 706,398명) / 에어 (<5M, 103,796명)",72.54849137931035,70% 이상,2693,5570424,500만+
2023-04-11,2023,3,스즈메의 문단속 / 리바운드 / 에어,"스즈메의 문단속 (5M+, 5,570,424명) / 리바운드 (<5M, 706,398명) / 에어 (<5M, 103,796명)",70.61721991701245,70% 이상,2723,5570424,500만+
2023-04-12,2023,3,존 윅 4 / 스즈메의 문단속 / 리바운드,"존 윅 4 (<5M, 1,916,688명) / 스즈메의 문단속 (5M+, 5,570,424명) / 리바운드 (<5M, 706,398명)",69.06459278461871,60% 이상,3197,5570424,500만+
2023-04-13,2023,3,존 윅 4 / 스즈메의 문단속 / 리바운드,"존 윅 4 (<5M, 1,916,688명) / 스즈메의 문단속 (5M+, 5,570,424명) / 리바운드 (<5M, 706,398명)",72.47355390501913,70% 이상,3220,5570424,500만+
2023-04-14,2023,3,존 윅 4 / 킬링 로맨스 / 스즈메의 문단속,"존 윅 4 (<5M, 1,916,688명) / 킬링 로맨스 (<5M, 184,059명) / 스즈메의 문단속 (5M+, 5,570,424명)",63.86349786715417,60% 이상,3144,5570424,500만+
2023-04-15,2023,3,존 윅 4 / 킬링 로맨스 / 스즈메의 문단속,"존 윅 4 (<5M, 1,916,688명) / 킬링 로맨스 (<5M, 184,059명) / 스즈메의 문단속 (5M+, 5,570,424명)",63.40378197997775,60% 이상,3420,5570424,500만+
2023-04-16,2023,3,존 윅 4 / 스즈메의 문단속 / 킬링 로맨스,"존 윅 4 (<5M, 1,916,688명) / 스즈메의 문단속 (5M+, 5,570,424명) / 킬링 로맨스 (<5M, 184,059명)",63.28052190121156,60% 이상,3395,5570424,500만+
2023-04-17,2023,3,존 윅 4 / 킬링 로맨스 / 스즈메의 문단속,"존 윅 4 (<5M, 1,916,688명) / 킬링 로맨스 (<5M, 184,059명) / 스즈메의 문단속 (5M+, 5,570,424명)",64.32913590968302,60% 이상,2963,5570424,500만+
2023-04-18,2023,3,존 윅 4 / 킬링 로맨스 / 스즈메의 문단속,"존 윅 4 (<5M, 1,916,688명) / 킬링 로맨스 (<5M, 184,059명) / 스즈메의 문단속 (5M+, 5,570,424명)",63.54606931530009,60% 이상,3007,5570424,500만+
2023-04-22,2023,3,존 윅 4 / 스즈메의 문단속 / 리바운드,"존 윅 4 (<5M, 1,916,688명) / 스즈메의 문단속 (5M+, 5,570,424명) / 리바운드 (<5M, 706,398명)",61.47276523059404,60% 이상,3239,5570424,500만+
2023-04-23,2023,3,존 윅 4 / 스즈메의 문단속 / 리바운드,"존 윅 4 (<5M, 1,916,688명) / 스즈메의 문단속 (5M+, 5,570,424명) / 리바운드 (<5M, 706,398명)",60.34026465028356,60% 이상,3192,5570424,500만+
2023-04-24,2023,3,존 윅 4 / 스즈메의 문단속 / 리바운드,"존 윅 4 (<5M, 1,916,688명) / 스즈메의 문단속 (5M+, 5,570,424명) / 리바운드 (<5M, 706,398명)",60.694143167028194,60% 이상,2798,5570424,500만+
2023-04-25,2023,3,존 윅 4 / 스즈메의 문단속 / 리바운드,"존 윅 4 (<5M, 1,916,688명) / 스즈메의 문단속 (5M+, 5,570,424명) / 리바운드 (<5M, 706,398명)",60.35102558680482,60% 이상,2854,5570424,500만+
2023-04-26,2023,3,슈퍼 마리오 브라더스 / 드림 / 존 윅 4,"슈퍼 마리오 브라더스 (<5M, 2,387,766명) / 드림 (<5M, 1,121,631명) / 존 윅 4 (<5M, 1,916,688명)",65.15962720602816,60% 이상,3286,2387766,500만미만
2023-04-27,2023,3,드림 / 슈퍼 마리오 브라더스 / 존 윅 4,"드림 (<5M, 1,121,631명) / 슈퍼 마리오 브라더스 (<5M, 2,387,766명) / 존 윅 4 (<5M, 1,916,688명)",63.72432859399684,60% 이상,3227,2387766,500만미만
2023-04-28,2023,3,슈퍼 마리오 브라더스 / 드림 / 존 윅 4,"슈퍼 마리오 브라더스 (<5M, 2,387,766명) / 드림 (<5M, 1,121,631명) / 존 윅 4 (<5M, 1,916,688명)",62.760955425992094,60% 이상,3337,2387766,500만미만
2023-04-29,2023,3,슈퍼 마리오 브라더스 / 드림 / 존 윅 4,"슈퍼 마리오 브라더스 (<5M, 2,387,766명) / 드림 (<5M, 1,121,631명) / 존 윅 4 (<5M, 1,916,688명)",65.89894661667559,60% 이상,3691,2387766,500만미만
2023-04-30,2023,3,슈퍼 마리오 브라더스 / 드림 / 존 윅 4,"슈퍼 마리오 브라더스 (<5M, 2,387,766명) / 드림 (<5M, 1,121,631명) / 존 윅 4 (<5M, 1,916,688명)",65.96273291925466,60% 이상,3717,2387766,500만미만
2023-05-01,2023,3,슈퍼 마리오 브라더스 / 드림 / 존 윅 4,"슈퍼 마리오 브라더스 (<5M, 2,387,766명) / 드림 (<5M, 1,121,631명) / 존 윅 4 (<5M, 1,916,688명)",64.4165170556553,60% 이상,3588,2387766,500만미만
2023-05-02,2023,3,슈퍼 마리오 브라더스 / 드림 / 존 윅 4,"슈퍼 마리오 브라더스 (<5M, 2,387,766명) / 드림 (<5M, 1,121,631명) / 존 윅 4 (<5M, 1,916,688명)",64.17822943130741,60% 이상,3284,2387766,500만미만
2023-05-03,2023,3,가디언즈 오브 갤럭시: Volume 3 / 슈퍼 마리오 브라더스 / 드림,"가디언즈 오브 갤럭시: Volume 3 (<5M, 4,204,834명) / 슈퍼 마리오 브라더스 (<5M, 2,387,766명) / 드림 (<5M, 1,121,631명)",68.96081107428348,60% 이상,3537,4204834,500만미만
2023-05-04,2023,3,가디언즈 오브 갤럭시: Volume 3 / 슈퍼 마리오 브라더스 / 드림,"가디언즈 오브 갤럭시: Volume 3 (<5M, 4,204,834명) / 슈퍼 마리오 브라더스 (<5M, 2,387,766명) / 드림 (<5M, 1,121,631명)",61.75510905031771,60% 이상,3596,4204834,500만미만
2023-05-05,2023,3,가디언즈 오브 갤럭시: Volume 3 / 슈퍼 마리오 브라더스 / 극장판 짱구는 못말려: 동물소환 닌자 배꼽수비대,"가디언즈 오브 갤럭시: Volume 3 (<5M, 4,204,834명) / 슈퍼 마리오 브라더스 (<5M, 2,387,766명) / 극장판 짱구는 못말려: 동물소환 닌자 배꼽수비대 (<5M, 727,223명)",62.10809196775156,60% 이상,4160,4204834,500만미만
2023-05-06,2023,3,가디언즈 오브 갤럭시: Volume 3 / 슈퍼 마리오 브라더스 / 드림,"가디언즈 오브 갤럭시: Volume 3 (<5M, 4,204,834명) / 슈퍼 마리오 브라더스 (<5M, 2,387,766명) / 드림 (<5M, 1,121,631명)",60.932009167303285,60% 이상,3988,4204834,500만미만
2023-05-07,2023,3,가디언즈 오브 갤럭시: Volume 3 / 슈퍼 마리오 브라더스 / 드림,"가디언즈 오브 갤럭시: Volume 3 (<5M, 4,204,834명) / 슈퍼 마리오 브라더스 (<5M, 2,387,766명) / 드림 (<5M, 1,121,631명)",60.8062015503876,60% 이상,3922,4204834,500만미만
2023-05-17,2023,3,분노의 질주: 라이드 오어 다이 / 가디언즈 오브 갤럭시: Volume 3 / 슈퍼 마리오 브라더스,"분노의 질주: 라이드 오어 다이 (<5M, 1,771,324명) / 가디언즈 오브 갤럭시: Volume 3 (<5M, 4,204,834명) / 슈퍼 마리오 브라더스 (<5M, 2,387,766명)",64.3187958317252,60% 이상,3333,4204834,500만미만
2023-05-18,2023,3,분노의 질주: 라이드 오어 다이 / 가디언즈 오브 갤럭시: Volume 3 / 슈퍼 마리오 브라더스,"분노의 질주: 라이드 오어 다이 (<5M, 1,771,324명) / 가디언즈 오브 갤럭시: Volume 3 (<5M, 4,204,834명) / 슈퍼 마리오 브라더스 (<5M, 2,387,766명)",65.16699410609037,60% 이상,3317,4204834,500만미만
2023-05-19,2023,3,분노의 질주: 라이드 오어 다이 / 가디언즈 오브 갤럭시: Volume 3 / 슈퍼 마리오 브라더스,"분노의 질주: 라이드 오어 다이 (<5M, 1,771,324명) / 가디언즈 오브 갤럭시: Volume 3 (<5M, 4,204,834명) / 슈퍼 마리오 브라더스 (<5M, 2,387,766명)",63.97250092902267,60% 이상,3443,4204834,500만미만
2023-05-20,2023,3,분노의 질주: 라이드 오어 다이 / 가디언즈 오브 갤럭시: Volume 3 / 슈퍼 마리오 브라더스,"분노의 질주: 라이드 오어 다이 (<5M, 1,771,324명) / 가디언즈 오브 갤럭시: Volume 3 (<5M, 4,204,834명) / 슈퍼 마리오 브라더스 (<5M, 2,387,766명)",65.85751978891821,60% 이상,3744,4204834,500만미만
2023-05-21,2023,3,분노의 질주: 라이드 오어 다이 / 가디언즈 오브 갤럭시: Volume 3 / 슈퍼 마리오 브라더스,"분노의 질주: 라이드 오어 다이 (<5M, 1,771,324명) / 가디언즈 오브 갤럭시: Volume 3 (<5M, 4,204,834명) / 슈퍼 마리오 브라더스 (<5M, 2,387,766명)",64.62738301559793,60% 이상,3729,4204834,500만미만
2023-05-22,2023,3,분노의 질주: 라이드 오어 다이 / 가디언즈 오브 갤럭시: Volume 3 / 슈퍼 마리오 브라더스,"분노의 질주: 라이드 오어 다이 (<5M, 1,771,324명) / 가디언즈 오브 갤럭시: Volume 3 (<5M, 4,204,834명) / 슈퍼 마리오 브라더스 (<5M, 2,387,766명)",68.14643383126446,60% 이상,3239,4204834,500만미만
2023-05-23,2023,3,분노의 질주: 라이드 오어 다이 / 가디언즈 오브 갤럭시: Volume 3 / 슈퍼 마리오 브라더스,"분노의 질주: 라이드 오어 다이 (<5M, 1,771,324명) / 가디언즈 오브 갤럭시: Volume 3 (<5M, 4,204,834명) / 슈퍼 마리오 브라더스 (<5M, 2,387,766명)",65.894906382122,60% 이상,3273,4204834,500만미만
2023-05-24,2023,3,분노의 질주: 라이드 오어 다이 / 인어공주 / 가디언즈 오브 갤럭시: Volume 3,"분노의 질주: 라이드 오어 다이 (<5M, 1,771,324명) / 인어공주 (<5M, 644,412명) / 가디언즈 오브 갤럭시: Volume 3 (<5M, 4,204,834명)",73.87064676616916,70% 이상,3712,4204834,500만미만
2023-05-25,2023,3,분노의 질주: 라이드 오어 다이 / 인어공주 / 가디언즈 오브 갤럭시: Volume 3,"분노의 질주: 라이드 오어 다이 (<5M, 1,771,324명) / 인어공주 (<5M, 644,412명) / 가디언즈 오브 갤럭시: Volume 3 (<5M, 4,204,834명)",73.9853896103896,70% 이상,3646,4204834,500만미만
2023-05-26,2023,3,분노의 질주: 라이드 오어 다이 / 인어공주 / 가디언즈 오브 갤럭시: Volume 3,"분노의 질주: 라이드 오어 다이 (<5M, 1,771,324명) / 인어공주 (<5M, 644,412명) / 가디언즈 오브 갤럭시: Volume 3 (<5M, 4,204,834명)",71.55369383092156,70% 이상,3758,4204834,500만미만
2023-05-27,2023,3,분노의 질주: 라이드 오어 다이 / 인어공주 / 가디언즈 오브 갤럭시: Volume 3,"분노의 질주: 라이드 오어 다이 (<5M, 1,771,324명) / 인어공주 (<5M, 644,412명) / 가디언즈 오브 갤럭시: Volume 3 (<5M, 4,204,834명)",61.33867616503414,60% 이상,4133,4204834,500만미만
2023-05-28,2023,3,분노의 질주: 라이드 오어 다이 / 인어공주 / 가디언즈 오브 갤럭시: Volume 3,"분노의 질주: 라이드 오어 다이 (<5M, 1,771,324명) / 인어공주 (<5M, 644,412명) / 가디언즈 오브 갤럭시: Volume 3 (<5M, 4,204,834명)",61.50559811431939,60% 이상,4175,4204834,500만미만
2023-05-29,2023,3,분노의 질주: 라이드 오어 다이 / 인어공주 / 가디언즈 오브 갤럭시: Volume 3,"분노의 질주: 라이드 오어 다이 (<5M, 1,771,324명) / 인어공주 (<5M, 644,412명) / 가디언즈 오브 갤럭시: Volume 3 (<5M, 4,204,834명)",60.612366230677765,60% 이상,4078,4204834,500만미만
2023-05-30,2023,3,분노의 질주: 라이드 오어 다이 / 가디언즈 오브 갤럭시: Volume 3 / 인어공주,"분노의 질주: 라이드 오어 다이 (<5M, 1,771,324명) / 가디언즈 오브 갤럭시: Volume 3 (<5M, 4,204,834명) / 인어공주 (<5M, 644,412명)",71.98538367844093,70% 이상,3546,4204834,500만미만
2023-05-31,2023,3,범죄도시3 / 분노의 질주: 라이드 오어 다이 / 가디언즈 오브 갤럭시: Volume 3,"범죄도시3 (10M+, 10,675,973명) / 분노의 질주: 라이드 오어 다이 (<5M, 1,771,324명) / 가디언즈 오브 갤럭시: Volume 3 (<5M, 4,204,834명)",71.43136106229252,70% 이상,3658,10675973,1000만+
2023-06-01,2023,3,범죄도시3 / 분노의 질주: 라이드 오어 다이 / 가디언즈 오브 갤럭시: Volume 3,"범죄도시3 (10M+, 10,675,973명) / 분노의 질주: 라이드 오어 다이 (<5M, 1,771,324명) / 가디언즈 오브 갤럭시: Volume 3 (<5M, 4,204,834명)",70.08479589824492,70% 이상,3554,10675973,1000만+
2023-06-02,2023,3,범죄도시3 / 분노의 질주: 라이드 오어 다이 / 가디언즈 오브 갤럭시: Volume 3,"범죄도시3 (10M+, 10,675,973명) / 분노의 질주: 라이드 오어 다이 (<5M, 1,771,324명) / 가디언즈 오브 갤럭시: Volume 3 (<5M, 4,204,834명)",69.96933691069376,60% 이상,3651,10675973,1000만+
2023-06-03,2023,3,범죄도시3 / 분노의 질주: 라이드 오어 다이 / 가디언즈 오브 갤럭시: Volume 3,"범죄도시3 (10M+, 10,675,973명) / 분노의 질주: 라이드 오어 다이 (<5M, 1,771,324명) / 가디언즈 오브 갤럭시: Volume 3 (<5M, 4,204,834명)",64.321608040201,60% 이상,3840,10675973,1000만+
2023-06-04,2023,3,범죄도시3 / 분노의 질주: 라이드 오어 다이 / 가디언즈 오브 갤럭시: Volume 3,"범죄도시3 (10M+, 10,675,973명) / 분노의 질주: 라이드 오어 다이 (<5M, 1,771,324명) / 가디언즈 오브 갤럭시: Volume 3 (<5M, 4,204,834명)",63.83906119027661,60% 이상,3808,10675973,1000만+
2023-06-05,2023,3,범죄도시3 / 가디언즈 오브 갤럭시: Volume 3 / 분노의 질주: 라이드 오어 다이,"범죄도시3 (10M+, 10,675,973명) / 가디언즈 오브 갤럭시: Volume 3 (<5M, 4,204,834명) / 분노의 질주: 라이드 오어 다이 (<5M, 1,771,324명)",65.82527747941282,60% 이상,3677,10675973,1000만+
2023-06-06,2023,2,범죄도시3 / 트랜스포머: 비스트의 서막,"범죄도시3 (10M+, 10,675,973명) / 트랜스포머: 비스트의 서막 (<5M, 761,475명)",62.66313599394742,60% 이상,3313,10675973,1000만+
2023-06-06,2023,3,범죄도시3 / 트랜스포머: 비스트의 서막 / 포켓 몬스터 DP: 아르세우스 초극의 시공으로,"범죄도시3 (10M+, 10,675,973명) / 트랜스포머: 비스트의 서막 (<5M, 761,475명) / 포켓 몬스터 DP: 아르세우스 초극의 시공으로 (<5M, 578,041명)",71.87440892755816,70% 이상,3800,10675973,1000만+
2023-06-07,2023,2,범죄도시3 / 트랜스포머: 비스트의 서막,"범죄도시3 (10M+, 10,675,973명) / 트랜스포머: 비스트의 서막 (<5M, 761,475명)",68.40307429547396,60% 이상,3204,10675973,1000만+
2023-06-07,2023,3,범죄도시3 / 트랜스포머: 비스트의 서막 / 가디언즈 오브 갤럭시: Volume 3,"범죄도시3 (10M+, 10,675,973명) / 트랜스포머: 비스트의 서막 (<5M, 761,475명) / 가디언즈 오브 갤럭시: Volume 3 (<5M, 4,204,834명)",77.34842015371477,70% 이상,3623,10675973,1000만+
2023-06-08,2023,2,범죄도시3 / 트랜스포머: 비스트의 서막,"범죄도시3 (10M+, 10,675,973명) / 트랜스포머: 비스트의 서막 (<5M, 761,475명)",69.88425420397466,60% 이상,3200,10675973,1000만+
2023-06-08,2023,3,범죄도시3 / 트랜스포머: 비스트의 서막 / 가디언즈 오브 갤럭시: Volume 3,"범죄도시3 (10M+, 10,675,973명) / 트랜스포머: 비스트의 서막 (<5M, 761,475명) / 가디언즈 오브 갤럭시: Volume 3 (<5M, 4,204,834명)",79.05656256824633,70% 이상,3620,10675973,1000만+
2023-06-09,2023,2,범죄도시3 / 트랜스포머: 비스트의 서막,"범죄도시3 (10M+, 10,675,973명) / 트랜스포머: 비스트의 서막 (<5M, 761,475명)",67.4989596337911,60% 이상,3244,10675973,1000만+
2023-06-09,2023,3,범죄도시3 / 트랜스포머: 비스트의 서막 / 가디언즈 오브 갤럭시: Volume 3,"범죄도시3 (10M+, 10,675,973명) / 트랜스포머: 비스트의 서막 (<5M, 761,475명) / 가디언즈 오브 갤럭시: Volume 3 (<5M, 4,204,834명)",76.30045776113192,70% 이상,3667,10675973,1000만+
2023-06-10,2023,2,범죄도시3 / 트랜스포머: 비스트의 서막,"범죄도시3 (10M+, 10,675,973명) / 트랜스포머: 비스트의 서막 (<5M, 761,475명)",62.46401842256765,60% 이상,3255,10675973,1000만+
2023-06-10,2023,3,범죄도시3 / 트랜스포머: 비스트의 서막 / 포켓 몬스터 DP: 아르세우스 초극의 시공으로,"범죄도시3 (10M+, 10,675,973명) / 트랜스포머: 비스트의 서막 (<5M, 761,475명) / 포켓 몬스터 DP: 아르세우스 초극의 시공으로 (<5M, 578,041명)",72.99942429476108,70% 이상,3804,10675973,1000만+
2023-06-11,2023,2,범죄도시3 / 트랜스포머: 비스트의 서막,"범죄도시3 (10M+, 10,675,973명) / 트랜스포머: 비스트의 서막 (<5M, 761,475명)",62.43694218083042,60% 이상,3218,10675973,1000만+
2023-06-11,2023,3,범죄도시3 / 트랜스포머: 비스트의 서막 / 포켓 몬스터 DP: 아르세우스 초극의 시공으로,"범죄도시3 (10M+, 10,675,973명) / 트랜스포머: 비스트의 서막 (<5M, 761,475명) / 포켓 몬스터 DP: 아르세우스 초극의 시공으로 (<5M, 578,041명)",72.70081490104772,70% 이상,3747,10675973,1000만+
2023-06-12,2023,2,범죄도시3 / 트랜스포머: 비스트의 서막,"범죄도시3 (10M+, 10,675,973명) / 트랜스포머: 비스트의 서막 (<5M, 761,475명)",67.78059460705231,60% 이상,2941,10675973,1000만+
2023-06-12,2023,3,범죄도시3 / 트랜스포머: 비스트의 서막 / 가디언즈 오브 갤럭시: Volume 3,"범죄도시3 (10M+, 10,675,973명) / 트랜스포머: 비스트의 서막 (<5M, 761,475명) / 가디언즈 오브 갤럭시: Volume 3 (<5M, 4,204,834명)",77.52938465084121,70% 이상,3364,10675973,1000만+
2023-06-13,2023,2,범죄도시3 / 트랜스포머: 비스트의 서막,"범죄도시3 (10M+, 10,675,973명) / 트랜스포머: 비스트의 서막 (<5M, 761,475명)",65.37652503155238,60% 이상,3108,10675973,1000만+
2023-06-13,2023,3,범죄도시3 / 트랜스포머: 비스트의 서막 / 가디언즈 오브 갤럭시: Volume 3,"범죄도시3 (10M+, 10,675,973명) / 트랜스포머: 비스트의 서막 (<5M, 761,475명) / 가디언즈 오브 갤럭시: Volume 3 (<5M, 4,204,834명)",74.92637778712663,70% 이상,3562,10675973,1000만+
2023-06-14,2023,3,범죄도시3 / 플래시 / 엘리멘탈,"범죄도시3 (10M+, 10,675,973명) / 플래시 (<5M, 629,888명) / 엘리멘탈 (5M+, 7,205,607명)",75.3742357157917,70% 이상,3575,10675973,1000만+
2023-06-15,2023,3,범죄도시3 / 플래시 / 엘리멘탈,"범죄도시3 (10M+, 10,675,973명) / 플래시 (<5M, 629,888명) / 엘리멘탈 (5M+, 7,205,607명)",75.76530612244898,70% 이상,3564,10675973,1000만+
2023-06-16,2023,3,범죄도시3 / 플래시 / 엘리멘탈,"범죄도시3 (10M+, 10,675,973명) / 플래시 (<5M, 629,888명) / 엘리멘탈 (5M+, 7,205,607명)",77.15363655418152,70% 이상,3681,10675973,1000만+
2023-06-17,2023,3,범죄도시3 / 플래시 / 엘리멘탈,"범죄도시3 (10M+, 10,675,973명) / 플래시 (<5M, 629,888명) / 엘리멘탈 (5M+, 7,205,607명)",73.74553655327946,70% 이상,3924,10675973,1000만+
2023-06-18,2023,3,범죄도시3 / 엘리멘탈 / 플래시,"범죄도시3 (10M+, 10,675,973명) / 엘리멘탈 (5M+, 7,205,607명) / 플래시 (<5M, 629,888명)",73.96148036253777,70% 이상,3917,10675973,1000만+
2023-06-19,2023,3,범죄도시3 / 플래시 / 엘리멘탈,"범죄도시3 (10M+, 10,675,973명) / 플래시 (<5M, 629,888명) / 엘리멘탈 (5M+, 7,205,607명)",77.18631178707224,70% 이상,3451,10675973,1000만+
2023-06-20,2023,3,범죄도시3 / 플래시 / 엘리멘탈,"범죄도시3 (10M+, 10,675,973명) / 플래시 (<5M, 629,888명) / 엘리멘탈 (5M+, 7,205,607명)",76.81381118881119,70% 이상,3515,10675973,1000만+
2023-06-21,2023,3,스파이더맨: 어크로스 더 유니버스 / 범죄도시3 / 귀공자,"스파이더맨: 어크로스 더 유니버스 (<5M, 903,786명) / 범죄도시3 (10M+, 10,675,973명) / 귀공자 (<5M, 673,368명)",60.06984866123399,60% 이상,3096,10675973,1000만+
2023-06-24,2023,3,엘리멘탈 / 범죄도시3 / 스파이더맨: 어크로스 더 유니버스,"엘리멘탈 (5M+, 7,205,607명) / 범죄도시3 (10M+, 10,675,973명) / 스파이더맨: 어크로스 더 유니버스 (<5M, 903,786명)",62.22840257257083,60% 이상,3580,10675973,1000만+
2023-06-25,2023,3,엘리멘탈 / 범죄도시3 / 스파이더맨: 어크로스 더 유니버스,"엘리멘탈 (5M+, 7,205,607명) / 범죄도시3 (10M+, 10,675,973명) / 스파이더맨: 어크로스 더 유니버스 (<5M, 903,786명)",62.447698744769866,60% 이상,3582,10675973,1000만+
2023-06-26,2023,3,범죄도시3 / 엘리멘탈 / 스파이더맨: 어크로스 더 유니버스,"범죄도시3 (10M+, 10,675,973명) / 엘리멘탈 (5M+, 7,205,607명) / 스파이더맨: 어크로스 더 유니버스 (<5M, 903,786명)",60.37082314588427,60% 이상,2963,10675973,1000만+
2023-06-27,2023,3,엘리멘탈 / 범죄도시3 / 스파이더맨: 어크로스 더 유니버스,"엘리멘탈 (5M+, 7,205,607명) / 범죄도시3 (10M+, 10,675,973명) / 스파이더맨: 어크로스 더 유니버스 (<5M, 903,786명)",60.91746794871795,60% 이상,3041,10675973,1000만+
2023-07-01,2023,3,엘리멘탈 / 인디아나 존스: 운명의 다이얼 / 범죄도시3,"엘리멘탈 (5M+, 7,205,607명) / 인디아나 존스: 운명의 다이얼 (<5M, 855,266명) / 범죄도시3 (10M+, 10,675,973명)",61.158021712907114,60% 이상,3549,10675973,1000만+
2023-07-02,2023,3,엘리멘탈 / 인디아나 존스: 운명의 다이얼 / 범죄도시3,"엘리멘탈 (5M+, 7,205,607명) / 인디아나 존스: 운명의 다이얼 (<5M, 855,266명) / 범죄도시3 (10M+, 10,675,973명)",61.344104503265726,60% 이상,3569,10675973,1000만+
2023-07-12,2023,2,미션 임파서블: 데드 레코닝 PART ONE / 엘리멘탈,"미션 임파서블: 데드 레코닝 PART ONE (<5M, 4,015,548명) / 엘리멘탈 (5M+, 7,205,607명)",64.29120245870149,60% 이상,3347,7205607,500만+
2023-07-12,2023,3,미션 임파서블: 데드 레코닝 PART ONE / 엘리멘탈 / 범죄도시3,"미션 임파서블: 데드 레코닝 PART ONE (<5M, 4,015,548명) / 엘리멘탈 (5M+, 7,205,607명) / 범죄도시3 (10M+, 10,675,973명)",76.66154437187859,70% 이상,3991,10675973,1000만+
2023-07-13,2023,2,미션 임파서블: 데드 레코닝 PART ONE / 엘리멘탈,"미션 임파서블: 데드 레코닝 PART ONE (<5M, 4,015,548명) / 엘리멘탈 (5M+, 7,205,607명)",65.49902152641879,60% 이상,3347,7205607,500만+
2023-07-13,2023,3,미션 임파서블: 데드 레코닝 PART ONE / 엘리멘탈 / 범죄도시3,"미션 임파서블: 데드 레코닝 PART ONE (<5M, 4,015,548명) / 엘리멘탈 (5M+, 7,205,607명) / 범죄도시3 (10M+, 10,675,973명)",77.96477495107632,70% 이상,3984,10675973,1000만+
2023-07-14,2023,2,미션 임파서블: 데드 레코닝 PART ONE / 엘리멘탈,"미션 임파서블: 데드 레코닝 PART ONE (<5M, 4,015,548명) / 엘리멘탈 (5M+, 7,205,607명)",64.69269568466281,60% 이상,3463,7205607,500만+
2023-07-14,2023,3,미션 임파서블: 데드 레코닝 PART ONE / 엘리멘탈 / 범죄도시3,"미션 임파서블: 데드 레코닝 PART ONE (<5M, 4,015,548명) / 엘리멘탈 (5M+, 7,205,607명) / 범죄도시3 (10M+, 10,675,973명)",77.11563609191107,70% 이상,4128,10675973,1000만+
2023-07-15,2023,2,미션 임파서블: 데드 레코닝 PART ONE / 엘리멘탈,"미션 임파서블: 데드 레코닝 PART ONE (<5M, 4,015,548명) / 엘리멘탈 (5M+, 7,205,607명)",64.90210297316897,60% 이상,3580,7205607,500만+
2023-07-15,2023,3,미션 임파서블: 데드 레코닝 PART ONE / 엘리멘탈 / 범죄도시3,"미션 임파서블: 데드 레코닝 PART ONE (<5M, 4,015,548명) / 엘리멘탈 (5M+, 7,205,607명) / 범죄도시3 (10M+, 10,675,973명)",76.03335750543872,70% 이상,4194,10675973,1000만+
2023-07-16,2023,2,미션 임파서블: 데드 레코닝 PART ONE / 엘리멘탈,"미션 임파서블: 데드 레코닝 PART ONE (<5M, 4,015,548명) / 엘리멘탈 (5M+, 7,205,607명)",65.11542689629901,60% 이상,3554,7205607,500만+
2023-07-16,2023,3,미션 임파서블: 데드 레코닝 PART ONE / 엘리멘탈 / 범죄도시3,"미션 임파서블: 데드 레코닝 PART ONE (<5M, 4,015,548명) / 엘리멘탈 (5M+, 7,205,607명) / 범죄도시3 (10M+, 10,675,973명)",76.29168193477464,70% 이상,4164,10675973,1000만+
2023-07-17,2023,2,미션 임파서블: 데드 레코닝 PART ONE / 엘리멘탈,"미션 임파서블: 데드 레코닝 PART ONE (<5M, 4,015,548명) / 엘리멘탈 (5M+, 7,205,607명)",66.16618675442206,60% 이상,3217,7205607,500만+
2023-07-17,2023,3,미션 임파서블: 데드 레코닝 PART ONE / 엘리멘탈 / 범죄도시3,"미션 임파서블: 데드 레코닝 PART ONE (<5M, 4,015,548명) / 엘리멘탈 (5M+, 7,205,607명) / 범죄도시3 (10M+, 10,675,973명)",78.79473467708762,70% 이상,3831,10675973,1000만+
2023-07-18,2023,2,미션 임파서블: 데드 레코닝 PART ONE / 엘리멘탈,"미션 임파서블: 데드 레코닝 PART ONE (<5M, 4,015,548명) / 엘리멘탈 (5M+, 7,205,607명)",66.39012545528126,60% 이상,3281,7205607,500만+
2023-07-18,2023,3,미션 임파서블: 데드 레코닝 PART ONE / 엘리멘탈 / 범죄도시3,"미션 임파서블: 데드 레코닝 PART ONE (<5M, 4,015,548명) / 엘리멘탈 (5M+, 7,205,607명) / 범죄도시3 (10M+, 10,675,973명)",78.95588830433023,70% 이상,3902,10675973,1000만+
2023-07-19,2023,3,미션 임파서블: 데드 레코닝 PART ONE / 엘리멘탈 / 바비,"미션 임파서블: 데드 레코닝 PART ONE (<5M, 4,015,548명) / 엘리멘탈 (5M+, 7,205,607명) / 바비 (<5M, 561,000명)",70.3243348222956,70% 이상,3621,7205607,500만+
2023-07-20,2023,3,미션 임파서블: 데드 레코닝 PART ONE / 명탐정코난: 흑철의 어영 / 엘리멘탈,"미션 임파서블: 데드 레코닝 PART ONE (<5M, 4,015,548명) / 명탐정코난: 흑철의 어영 (<5M, 798,578명) / 엘리멘탈 (5M+, 7,205,607명)",61.648685097774774,60% 이상,3657,7205607,500만+
2023-07-21,2023,3,미션 임파서블: 데드 레코닝 PART ONE / 엘리멘탈 / 명탐정코난: 흑철의 어영,"미션 임파서블: 데드 레코닝 PART ONE (<5M, 4,015,548명) / 엘리멘탈 (5M+, 7,205,607명) / 명탐정코난: 흑철의 어영 (<5M, 798,578명)",61.797939514788965,60% 이상,3719,7205607,500만+
2023-07-25,2023,3,미션 임파서블: 데드 레코닝 PART ONE / 엘리멘탈 / 명탐정코난: 흑철의 어영,"미션 임파서블: 데드 레코닝 PART ONE (<5M, 4,015,548명) / 엘리멘탈 (5M+, 7,205,607명) / 명탐정코난: 흑철의 어영 (<5M, 798,578명)",61.508951406649615,60% 이상,3367,7205607,500만+
2023-07-26,2023,3,밀수 / 미션 임파서블: 데드 레코닝 PART ONE / 엘리멘탈,"밀수 (5M+, 5,123,219명) / 미션 임파서블: 데드 레코닝 PART ONE (<5M, 4,015,548명) / 엘리멘탈 (5M+, 7,205,607명)",60.9536738503309,60% 이상,3592,7205607,500만+
2023-07-27,2023,3,밀수 / 엘리멘탈 / 미션 임파서블: 데드 레코닝 PART ONE,"밀수 (5M+, 5,123,219명) / 엘리멘탈 (5M+, 7,205,607명) / 미션 임파서블: 데드 레코닝 PART ONE (<5M, 4,015,548명)",62.38272260577094,60% 이상,3524,7205607,500만+
2023-07-28,2023,3,밀수 / 엘리멘탈 / 미션 임파서블: 데드 레코닝 PART ONE,"밀수 (5M+, 5,123,219명) / 엘리멘탈 (5M+, 7,205,607명) / 미션 임파서블: 데드 레코닝 PART ONE (<5M, 4,015,548명)",62.489166233316006,60% 이상,3605,7205607,500만+
2023-07-29,2023,3,밀수 / 엘리멘탈 / 미션 임파서블: 데드 레코닝 PART ONE,"밀수 (5M+, 5,123,219명) / 엘리멘탈 (5M+, 7,205,607명) / 미션 임파서블: 데드 레코닝 PART ONE (<5M, 4,015,548명)",62.745745911118455,60% 이상,3798,7205607,500만+
2023-07-30,2023,3,밀수 / 엘리멘탈 / 미션 임파서블: 데드 레코닝 PART ONE,"밀수 (5M+, 5,123,219명) / 엘리멘탈 (5M+, 7,205,607명) / 미션 임파서블: 데드 레코닝 PART ONE (<5M, 4,015,548명)",61.040012959663045,60% 이상,3768,7205607,500만+
2023-07-31,2023,3,밀수 / 엘리멘탈 / 미션 임파서블: 데드 레코닝 PART ONE,"밀수 (5M+, 5,123,219명) / 엘리멘탈 (5M+, 7,205,607명) / 미션 임파서블: 데드 레코닝 PART ONE (<5M, 4,015,548명)",62.79978681826257,60% 이상,3535,7205607,500만+
2023-08-01,2023,3,밀수 / 엘리멘탈 / 미션 임파서블: 데드 레코닝 PART ONE,"밀수 (5M+, 5,123,219명) / 엘리멘탈 (5M+, 7,205,607명) / 미션 임파서블: 데드 레코닝 PART ONE (<5M, 4,015,548명)",60.847371107708014,60% 이상,3576,7205607,500만+
2023-08-23,2023,3,오펜하이머 / 콘크리트 유토피아 / 달짝지근해: 7510,"오펜하이머 (<5M, 3,217,162명) / 콘크리트 유토피아 (<5M, 3,845,091명) / 달짝지근해: 7510 (<5M, 1,377,749명)",62.479667449846374,60% 이상,3457,3845091,500만미만
2023-08-24,2023,3,오펜하이머 / 콘크리트 유토피아 / 달짝지근해: 7510,"오펜하이머 (<5M, 3,217,162명) / 콘크리트 유토피아 (<5M, 3,845,091명) / 달짝지근해: 7510 (<5M, 1,377,749명)",61.608608426044135,60% 이상,3378,3845091,500만미만
2023-08-25,2023,3,오펜하이머 / 콘크리트 유토피아 / 달짝지근해: 7510,"오펜하이머 (<5M, 3,217,162명) / 콘크리트 유토피아 (<5M, 3,845,091명) / 달짝지근해: 7510 (<5M, 1,377,749명)",61.66400567677843,60% 이상,3476,3845091,500만미만
2023-08-26,2023,3,오펜하이머 / 콘크리트 유토피아 / 달짝지근해: 7510,"오펜하이머 (<5M, 3,217,162명) / 콘크리트 유토피아 (<5M, 3,845,091명) / 달짝지근해: 7510 (<5M, 1,377,749명)",61.769297484822204,60% 이상,3561,3845091,500만미만
2023-08-27,2023,3,오펜하이머 / 콘크리트 유토피아 / 달짝지근해: 7510,"오펜하이머 (<5M, 3,217,162명) / 콘크리트 유토피아 (<5M, 3,845,091명) / 달짝지근해: 7510 (<5M, 1,377,749명)",62.31756637946193,60% 이상,3544,3845091,500만미만
2023-08-28,2023,3,오펜하이머 / 콘크리트 유토피아 / 달짝지근해: 7510,"오펜하이머 (<5M, 3,217,162명) / 콘크리트 유토피아 (<5M, 3,845,091명) / 달짝지근해: 7510 (<5M, 1,377,749명)",65.11027220345719,60% 이상,3277,3845091,500만미만
2023-08-29,2023,3,오펜하이머 / 콘크리트 유토피아 / 달짝지근해: 7510,"오펜하이머 (<5M, 3,217,162명) / 콘크리트 유토피아 (<5M, 3,845,091명) / 달짝지근해: 7510 (<5M, 1,377,749명)",64.45561786888416,60% 이상,3333,3845091,500만미만
2023-09-27,2023,3,천박사 퇴마 연구소: 설경의 비밀 / 1947 보스톤 / 거미집,"천박사 퇴마 연구소: 설경의 비밀 (<5M, 1,909,031명) / 1947 보스톤 (<5M, 1,012,420명) / 거미집 (<5M, 311,013명)",66.40162721893492,60% 이상,3591,1909031,500만미만
2023-09-28,2023,3,천박사 퇴마 연구소: 설경의 비밀 / 1947 보스톤 / 거미집,"천박사 퇴마 연구소: 설경의 비밀 (<5M, 1,909,031명) / 1947 보스톤 (<5M, 1,012,420명) / 거미집 (<5M, 311,013명)",60.50560857190691,60% 이상,3614,1909031,500만미만
2023-10-25,2023,3,그대들은 어떻게 살 것인가 / 용감한 시민 / 30일,"그대들은 어떻게 살 것인가 (<5M, 1,996,953명) / 용감한 시민 (<5M, 263,384명) / 30일 (<5M, 2,163,199명)",71.7103836982441,70% 이상,3308,2163199,500만미만
2023-10-26,2023,2,그대들은 어떻게 살 것인가 / 용감한 시민,"그대들은 어떻게 살 것인가 (<5M, 1,996,953명) / 용감한 시민 (<5M, 263,384명)",60.15644096797849,60% 이상,2461,1996953,500만미만
2023-10-26,2023,3,그대들은 어떻게 살 것인가 / 용감한 시민 / 30일,"그대들은 어떻게 살 것인가 (<5M, 1,996,953명) / 용감한 시민 (<5M, 263,384명) / 30일 (<5M, 2,163,199명)",76.06942067954046,70% 이상,3112,2163199,500만미만
2023-10-27,2023,3,그대들은 어떻게 살 것인가 / 용감한 시민 / 30일,"그대들은 어떻게 살 것인가 (<5M, 1,996,953명) / 용감한 시민 (<5M, 263,384명) / 30일 (<5M, 2,163,199명)",71.25274725274726,70% 이상,3242,2163199,500만미만
2023-10-28,2023,3,그대들은 어떻게 살 것인가 / 용감한 시민 / 30일,"그대들은 어떻게 살 것인가 (<5M, 1,996,953명) / 용감한 시민 (<5M, 263,384명) / 30일 (<5M, 2,163,199명)",68.00649614291514,60% 이상,3350,2163199,500만미만
2023-10-29,2023,3,그대들은 어떻게 살 것인가 / 용감한 시민 / 30일,"그대들은 어떻게 살 것인가 (<5M, 1,996,953명) / 용감한 시민 (<5M, 263,384명) / 30일 (<5M, 2,163,199명)",65.3473184246982,60% 이상,3302,2163199,500만미만
2023-10-30,2023,3,그대들은 어떻게 살 것인가 / 용감한 시민 / 30일,"그대들은 어떻게 살 것인가 (<5M, 1,996,953명) / 용감한 시민 (<5M, 263,384명) / 30일 (<5M, 2,163,199명)",75.27620918242081,70% 이상,3066,2163199,500만미만
2023-10-31,2023,3,그대들은 어떻게 살 것인가 / 용감한 시민 / 30일,"그대들은 어떻게 살 것인가 (<5M, 1,996,953명) / 용감한 시민 (<5M, 263,384명) / 30일 (<5M, 2,163,199명)",71.61036557149467,70% 이상,3095,2163199,500만미만
2023-11-04,2023,3,그대들은 어떻게 살 것인가 / 소년들 / 30일,"그대들은 어떻게 살 것인가 (<5M, 1,996,953명) / 소년들 (<5M, 462,096명) / 30일 (<5M, 2,163,199명)",61.71335769386927,60% 이상,3040,2163199,500만미만
2023-11-05,2023,3,그대들은 어떻게 살 것인가 / 소년들 / 30일,"그대들은 어떻게 살 것인가 (<5M, 1,996,953명) / 소년들 (<5M, 462,096명) / 30일 (<5M, 2,163,199명)",61.19943650633931,60% 이상,3041,2163199,500만미만
2023-11-06,2023,3,그대들은 어떻게 살 것인가 / 소년들 / 30일,"그대들은 어떻게 살 것인가 (<5M, 1,996,953명) / 소년들 (<5M, 462,096명) / 30일 (<5M, 2,163,199명)",60.77272727272727,60% 이상,2674,2163199,500만미만
2023-11-07,2023,3,그대들은 어떻게 살 것인가 / 소년들 / 30일,"그대들은 어떻게 살 것인가 (<5M, 1,996,953명) / 소년들 (<5M, 462,096명) / 30일 (<5M, 2,163,199명)",61.06133700895934,60% 이상,2658,2163199,500만미만
2023-11-08,2023,3,더 마블스 / 그대들은 어떻게 살 것인가 / 소년들,"더 마블스 (<5M, 686,000명) / 그대들은 어떻게 살 것인가 (<5M, 1,996,953명) / 소년들 (<5M, 462,096명)",64.33094132545378,60% 이상,3048,1996953,500만미만
2023-11-09,2023,3,더 마블스 / 그대들은 어떻게 살 것인가 / 소년들,"더 마블스 (<5M, 686,000명) / 그대들은 어떻게 살 것인가 (<5M, 1,996,953명) / 소년들 (<5M, 462,096명)",65.71489452375879,60% 이상,3084,1996953,500만미만
2023-11-10,2023,3,더 마블스 / 그대들은 어떻게 살 것인가 / 소년들,"더 마블스 (<5M, 686,000명) / 그대들은 어떻게 살 것인가 (<5M, 1,996,953명) / 소년들 (<5M, 462,096명)",61.1165332812805,60% 이상,3131,1996953,500만미만
2023-11-11,2023,3,더 마블스 / 그대들은 어떻게 살 것인가 / 소년들,"더 마블스 (<5M, 686,000명) / 그대들은 어떻게 살 것인가 (<5M, 1,996,953명) / 소년들 (<5M, 462,096명)",61.82879377431907,60% 이상,3178,1996953,500만미만
2023-11-12,2023,3,더 마블스 / 그대들은 어떻게 살 것인가 / 소년들,"더 마블스 (<5M, 686,000명) / 그대들은 어떻게 살 것인가 (<5M, 1,996,953명) / 소년들 (<5M, 462,096명)",61.2502464997042,60% 이상,3106,1996953,500만미만
2023-11-13,2023,3,더 마블스 / 그대들은 어떻게 살 것인가 / 소년들,"더 마블스 (<5M, 686,000명) / 그대들은 어떻게 살 것인가 (<5M, 1,996,953명) / 소년들 (<5M, 462,096명)",64.04624277456648,60% 이상,2770,1996953,500만미만
2023-11-14,2023,3,더 마블스 / 그대들은 어떻게 살 것인가 / 소년들,"더 마블스 (<5M, 686,000명) / 그대들은 어떻게 살 것인가 (<5M, 1,996,953명) / 소년들 (<5M, 462,096명)",61.54864328259431,60% 이상,2790,1996953,500만미만
2023-11-22,2023,2,서울의 봄 / 프레디의 피자가게,"서울의 봄 (10M+, 13,119,454명) / 프레디의 피자가게 (<5M, 709,645명)",62.37442922374429,60% 이상,2732,13119454,1000만+
2023-11-22,2023,3,서울의 봄 / 프레디의 피자가게 / 그대들은 어떻게 살 것인가,"서울의 봄 (10M+, 13,119,454명) / 프레디의 피자가게 (<5M, 709,645명) / 그대들은 어떻게 살 것인가 (<5M, 1,996,953명)",73.44748858447488,70% 이상,3217,13119454,1000만+
2023-11-23,2023,3,서울의 봄 / 프레디의 피자가게 / 그대들은 어떻게 살 것인가,"서울의 봄 (10M+, 13,119,454명) / 프레디의 피자가게 (<5M, 709,645명) / 그대들은 어떻게 살 것인가 (<5M, 1,996,953명)",67.13184753176422,60% 이상,3223,13119454,1000만+
2023-11-24,2023,3,서울의 봄 / 프레디의 피자가게 / 더 마블스,"서울의 봄 (10M+, 13,119,454명) / 프레디의 피자가게 (<5M, 709,645명) / 더 마블스 (<5M, 686,000명)",67.30923694779116,60% 이상,3352,13119454,1000만+
2023-11-25,2023,3,서울의 봄 / 프레디의 피자가게 / 그대들은 어떻게 살 것인가,"서울의 봄 (10M+, 13,119,454명) / 프레디의 피자가게 (<5M, 709,645명) / 그대들은 어떻게 살 것인가 (<5M, 1,996,953명)",65.43369705936749,60% 이상,3538,13119454,1000만+
2023-11-26,2023,3,서울의 봄 / 프레디의 피자가게 / 그대들은 어떻게 살 것인가,"서울의 봄 (10M+, 13,119,454명) / 프레디의 피자가게 (<5M, 709,645명) / 그대들은 어떻게 살 것인가 (<5M, 1,996,953명)",67.42193450114243,60% 이상,3541,13119454,1000만+
2023-11-27,2023,2,서울의 봄 / 프레디의 피자가게,"서울의 봄 (10M+, 13,119,454명) / 프레디의 피자가게 (<5M, 709,645명)",60.63569682151589,60% 이상,2728,13119454,1000만+
2023-11-27,2023,3,서울의 봄 / 프레디의 피자가게 / 그대들은 어떻게 살 것인가,"서울의 봄 (10M+, 13,119,454명) / 프레디의 피자가게 (<5M, 709,645명) / 그대들은 어떻게 살 것인가 (<5M, 1,996,953명)",71.1713714158702,70% 이상,3202,13119454,1000만+
2023-11-28,2023,3,서울의 봄 / 프레디의 피자가게 / 그대들은 어떻게 살 것인가,"서울의 봄 (10M+, 13,119,454명) / 프레디의 피자가게 (<5M, 709,645명) / 그대들은 어떻게 살 것인가 (<5M, 1,996,953명)",69.90849116833368,60% 이상,3285,13119454,1000만+
2023-11-29,2023,2,서울의 봄 / 싱글 인 서울,"서울의 봄 (10M+, 13,119,454명) / 싱글 인 서울 (<5M, 390,229명)",64.31672524291916,60% 이상,3111,13119454,1000만+
2023-11-29,2023,3,서울의 봄 / 싱글 인 서울 / 괴물,"서울의 봄 (10M+, 13,119,454명) / 싱글 인 서울 (<5M, 390,229명) / 괴물 (<5M, 564,291명)",77.692784783957,70% 이상,3758,13119454,1000만+
2023-11-30,2023,3,서울의 봄 / 싱글 인 서울 / 괴물,"서울의 봄 (10M+, 13,119,454명) / 싱글 인 서울 (<5M, 390,229명) / 괴물 (<5M, 564,291명)",69.80111990731803,60% 이상,3615,13119454,1000만+
2023-12-01,2023,2,서울의 봄 / 싱글 인 서울,"서울의 봄 (10M+, 13,119,454명) / 싱글 인 서울 (<5M, 390,229명)",60.91556068474707,60% 이상,3167,13119454,1000만+
2023-12-01,2023,3,서울의 봄 / 싱글 인 서울 / 괴물,"서울의 봄 (10M+, 13,119,454명) / 싱글 인 서울 (<5M, 390,229명) / 괴물 (<5M, 564,291명)",72.82169648009233,70% 이상,3786,13119454,1000만+
2023-12-02,2023,3,서울의 봄 / 싱글 인 서울 / 괴물,"서울의 봄 (10M+, 13,119,454명) / 싱글 인 서울 (<5M, 390,229명) / 괴물 (<5M, 564,291명)",69.98198198198199,60% 이상,3884,13119454,1000만+
2023-12-03,2023,3,서울의 봄 / 싱글 인 서울 / 괴물,"서울의 봄 (10M+, 13,119,454명) / 싱글 인 서울 (<5M, 390,229명) / 괴물 (<5M, 564,291명)",67.05539358600583,60% 이상,3910,13119454,1000만+
2023-12-04,2023,2,서울의 봄 / 싱글 인 서울,"서울의 봄 (10M+, 13,119,454명) / 싱글 인 서울 (<5M, 390,229명)",65.38294168842472,60% 이상,3005,13119454,1000만+
2023-12-04,2023,3,서울의 봄 / 싱글 인 서울 / 괴물,"서울의 봄 (10M+, 13,119,454명) / 싱글 인 서울 (<5M, 390,229명) / 괴물 (<5M, 564,291명)",78.59007832898172,70% 이상,3612,13119454,1000만+
2023-12-05,2023,2,서울의 봄 / 싱글 인 서울,"서울의 봄 (10M+, 13,119,454명) / 싱글 인 서울 (<5M, 390,229명)",66.47135416666666,60% 이상,3063,13119454,1000만+
2023-12-05,2023,3,서울의 봄 / 싱글 인 서울 / 괴물,"서울의 봄 (10M+, 13,119,454명) / 싱글 인 서울 (<5M, 390,229명) / 괴물 (<5M, 564,291명)",79.83940972222221,70% 이상,3679,13119454,1000만+
2023-12-06,2023,3,서울의 봄 / 나폴레옹 / 3일의 휴가,"서울의 봄 (10M+, 13,119,454명) / 나폴레옹 (<5M, 220,345명) / 3일의 휴가 (<5M, 496,721명)",71.95767195767195,70% 이상,3536,13119454,1000만+
2023-12-07,2023,3,서울의 봄 / 나폴레옹 / 3일의 휴가,"서울의 봄 (10M+, 13,119,454명) / 나폴레옹 (<5M, 220,345명) / 3일의 휴가 (<5M, 496,721명)",70.62895569620252,70% 이상,3571,13119454,1000만+
2023-12-08,2023,3,서울의 봄 / 3일의 휴가 / 나폴레옹,"서울의 봄 (10M+, 13,119,454명) / 3일의 휴가 (<5M, 496,721명) / 나폴레옹 (<5M, 220,345명)",71.10266159695817,70% 이상,3740,13119454,1000만+
2023-12-09,2023,3,서울의 봄 / 3일의 휴가 / 나폴레옹,"서울의 봄 (10M+, 13,119,454명) / 3일의 휴가 (<5M, 496,721명) / 나폴레옹 (<5M, 220,345명)",66.99095408772828,60% 이상,3925,13119454,1000만+
2023-12-10,2023,3,서울의 봄 / 3일의 휴가 / 나폴레옹,"서울의 봄 (10M+, 13,119,454명) / 3일의 휴가 (<5M, 496,721명) / 나폴레옹 (<5M, 220,345명)",64.25144747725393,60% 이상,3884,13119454,1000만+
2023-12-11,2023,3,서울의 봄 / 3일의 휴가 / 나폴레옹,"서울의 봄 (10M+, 13,119,454명) / 3일의 휴가 (<5M, 496,721명) / 나폴레옹 (<5M, 220,345명)",71.8058094657729,70% 이상,3535,13119454,1000만+
2023-12-12,2023,3,서울의 봄 / 3일의 휴가 / 나폴레옹,"서울의 봄 (10M+, 13,119,454명) / 3일의 휴가 (<5M, 496,721명) / 나폴레옹 (<5M, 220,345명)",72.60083449235049,70% 이상,3654,13119454,1000만+
2023-12-16,2023,3,서울의 봄 / 뽀로로 극장판 슈퍼스타 대모험 / 3일의 휴가,"서울의 봄 (10M+, 13,119,454명) / 뽀로로 극장판 슈퍼스타 대모험 (<5M, 360,514명) / 3일의 휴가 (<5M, 496,721명)",62.492172824045085,60% 이상,3992,13119454,1000만+
2023-12-17,2023,3,서울의 봄 / 뽀로로 극장판 슈퍼스타 대모험 / 3일의 휴가,"서울의 봄 (10M+, 13,119,454명) / 뽀로로 극장판 슈퍼스타 대모험 (<5M, 360,514명) / 3일의 휴가 (<5M, 496,721명)",62.41021548284118,60% 이상,3910,13119454,1000만+
2023-12-18,2023,3,서울의 봄 / 3일의 휴가 / 쏘우 X,"서울의 봄 (10M+, 13,119,454명) / 3일의 휴가 (<5M, 496,721명) / 쏘우 X (<5M, 60,005명)",61.47571375602521,60% 이상,3316,13119454,1000만+
2023-12-19,2023,3,서울의 봄 / 3일의 휴가 / 나폴레옹,"서울의 봄 (10M+, 13,119,454명) / 3일의 휴가 (<5M, 496,721명) / 나폴레옹 (<5M, 220,345명)",60.25595449697832,60% 이상,3390,13119454,1000만+
2023-12-20,2023,3,노량: 죽음의 바다 / 서울의 봄 / 아쿠아맨과 로스트 킹덤,"노량: 죽음의 바다 (<5M, 4,560,367명) / 서울의 봄 (10M+, 13,119,454명) / 아쿠아맨과 로스트 킹덤 (<5M, 856,506명)",76.36012636012636,70% 이상,4351,13119454,1000만+
2023-12-21,2023,3,노량: 죽음의 바다 / 서울의 봄 / 아쿠아맨과 로스트 킹덤,"노량: 죽음의 바다 (<5M, 4,560,367명) / 서울의 봄 (10M+, 13,119,454명) / 아쿠아맨과 로스트 킹덤 (<5M, 856,506명)",76.77068723702665,70% 이상,4379,13119454,1000만+
2023-12-22,2023,3,노량: 죽음의 바다 / 서울의 봄 / 아쿠아맨과 로스트 킹덤,"노량: 죽음의 바다 (<5M, 4,560,367명) / 서울의 봄 (10M+, 13,119,454명) / 아쿠아맨과 로스트 킹덤 (<5M, 856,506명)",69.36630602782071,60% 이상,4488,13119454,1000만+
2023-12-23,2023,3,노량: 죽음의 바다 / 서울의 봄 / 아쿠아맨과 로스트 킹덤,"노량: 죽음의 바다 (<5M, 4,560,367명) / 서울의 봄 (10M+, 13,119,454명) / 아쿠아맨과 로스트 킹덤 (<5M, 856,506명)",61.33295438397044,60% 이상,4316,13119454,1000만+
2023-12-24,2023,3,노량: 죽음의 바다 / 서울의 봄 / 아쿠아맨과 로스트 킹덤,"노량: 죽음의 바다 (<5M, 4,560,367명) / 서울의 봄 (10M+, 13,119,454명) / 아쿠아맨과 로스트 킹덤 (<5M, 856,506명)",61.075238629983154,60% 이상,4351,13119454,1000만+
2023-12-25,2023,3,노량: 죽음의 바다 / 서울의 봄 / 신차원! 짱구는 못말려 더 무비 초능력 대결전 ~날아라 수제김밥~,"노량: 죽음의 바다 (<5M, 4,560,367명) / 서울의 봄 (10M+, 13,119,454명) / 신차원! 짱구는 못말려 더 무비 초능력 대결전 ~날아라 수제김밥~ (<5M, 944,400명)",60.16295025728988,60% 이상,4209,13119454,1000만+
2023-12-26,2023,3,노량: 죽음의 바다 / 서울의 봄 / 아쿠아맨과 로스트 킹덤,"노량: 죽음의 바다 (<5M, 4,560,367명) / 서울의 봄 (10M+, 13,119,454명) / 아쿠아맨과 로스트 킹덤 (<5M, 856,506명)",66.18543471286493,60% 이상,4126,13119454,1000만+
2023-12-27,2023,3,노량: 죽음의 바다 / 서울의 봄 / 아쿠아맨과 로스트 킹덤,"노량: 죽음의 바다 (<5M, 4,560,367명) / 서울의 봄 (10M+, 13,119,454명) / 아쿠아맨과 로스트 킹덤 (<5M, 856,506명)",64.10063272069901,60% 이상,4255,13119454,1000만+
2023-12-28,2023,3,노량: 죽음의 바다 / 서울의 봄 / 아쿠아맨과 로스트 킹덤,"노량: 죽음의 바다 (<5M, 4,560,367명) / 서울의 봄 (10M+, 13,119,454명) / 아쿠아맨과 로스트 킹덤 (<5M, 856,506명)",63.802004251442455,60% 이상,4202,13119454,1000만+
2023-12-29,2023,3,노량: 죽음의 바다 / 서울의 봄 / 아쿠아맨과 로스트 킹덤,"노량: 죽음의 바다 (<5M, 4,560,367명) / 서울의 봄 (10M+, 13,119,454명) / 아쿠아맨과 로스트 킹덤 (<5M, 856,506명)",63.74631268436579,60% 이상,4322,13119454,1000만+
2023-12-30,2023,3,노량: 죽음의 바다 / 서울의 봄 / 아쿠아맨과 로스트 킹덤,"노량: 죽음의 바다 (<5M, 4,560,367명) / 서울의 봄 (10M+, 13,119,454명) / 아쿠아맨과 로스트 킹덤 (<5M, 856,506명)",60.404949381327334,60% 이상,4296,13119454,1000만+
2023-12-31,2023,3,노량: 죽음의 바다 / 서울의 봄 / 아쿠아맨과 로스트 킹덤,"노량: 죽음의 바다 (<5M, 4,560,367명) / 서울의 봄 (10M+, 13,119,454명) / 아쿠아맨과 로스트 킹덤 (<5M, 856,506명)",60.24975445488985,60% 이상,4294,13119454,1000만+
2024-01-01,2024,3,노량: 죽음의 바다 / 서울의 봄 / 신차원! 짱구는 못말려 더 무비 초능력 대결전 ~날아라 수제김밥~,"노량: 죽음의 바다 (<5M, 4,560,367명) / 서울의 봄 (10M+, 13,119,454명) / 신차원! 짱구는 못말려 더 무비 초능력 대결전 ~날아라 수제김밥~ (<5M, 944,400명)",60.84663834773693,60% 이상,4154,13119454,1000만+
2024-01-02,2024,3,노량: 죽음의 바다 / 서울의 봄 / 아쿠아맨과 로스트 킹덤,"노량: 죽음의 바다 (<5M, 4,560,367명) / 서울의 봄 (10M+, 13,119,454명) / 아쿠아맨과 로스트 킹덤 (<5M, 856,506명)",64.22287390029327,60% 이상,3942,13119454,1000만+
2024-01-03,2024,3,노량: 죽음의 바다 / 서울의 봄 / 위시,"노량: 죽음의 바다 (<5M, 4,560,367명) / 서울의 봄 (10M+, 13,119,454명) / 위시 (<5M, 1,391,091명)",65.87381916329285,60% 이상,3905,13119454,1000만+
2024-01-04,2024,3,노량: 죽음의 바다 / 서울의 봄 / 위시,"노량: 죽음의 바다 (<5M, 4,560,367명) / 서울의 봄 (10M+, 13,119,454명) / 위시 (<5M, 1,391,091명)",64.10171730515191,60% 이상,3882,13119454,1000만+
2024-01-05,2024,3,노량: 죽음의 바다 / 위시 / 서울의 봄,"노량: 죽음의 바다 (<5M, 4,560,367명) / 위시 (<5M, 1,391,091명) / 서울의 봄 (10M+, 13,119,454명)",64.4448030987734,60% 이상,3993,13119454,1000만+
2024-01-06,2024,3,위시 / 노량: 죽음의 바다 / 서울의 봄,"위시 (<5M, 1,391,091명) / 노량: 죽음의 바다 (<5M, 4,560,367명) / 서울의 봄 (10M+, 13,119,454명)",63.34514092099184,60% 이상,4113,13119454,1000만+
2024-01-07,2024,3,위시 / 노량: 죽음의 바다 / 서울의 봄,"위시 (<5M, 1,391,091명) / 노량: 죽음의 바다 (<5M, 4,560,367명) / 서울의 봄 (10M+, 13,119,454명)",63.574309649394976,60% 이상,4098,13119454,1000만+
2024-01-08,2024,3,노량: 죽음의 바다 / 위시 / 서울의 봄,"노량: 죽음의 바다 (<5M, 4,560,367명) / 위시 (<5M, 1,391,091명) / 서울의 봄 (10M+, 13,119,454명)",64.3562610229277,60% 이상,3649,13119454,1000만+
2024-01-09,2024,3,노량: 죽음의 바다 / 위시 / 서울의 봄,"노량: 죽음의 바다 (<5M, 4,560,367명) / 위시 (<5M, 1,391,091명) / 서울의 봄 (10M+, 13,119,454명)",64.54592992853408,60% 이상,3703,13119454,1000만+
2024-01-31,2024,3,웡카 / 시민덕희 / 외계+인 2부,"웡카 (<5M, 3,526,209명) / 시민덕희 (<5M, 1,708,356명) / 외계+인 2부 (<5M, 1,417,030명)",66.0481642321358,60% 이상,3346,3526209,500만미만
2024-02-01,2024,3,웡카 / 시민덕희 / 외계+인 2부,"웡카 (<5M, 3,526,209명) / 시민덕희 (<5M, 1,708,356명) / 외계+인 2부 (<5M, 1,417,030명)",66.91403834260977,60% 이상,3246,3526209,500만미만
2024-02-02,2024,3,웡카 / 시민덕희 / 외계+인 2부,"웡카 (<5M, 3,526,209명) / 시민덕희 (<5M, 1,708,356명) / 외계+인 2부 (<5M, 1,417,030명)",65.76968737633558,60% 이상,3324,3526209,500만미만
2024-02-03,2024,3,웡카 / 시민덕희 / 외계+인 2부,"웡카 (<5M, 3,526,209명) / 시민덕희 (<5M, 1,708,356명) / 외계+인 2부 (<5M, 1,417,030명)",61.94581280788178,60% 이상,3521,3526209,500만미만
2024-02-04,2024,3,웡카 / 시민덕희 / 외계+인 2부,"웡카 (<5M, 3,526,209명) / 시민덕희 (<5M, 1,708,356명) / 외계+인 2부 (<5M, 1,417,030명)",61.93937245169296,60% 이상,3494,3526209,500만미만
2024-02-05,2024,3,웡카 / 시민덕희 / 외계+인 2부,"웡카 (<5M, 3,526,209명) / 시민덕희 (<5M, 1,708,356명) / 외계+인 2부 (<5M, 1,417,030명)",65.96869712351946,60% 이상,3119,3526209,500만미만
2024-02-06,2024,3,웡카 / 시민덕희 / 외계+인 2부,"웡카 (<5M, 3,526,209명) / 시민덕희 (<5M, 1,708,356명) / 외계+인 2부 (<5M, 1,417,030명)",66.25973479267522,60% 이상,3148,3526209,500만미만
2024-02-22,2024,3,파묘 / 웡카 / 건국전쟁,"파묘 (10M+, 11,902,097명) / 웡카 (<5M, 3,526,209명) / 건국전쟁 (<5M, 1,169,975명)",66.6469077257459,60% 이상,3373,11902097,1000만+
2024-02-23,2024,3,파묘 / 웡카 / 건국전쟁,"파묘 (10M+, 11,902,097명) / 웡카 (<5M, 3,526,209명) / 건국전쟁 (<5M, 1,169,975명)",68.03661498225294,60% 이상,3642,11902097,1000만+
2024-02-24,2024,3,파묘 / 웡카 / 건국전쟁,"파묘 (10M+, 11,902,097명) / 웡카 (<5M, 3,526,209명) / 건국전쟁 (<5M, 1,169,975명)",71.28463476070529,70% 이상,3962,11902097,1000만+
2024-02-25,2024,3,파묘 / 웡카 / 건국전쟁,"파묘 (10M+, 11,902,097명) / 웡카 (<5M, 3,526,209명) / 건국전쟁 (<5M, 1,169,975명)",70.36705461056401,70% 이상,3930,11902097,1000만+
2024-02-26,2024,3,파묘 / 웡카 / 건국전쟁,"파묘 (10M+, 11,902,097명) / 웡카 (<5M, 3,526,209명) / 건국전쟁 (<5M, 1,169,975명)",70.63219551605737,70% 이상,3497,11902097,1000만+
2024-02-27,2024,3,파묘 / 웡카 / 건국전쟁,"파묘 (10M+, 11,902,097명) / 웡카 (<5M, 3,526,209명) / 건국전쟁 (<5M, 1,169,975명)",71.38282969781869,70% 이상,3567,11902097,1000만+
2024-02-28,2024,2,파묘 / 듄: 파트2,"파묘 (10M+, 11,902,097명) / 듄: 파트2 (<5M, 2,010,321명)",66.13307618129218,60% 이상,3429,11902097,1000만+
2024-02-28,2024,3,파묘 / 듄: 파트2 / 웡카,"파묘 (10M+, 11,902,097명) / 듄: 파트2 (<5M, 2,010,321명) / 웡카 (<5M, 3,526,209명)",78.57280617164898,70% 이상,4074,11902097,1000만+
2024-02-29,2024,2,파묘 / 듄: 파트2,"파묘 (10M+, 11,902,097명) / 듄: 파트2 (<5M, 2,010,321명)",65.625,60% 이상,3465,11902097,1000만+
2024-02-29,2024,3,파묘 / 듄: 파트2 / 웡카,"파묘 (10M+, 11,902,097명) / 듄: 파트2 (<5M, 2,010,321명) / 웡카 (<5M, 3,526,209명)",77.85984848484848,70% 이상,4111,11902097,1000만+
2024-03-01,2024,2,파묘 / 듄: 파트2,"파묘 (10M+, 11,902,097명) / 듄: 파트2 (<5M, 2,010,321명)",62.56694037843627,60% 이상,3505,11902097,1000만+
2024-03-01,2024,3,파묘 / 듄: 파트2 / 웡카,"파묘 (10M+, 11,902,097명) / 듄: 파트2 (<5M, 2,010,321명) / 웡카 (<5M, 3,526,209명)",74.0985362370582,70% 이상,4151,11902097,1000만+
2024-03-02,2024,2,파묘 / 듄: 파트2,"파묘 (10M+, 11,902,097명) / 듄: 파트2 (<5M, 2,010,321명)",62.0652945351313,60% 이상,3498,11902097,1000만+
2024-03-02,2024,3,파묘 / 듄: 파트2 / 웡카,"파묘 (10M+, 11,902,097명) / 듄: 파트2 (<5M, 2,010,321명) / 웡카 (<5M, 3,526,209명)",74.39673527324344,70% 이상,4193,11902097,1000만+
2024-03-03,2024,2,파묘 / 듄: 파트2,"파묘 (10M+, 11,902,097명) / 듄: 파트2 (<5M, 2,010,321명)",61.7967494195392,60% 이상,3460,11902097,1000만+
2024-03-03,2024,3,파묘 / 듄: 파트2 / 웡카,"파묘 (10M+, 11,902,097명) / 듄: 파트2 (<5M, 2,010,321명) / 웡카 (<5M, 3,526,209명)",74.12037863904268,70% 이상,4150,11902097,1000만+
2024-03-04,2024,2,파묘 / 듄: 파트2,"파묘 (10M+, 11,902,097명) / 듄: 파트2 (<5M, 2,010,321명)",64.03614457831326,60% 이상,3189,11902097,1000만+
2024-03-04,2024,3,파묘 / 듄: 파트2 / 웡카,"파묘 (10M+, 11,902,097명) / 듄: 파트2 (<5M, 2,010,321명) / 웡카 (<5M, 3,526,209명)",75.96385542168674,70% 이상,3783,11902097,1000만+
2024-03-05,2024,2,파묘 / 듄: 파트2,"파묘 (10M+, 11,902,097명) / 듄: 파트2 (<5M, 2,010,321명)",65.72646103896103,60% 이상,3239,11902097,1000만+
2024-03-05,2024,3,파묘 / 듄: 파트2 / 웡카,"파묘 (10M+, 11,902,097명) / 듄: 파트2 (<5M, 2,010,321명) / 웡카 (<5M, 3,526,209명)",77.6176948051948,70% 이상,3825,11902097,1000만+
2024-03-06,2024,3,파묘 / 듄: 파트2 / 패스트 라이브즈,"파묘 (10M+, 11,902,097명) / 듄: 파트2 (<5M, 2,010,321명) / 패스트 라이브즈 (<5M, 114,943명)",66.36697247706422,60% 이상,3617,11902097,1000만+
2024-03-07,2024,3,파묘 / 듄: 파트2 / 패스트 라이브즈,"파묘 (10M+, 11,902,097명) / 듄: 파트2 (<5M, 2,010,321명) / 패스트 라이브즈 (<5M, 114,943명)",67.04545454545455,60% 이상,3599,11902097,1000만+
2024-03-08,2024,3,파묘 / 듄: 파트2 / 패스트 라이브즈,"파묘 (10M+, 11,902,097명) / 듄: 파트2 (<5M, 2,010,321명) / 패스트 라이브즈 (<5M, 114,943명)",65.94766619519095,60% 이상,3730,11902097,1000만+
2024-03-09,2024,3,파묘 / 듄: 파트2 / 웡카,"파묘 (10M+, 11,902,097명) / 듄: 파트2 (<5M, 2,010,321명) / 웡카 (<5M, 3,526,209명)",61.8713259307642,60% 이상,3789,11902097,1000만+
2024-03-10,2024,3,파묘 / 듄: 파트2 / 웡카,"파묘 (10M+, 11,902,097명) / 듄: 파트2 (<5M, 2,010,321명) / 웡카 (<5M, 3,526,209명)",62.53910752511115,60% 이상,3798,11902097,1000만+
2024-03-11,2024,3,파묘 / 듄: 파트2 / 패스트 라이브즈,"파묘 (10M+, 11,902,097명) / 듄: 파트2 (<5M, 2,010,321명) / 패스트 라이브즈 (<5M, 114,943명)",66.58892128279884,60% 이상,3426,11902097,1000만+
2024-03-12,2024,3,파묘 / 듄: 파트2 / 패스트 라이브즈,"파묘 (10M+, 11,902,097명) / 듄: 파트2 (<5M, 2,010,321명) / 패스트 라이브즈 (<5M, 114,943명)",68.97910918407568,60% 이상,3500,11902097,1000만+
2024-03-14,2024,3,파묘 / 듄: 파트2 / 밥 말리: 원 러브,"파묘 (10M+, 11,902,097명) / 듄: 파트2 (<5M, 2,010,321명) / 밥 말리: 원 러브 (<5M, 33,938명)",63.27324866857845,60% 이상,3089,11902097,1000만+
2024-03-15,2024,3,파묘 / 듄: 파트2 / 밥 말리: 원 러브,"파묘 (10M+, 11,902,097명) / 듄: 파트2 (<5M, 2,010,321명) / 밥 말리: 원 러브 (<5M, 33,938명)",63.4638196915777,60% 이상,3210,11902097,1000만+
2024-03-16,2024,3,파묘 / 듄: 파트2 / 밥 말리: 원 러브,"파묘 (10M+, 11,902,097명) / 듄: 파트2 (<5M, 2,010,321명) / 밥 말리: 원 러브 (<5M, 33,938명)",61.30025353132923,60% 이상,3385,11902097,1000만+
2024-03-17,2024,3,파묘 / 듄: 파트2 / 웡카,"파묘 (10M+, 11,902,097명) / 듄: 파트2 (<5M, 2,010,321명) / 웡카 (<5M, 3,526,209명)",61.08671789242591,60% 이상,3339,11902097,1000만+
2024-03-19,2024,3,파묘 / 듄: 파트2 / 밥 말리: 원 러브,"파묘 (10M+, 11,902,097명) / 듄: 파트2 (<5M, 2,010,321명) / 밥 말리: 원 러브 (<5M, 33,938명)",64.83446519524618,60% 이상,3055,11902097,1000만+
2024-03-20,2024,3,파묘 / 극장판 스파이 패밀리 코드 : 화이트 / 듄: 파트2,"파묘 (10M+, 11,902,097명) / 극장판 스파이 패밀리 코드 : 화이트 (<5M, 261,502명) / 듄: 파트2 (<5M, 2,010,321명)",68.82819015846539,60% 이상,3301,11902097,1000만+
2024-03-21,2024,3,파묘 / 극장판 스파이 패밀리 코드 : 화이트 / 듄: 파트2,"파묘 (10M+, 11,902,097명) / 극장판 스파이 패밀리 코드 : 화이트 (<5M, 261,502명) / 듄: 파트2 (<5M, 2,010,321명)",70.08232235701907,70% 이상,3235,11902097,1000만+
2024-03-22,2024,3,파묘 / 극장판 스파이 패밀리 코드 : 화이트 / 듄: 파트2,"파묘 (10M+, 11,902,097명) / 극장판 스파이 패밀리 코드 : 화이트 (<5M, 261,502명) / 듄: 파트2 (<5M, 2,010,321명)",73.35355285961872,70% 이상,3386,11902097,1000만+
2024-03-23,2024,3,파묘 / 듄: 파트2 / 극장판 스파이 패밀리 코드 : 화이트,"파묘 (10M+, 11,902,097명) / 듄: 파트2 (<5M, 2,010,321명) / 극장판 스파이 패밀리 코드 : 화이트 (<5M, 261,502명)",65.96477794793262,60% 이상,3446,11902097,1000만+
2024-03-24,2024,3,파묘 / 듄: 파트2 / 극장판 스파이 패밀리 코드 : 화이트,"파묘 (10M+, 11,902,097명) / 듄: 파트2 (<5M, 2,010,321명) / 극장판 스파이 패밀리 코드 : 화이트 (<5M, 261,502명)",66.36310792482077,60% 이상,3425,11902097,1000만+
2024-03-25,2024,3,파묘 / 듄: 파트2 / 극장판 스파이 패밀리 코드 : 화이트,"파묘 (10M+, 11,902,097명) / 듄: 파트2 (<5M, 2,010,321명) / 극장판 스파이 패밀리 코드 : 화이트 (<5M, 261,502명)",70.8589655958077,70% 이상,3110,11902097,1000만+
2024-03-26,2024,3,파묘 / 듄: 파트2 / 극장판 스파이 패밀리 코드 : 화이트,"파묘 (10M+, 11,902,097명) / 듄: 파트2 (<5M, 2,010,321명) / 극장판 스파이 패밀리 코드 : 화이트 (<5M, 261,502명)",69.73509933774835,60% 이상,3159,11902097,1000만+
2024-03-27,2024,3,댓글부대 / 파묘 / 고질라 X 콩: 뉴 엠파이어,"댓글부대 (<5M, 970,344명) / 파묘 (10M+, 11,902,097명) / 고질라 X 콩: 뉴 엠파이어 (<5M, 506,726명)",63.89148737137512,60% 이상,3415,11902097,1000만+
2024-03-28,2024,3,파묘 / 댓글부대 / 고질라 X 콩: 뉴 엠파이어,"파묘 (10M+, 11,902,097명) / 댓글부대 (<5M, 970,344명) / 고질라 X 콩: 뉴 엠파이어 (<5M, 506,726명)",65.68529938333002,60% 이상,3302,11902097,1000만+
2024-03-29,2024,3,파묘 / 댓글부대 / 고질라 X 콩: 뉴 엠파이어,"파묘 (10M+, 11,902,097명) / 댓글부대 (<5M, 970,344명) / 고질라 X 콩: 뉴 엠파이어 (<5M, 506,726명)",65.17170200788141,60% 이상,3473,11902097,1000만+
2024-03-30,2024,3,파묘 / 댓글부대 / 고질라 X 콩: 뉴 엠파이어,"파묘 (10M+, 11,902,097명) / 댓글부대 (<5M, 970,344명) / 고질라 X 콩: 뉴 엠파이어 (<5M, 506,726명)",63.6692599963814,60% 이상,3519,11902097,1000만+
2024-03-31,2024,3,파묘 / 댓글부대 / 고질라 X 콩: 뉴 엠파이어,"파묘 (10M+, 11,902,097명) / 댓글부대 (<5M, 970,344명) / 고질라 X 콩: 뉴 엠파이어 (<5M, 506,726명)",64.1257225433526,60% 이상,3550,11902097,1000만+
2024-04-01,2024,3,파묘 / 댓글부대 / 고질라 X 콩: 뉴 엠파이어,"파묘 (10M+, 11,902,097명) / 댓글부대 (<5M, 970,344명) / 고질라 X 콩: 뉴 엠파이어 (<5M, 506,726명)",66.47448216954943,60% 이상,3113,11902097,1000만+
2024-04-02,2024,3,파묘 / 댓글부대 / 고질라 X 콩: 뉴 엠파이어,"파묘 (10M+, 11,902,097명) / 댓글부대 (<5M, 970,344명) / 고질라 X 콩: 뉴 엠파이어 (<5M, 506,726명)",68.13330429100415,60% 이상,3128,11902097,1000만+
2024-04-10,2024,3,쿵푸팬더4 / 파묘 / 댓글부대,"쿵푸팬더4 (<5M, 1,766,417명) / 파묘 (10M+, 11,902,097명) / 댓글부대 (<5M, 970,344명)",63.88015229266677,60% 이상,3859,11902097,1000만+
2024-04-11,2024,3,쿵푸팬더4 / 파묘 / 댓글부대,"쿵푸팬더4 (<5M, 1,766,417명) / 파묘 (10M+, 11,902,097명) / 댓글부대 (<5M, 970,344명)",61.12101406219053,60% 이상,3086,11902097,1000만+
2024-04-12,2024,3,쿵푸팬더4 / 파묘 / 댓글부대,"쿵푸팬더4 (<5M, 1,766,417명) / 파묘 (10M+, 11,902,097명) / 댓글부대 (<5M, 970,344명)",60.67373906569886,60% 이상,3260,11902097,1000만+
2024-04-13,2024,3,쿵푸팬더4 / 파묘 / 댓글부대,"쿵푸팬더4 (<5M, 1,766,417명) / 파묘 (10M+, 11,902,097명) / 댓글부대 (<5M, 970,344명)",64.22287390029325,60% 이상,3723,11902097,1000만+
2024-04-14,2024,3,쿵푸팬더4 / 파묘 / 댓글부대,"쿵푸팬더4 (<5M, 1,766,417명) / 파묘 (10M+, 11,902,097명) / 댓글부대 (<5M, 970,344명)",62.769230769230774,60% 이상,3672,11902097,1000만+
2024-04-15,2024,3,쿵푸팬더4 / 파묘 / 댓글부대,"쿵푸팬더4 (<5M, 1,766,417명) / 파묘 (10M+, 11,902,097명) / 댓글부대 (<5M, 970,344명)",61.81168558217738,60% 이상,2941,11902097,1000만+
2024-04-16,2024,3,쿵푸팬더4 / 파묘 / 댓글부대,"쿵푸팬더4 (<5M, 1,766,417명) / 파묘 (10M+, 11,902,097명) / 댓글부대 (<5M, 970,344명)",65.7271702367531,60% 이상,2915,11902097,1000만+
2024-04-17,2024,3,쿵푸팬더4 / 파묘 / 고스트버스터즈: 오싹한 뉴욕,"쿵푸팬더4 (<5M, 1,766,417명) / 파묘 (10M+, 11,902,097명) / 고스트버스터즈: 오싹한 뉴욕 (<5M, 50,743명)",63.17559452318039,60% 이상,2630,11902097,1000만+
2024-04-22,2024,3,쿵푸팬더4 / 파묘 / 댓글부대,"쿵푸팬더4 (<5M, 1,766,417명) / 파묘 (10M+, 11,902,097명) / 댓글부대 (<5M, 970,344명)",61.8510158013544,60% 이상,2466,11902097,1000만+
2024-04-23,2024,3,쿵푸팬더4 / 파묘 / 댓글부대,"쿵푸팬더4 (<5M, 1,766,417명) / 파묘 (10M+, 11,902,097명) / 댓글부대 (<5M, 970,344명)",62.509467306235805,60% 이상,2476,11902097,1000만+
2024-04-24,2024,1,범죄도시4,"범죄도시4 (10M+, 11,495,435명)",62.18166383701188,60% 이상,2930,11495435,1000만+
2024-04-24,2024,2,범죄도시4 / 쿵푸팬더4,"범죄도시4 (10M+, 11,495,435명) / 쿵푸팬더4 (<5M, 1,766,417명)",73.2597623089983,70% 이상,3452,11495435,1000만+
2024-04-24,2024,3,범죄도시4 / 쿵푸팬더4 / 파묘,"범죄도시4 (10M+, 11,495,435명) / 쿵푸팬더4 (<5M, 1,766,417명) / 파묘 (10M+, 11,902,097명)",83.67996604414262,70% 이상,3943,11902097,1000만+
2024-04-25,2024,1,범죄도시4,"범죄도시4 (10M+, 11,495,435명)",60.76003415883861,60% 이상,2846,11495435,1000만+
2024-04-25,2024,2,범죄도시4 / 쿵푸팬더4,"범죄도시4 (10M+, 11,495,435명) / 쿵푸팬더4 (<5M, 1,766,417명)",71.84030742954741,70% 이상,3365,11495435,1000만+
2024-04-25,2024,3,범죄도시4 / 쿵푸팬더4 / 파묘,"범죄도시4 (10M+, 11,495,435명) / 쿵푸팬더4 (<5M, 1,766,417명) / 파묘 (10M+, 11,902,097명)",82.04526046114432,70% 이상,3843,11902097,1000만+
2024-04-26,2024,2,범죄도시4 / 쿵푸팬더4,"범죄도시4 (10M+, 11,495,435명) / 쿵푸팬더4 (<5M, 1,766,417명)",71.58855246785566,70% 이상,3452,11495435,1000만+
2024-04-26,2024,3,범죄도시4 / 쿵푸팬더4 / 파묘,"범죄도시4 (10M+, 11,495,435명) / 쿵푸팬더4 (<5M, 1,766,417명) / 파묘 (10M+, 11,902,097명)",81.79178763998341,70% 이상,3944,11902097,1000만+
2024-04-27,2024,1,범죄도시4,"범죄도시4 (10M+, 11,495,435명)",60.2141846837745,60% 이상,2980,11495435,1000만+
2024-04-27,2024,2,범죄도시4 / 쿵푸팬더4,"범죄도시4 (10M+, 11,495,435명) / 쿵푸팬더4 (<5M, 1,766,417명)",74.49989896948878,70% 이상,3687,11495435,1000만+
2024-04-27,2024,3,범죄도시4 / 쿵푸팬더4 / 챌린저스,"범죄도시4 (10M+, 11,495,435명) / 쿵푸팬더4 (<5M, 1,766,417명) / 챌린저스 (<5M, 74,759명)",83.55223277429783,70% 이상,4135,11495435,1000만+
2024-04-28,2024,1,범죄도시4,"범죄도시4 (10M+, 11,495,435명)",60.35358666937615,60% 이상,2970,11495435,1000만+
2024-04-28,2024,2,범죄도시4 / 쿵푸팬더4,"범죄도시4 (10M+, 11,495,435명) / 쿵푸팬더4 (<5M, 1,766,417명)",74.33448486080066,70% 이상,3658,11495435,1000만+
2024-04-28,2024,3,범죄도시4 / 쿵푸팬더4 / 챌린저스,"범죄도시4 (10M+, 11,495,435명) / 쿵푸팬더4 (<5M, 1,766,417명) / 챌린저스 (<5M, 74,759명)",82.68644584434058,70% 이상,4069,11495435,1000만+
2024-04-29,2024,1,범죄도시4,"범죄도시4 (10M+, 11,495,435명)",62.03328834907782,60% 이상,2758,11495435,1000만+
2024-04-29,2024,2,범죄도시4 / 쿵푸팬더4,"범죄도시4 (10M+, 11,495,435명) / 쿵푸팬더4 (<5M, 1,766,417명)",73.09941520467837,70% 이상,3250,11495435,1000만+
2024-04-29,2024,3,범죄도시4 / 쿵푸팬더4 / 파묘,"범죄도시4 (10M+, 11,495,435명) / 쿵푸팬더4 (<5M, 1,766,417명) / 파묘 (10M+, 11,902,097명)",83.3783175888439,70% 이상,3707,11902097,1000만+
2024-04-30,2024,1,범죄도시4,"범죄도시4 (10M+, 11,495,435명)",60.89868222078203,60% 이상,2819,11495435,1000만+
2024-04-30,2024,2,범죄도시4 / 쿵푸팬더4,"범죄도시4 (10M+, 11,495,435명) / 쿵푸팬더4 (<5M, 1,766,417명)",72.32663642255346,70% 이상,3348,11495435,1000만+
2024-04-30,2024,3,범죄도시4 / 쿵푸팬더4 / 파묘,"범죄도시4 (10M+, 11,495,435명) / 쿵푸팬더4 (<5M, 1,766,417명) / 파묘 (10M+, 11,902,097명)",82.91207604234177,70% 이상,3838,11902097,1000만+
2024-05-01,2024,2,범죄도시4 / 스턴트맨,"범죄도시4 (10M+, 11,495,435명) / 스턴트맨 (<5M, 208,520명)",63.33393599710721,60% 이상,3503,11495435,1000만+
2024-05-01,2024,3,"범죄도시4 / 스턴트맨 / 포켓몬스터: 성도지방 이야기, 최종장","범죄도시4 (10M+, 11,495,435명) / 스턴트맨 (<5M, 208,520명) / 포켓몬스터: 성도지방 이야기, 최종장 (<5M, 150,856명)",75.23051889350931,70% 이상,4161,11495435,1000만+
2024-05-02,2024,2,범죄도시4 / 스턴트맨,"범죄도시4 (10M+, 11,495,435명) / 스턴트맨 (<5M, 208,520명)",70.08146639511202,70% 이상,3441,11495435,1000만+
2024-05-02,2024,3,범죄도시4 / 스턴트맨 / 쿵푸팬더4,"범죄도시4 (10M+, 11,495,435명) / 스턴트맨 (<5M, 208,520명) / 쿵푸팬더4 (<5M, 1,766,417명)",78.45213849287168,70% 이상,3852,11495435,1000만+
2024-05-03,2024,2,범죄도시4 / 스턴트맨,"범죄도시4 (10M+, 11,495,435명) / 스턴트맨 (<5M, 208,520명)",67.91131855309219,60% 이상,3492,11495435,1000만+
2024-05-03,2024,3,범죄도시4 / 스턴트맨 / 쿵푸팬더4,"범죄도시4 (10M+, 11,495,435명) / 스턴트맨 (<5M, 208,520명) / 쿵푸팬더4 (<5M, 1,766,417명)",77.9852197588487,70% 이상,4010,11495435,1000만+
2024-05-04,2024,2,범죄도시4 / 쿵푸팬더4,"범죄도시4 (10M+, 11,495,435명) / 쿵푸팬더4 (<5M, 1,766,417명)",62.3803723681921,60% 이상,3585,11495435,1000만+
2024-05-04,2024,3,범죄도시4 / 쿵푸팬더4 / 스턴트맨,"범죄도시4 (10M+, 11,495,435명) / 쿵푸팬더4 (<5M, 1,766,417명) / 스턴트맨 (<5M, 208,520명)",75.25665564642422,70% 이상,4325,11495435,1000만+
2024-05-05,2024,2,범죄도시4 / 쿵푸팬더4,"범죄도시4 (10M+, 11,495,435명) / 쿵푸팬더4 (<5M, 1,766,417명)",62.14155478203216,60% 이상,3749,11495435,1000만+
2024-05-05,2024,3,범죄도시4 / 쿵푸팬더4 / 스턴트맨,"범죄도시4 (10M+, 11,495,435명) / 쿵푸팬더4 (<5M, 1,766,417명) / 스턴트맨 (<5M, 208,520명)",74.20851980772419,70% 이상,4477,11495435,1000만+
2024-05-06,2024,2,범죄도시4 / 쿵푸팬더4,"범죄도시4 (10M+, 11,495,435명) / 쿵푸팬더4 (<5M, 1,766,417명)",61.88841201716738,60% 이상,3605,11495435,1000만+
2024-05-06,2024,3,범죄도시4 / 쿵푸팬더4 / 스턴트맨,"범죄도시4 (10M+, 11,495,435명) / 쿵푸팬더4 (<5M, 1,766,417명) / 스턴트맨 (<5M, 208,520명)",74.21459227467811,70% 이상,4323,11495435,1000만+
2024-05-07,2024,2,범죄도시4 / 스턴트맨,"범죄도시4 (10M+, 11,495,435명) / 스턴트맨 (<5M, 208,520명)",70.39657020364415,70% 이상,3284,11495435,1000만+
2024-05-07,2024,3,범죄도시4 / 스턴트맨 / 쿵푸팬더4,"범죄도시4 (10M+, 11,495,435명) / 스턴트맨 (<5M, 208,520명) / 쿵푸팬더4 (<5M, 1,766,417명)",79.0353697749196,70% 이상,3687,11495435,1000만+
2024-05-08,2024,2,범죄도시4 / 혹성탈출: 새로운 시대,"범죄도시4 (10M+, 11,495,435명) / 혹성탈출: 새로운 시대 (<5M, 901,098명)",64.67501009285425,60% 이상,3204,11495435,1000만+
2024-05-08,2024,3,범죄도시4 / 혹성탈출: 새로운 시대 / 스턴트맨,"범죄도시4 (10M+, 11,495,435명) / 혹성탈출: 새로운 시대 (<5M, 901,098명) / 스턴트맨 (<5M, 208,520명)",73.960436011304,70% 이상,3664,11495435,1000만+
2024-05-09,2024,2,범죄도시4 / 혹성탈출: 새로운 시대,"범죄도시4 (10M+, 11,495,435명) / 혹성탈출: 새로운 시대 (<5M, 901,098명)",67.2242218928647,60% 이상,3175,11495435,1000만+
2024-05-09,2024,3,범죄도시4 / 혹성탈출: 새로운 시대 / 스턴트맨,"범죄도시4 (10M+, 11,495,435명) / 혹성탈출: 새로운 시대 (<5M, 901,098명) / 스턴트맨 (<5M, 208,520명)",76.45564260004235,70% 이상,3611,11495435,1000만+
2024-05-10,2024,2,범죄도시4 / 혹성탈출: 새로운 시대,"범죄도시4 (10M+, 11,495,435명) / 혹성탈출: 새로운 시대 (<5M, 901,098명)",64.83383685800604,60% 이상,3219,11495435,1000만+
2024-05-10,2024,3,범죄도시4 / 혹성탈출: 새로운 시대 / 스턴트맨,"범죄도시4 (10M+, 11,495,435명) / 혹성탈출: 새로운 시대 (<5M, 901,098명) / 스턴트맨 (<5M, 208,520명)",73.89728096676737,70% 이상,3669,11495435,1000만+
2024-05-11,2024,3,범죄도시4 / 혹성탈출: 새로운 시대 / 쿵푸팬더4,"범죄도시4 (10M+, 11,495,435명) / 혹성탈출: 새로운 시대 (<5M, 901,098명) / 쿵푸팬더4 (<5M, 1,766,417명)",69.96169979937991,60% 이상,3836,11495435,1000만+
2024-05-12,2024,3,범죄도시4 / 혹성탈출: 새로운 시대 / 쿵푸팬더4,"범죄도시4 (10M+, 11,495,435명) / 혹성탈출: 새로운 시대 (<5M, 901,098명) / 쿵푸팬더4 (<5M, 1,766,417명)",70.36286608951924,70% 이상,3820,11495435,1000만+
2024-05-13,2024,2,범죄도시4 / 혹성탈출: 새로운 시대,"범죄도시4 (10M+, 11,495,435명) / 혹성탈출: 새로운 시대 (<5M, 901,098명)",68.08558056607978,60% 이상,3055,11495435,1000만+
2024-05-13,2024,3,범죄도시4 / 혹성탈출: 새로운 시대 / 스턴트맨,"범죄도시4 (10M+, 11,495,435명) / 혹성탈출: 새로운 시대 (<5M, 901,098명) / 스턴트맨 (<5M, 208,520명)",75.7967461555605,70% 이상,3401,11495435,1000만+
2024-05-14,2024,2,범죄도시4 / 혹성탈출: 새로운 시대,"범죄도시4 (10M+, 11,495,435명) / 혹성탈출: 새로운 시대 (<5M, 901,098명)",67.20051249199231,60% 이상,3147,11495435,1000만+
2024-05-14,2024,3,범죄도시4 / 혹성탈출: 새로운 시대 / 스턴트맨,"범죄도시4 (10M+, 11,495,435명) / 혹성탈출: 새로운 시대 (<5M, 901,098명) / 스턴트맨 (<5M, 208,520명)",75.14413837283792,70% 이상,3519,11495435,1000만+
2024-06-03,2024,3,퓨리오사: 매드맥스 사가 / 설계자 / 그녀가 죽었다,"퓨리오사: 매드맥스 사가 (<5M, 1,600,701명) / 설계자 (<5M, 514,448명) / 그녀가 죽었다 (<5M, 1,236,562명)",60.28968014484008,60% 이상,2997,1600701,500만미만
2024-06-12,2024,3,인사이드 아웃 2 / 원더랜드 / 드라이브,"인사이드 아웃 2 (5M+, 8,760,451명) / 원더랜드 (<5M, 620,887명) / 드라이브 (<5M, 69,277명)",61.05430183356841,60% 이상,3463,8760451,500만+
2024-06-13,2024,3,인사이드 아웃 2 / 원더랜드 / 퓨리오사: 매드맥스 사가,"인사이드 아웃 2 (5M+, 8,760,451명) / 원더랜드 (<5M, 620,887명) / 퓨리오사: 매드맥스 사가 (<5M, 1,600,701명)",66.67317835514748,60% 이상,3413,8760451,500만+
2024-06-14,2024,3,인사이드 아웃 2 / 원더랜드 / 퓨리오사: 매드맥스 사가,"인사이드 아웃 2 (5M+, 8,760,451명) / 원더랜드 (<5M, 620,887명) / 퓨리오사: 매드맥스 사가 (<5M, 1,600,701명)",66.79295321083539,60% 이상,3526,8760451,500만+
2024-06-15,2024,3,인사이드 아웃 2 / 원더랜드 / 퓨리오사: 매드맥스 사가,"인사이드 아웃 2 (5M+, 8,760,451명) / 원더랜드 (<5M, 620,887명) / 퓨리오사: 매드맥스 사가 (<5M, 1,600,701명)",65.87669586123991,60% 이상,3836,8760451,500만+
2024-06-16,2024,3,인사이드 아웃 2 / 원더랜드 / 퓨리오사: 매드맥스 사가,"인사이드 아웃 2 (5M+, 8,760,451명) / 원더랜드 (<5M, 620,887명) / 퓨리오사: 매드맥스 사가 (<5M, 1,600,701명)",66.37676117585667,60% 이상,3816,8760451,500만+
2024-06-17,2024,3,인사이드 아웃 2 / 원더랜드 / 퓨리오사: 매드맥스 사가,"인사이드 아웃 2 (5M+, 8,760,451명) / 원더랜드 (<5M, 620,887명) / 퓨리오사: 매드맥스 사가 (<5M, 1,600,701명)",66.71396715994324,60% 이상,3291,8760451,500만+
2024-06-18,2024,3,인사이드 아웃 2 / 원더랜드 / 퓨리오사: 매드맥스 사가,"인사이드 아웃 2 (5M+, 8,760,451명) / 원더랜드 (<5M, 620,887명) / 퓨리오사: 매드맥스 사가 (<5M, 1,600,701명)",66.43890675241158,60% 이상,3306,8760451,500만+
2024-06-19,2024,3,인사이드 아웃 2 / 원더랜드 / 퓨리오사: 매드맥스 사가,"인사이드 아웃 2 (5M+, 8,760,451명) / 원더랜드 (<5M, 620,887명) / 퓨리오사: 매드맥스 사가 (<5M, 1,600,701명)",64.84926234765875,60% 이상,3033,8760451,500만+
2024-06-20,2024,3,인사이드 아웃 2 / 원더랜드 / 퓨리오사: 매드맥스 사가,"인사이드 아웃 2 (5M+, 8,760,451명) / 원더랜드 (<5M, 620,887명) / 퓨리오사: 매드맥스 사가 (<5M, 1,600,701명)",63.54494028912633,60% 이상,3033,8760451,500만+
2024-06-21,2024,2,인사이드 아웃 2 / 하이재킹,"인사이드 아웃 2 (5M+, 8,760,451명) / 하이재킹 (<5M, 1,771,095명)",66.66666666666667,60% 이상,3056,8760451,500만+
2024-06-21,2024,3,인사이드 아웃 2 / 하이재킹 / 원더랜드,"인사이드 아웃 2 (5M+, 8,760,451명) / 하이재킹 (<5M, 1,771,095명) / 원더랜드 (<5M, 620,887명)",72.29493891797557,70% 이상,3314,8760451,500만+
2024-06-22,2024,2,인사이드 아웃 2 / 하이재킹,"인사이드 아웃 2 (5M+, 8,760,451명) / 하이재킹 (<5M, 1,771,095명)",74.94209307222573,70% 이상,3559,8760451,500만+
2024-06-22,2024,3,인사이드 아웃 2 / 하이재킹 / 퓨리오사: 매드맥스 사가,"인사이드 아웃 2 (5M+, 8,760,451명) / 하이재킹 (<5M, 1,771,095명) / 퓨리오사: 매드맥스 사가 (<5M, 1,600,701명)",79.51147610023163,70% 이상,3776,8760451,500만+
2024-06-23,2024,2,인사이드 아웃 2 / 하이재킹,"인사이드 아웃 2 (5M+, 8,760,451명) / 하이재킹 (<5M, 1,771,095명)",73.57113057989153,70% 이상,3527,8760451,500만+
2024-06-23,2024,3,인사이드 아웃 2 / 하이재킹 / 퓨리오사: 매드맥스 사가,"인사이드 아웃 2 (5M+, 8,760,451명) / 하이재킹 (<5M, 1,771,095명) / 퓨리오사: 매드맥스 사가 (<5M, 1,600,701명)",77.97246558197747,70% 이상,3738,8760451,500만+
2024-06-24,2024,2,인사이드 아웃 2 / 하이재킹,"인사이드 아웃 2 (5M+, 8,760,451명) / 하이재킹 (<5M, 1,771,095명)",64.50147626618215,60% 이상,2840,8760451,500만+
2024-06-24,2024,3,인사이드 아웃 2 / 하이재킹 / 퓨리오사: 매드맥스 사가,"인사이드 아웃 2 (5M+, 8,760,451명) / 하이재킹 (<5M, 1,771,095명) / 퓨리오사: 매드맥스 사가 (<5M, 1,600,701명)",70.33840563252328,70% 이상,3097,8760451,500만+
2024-06-25,2024,2,인사이드 아웃 2 / 하이재킹,"인사이드 아웃 2 (5M+, 8,760,451명) / 하이재킹 (<5M, 1,771,095명)",63.728514764213315,60% 이상,2892,8760451,500만+
2024-06-25,2024,3,인사이드 아웃 2 / 하이재킹 / 퓨리오사: 매드맥스 사가,"인사이드 아웃 2 (5M+, 8,760,451명) / 하이재킹 (<5M, 1,771,095명) / 퓨리오사: 매드맥스 사가 (<5M, 1,600,701명)",69.56809167033936,60% 이상,3157,8760451,500만+
2024-06-26,2024,3,인사이드 아웃 2 / 하이재킹 / 콰이어트 플레이스: 첫째 날,"인사이드 아웃 2 (5M+, 8,760,451명) / 하이재킹 (<5M, 1,771,095명) / 콰이어트 플레이스: 첫째 날 (<5M, 548,916명)",70.17296862429606,70% 이상,3489,8760451,500만+
2024-06-27,2024,3,인사이드 아웃 2 / 하이재킹 / 콰이어트 플레이스: 첫째 날,"인사이드 아웃 2 (5M+, 8,760,451명) / 하이재킹 (<5M, 1,771,095명) / 콰이어트 플레이스: 첫째 날 (<5M, 548,916명)",69.79253112033194,60% 이상,3364,8760451,500만+
2024-06-28,2024,3,인사이드 아웃 2 / 하이재킹 / 콰이어트 플레이스: 첫째 날,"인사이드 아웃 2 (5M+, 8,760,451명) / 하이재킹 (<5M, 1,771,095명) / 콰이어트 플레이스: 첫째 날 (<5M, 548,916명)",70.42026945505731,70% 이상,3502,8760451,500만+
2024-06-29,2024,3,인사이드 아웃 2 / 하이재킹 / 핸섬가이즈,"인사이드 아웃 2 (5M+, 8,760,451명) / 하이재킹 (<5M, 1,771,095명) / 핸섬가이즈 (<5M, 1,767,644명)",72.33887164506116,70% 이상,3962,8760451,500만+
2024-06-30,2024,3,인사이드 아웃 2 / 하이재킹 / 핸섬가이즈,"인사이드 아웃 2 (5M+, 8,760,451명) / 하이재킹 (<5M, 1,771,095명) / 핸섬가이즈 (<5M, 1,767,644명)",71.87159956474429,70% 이상,3963,8760451,500만+
2024-07-01,2024,3,인사이드 아웃 2 / 하이재킹 / 핸섬가이즈,"인사이드 아웃 2 (5M+, 8,760,451명) / 하이재킹 (<5M, 1,771,095명) / 핸섬가이즈 (<5M, 1,767,644명)",70.1681589866783,70% 이상,3213,8760451,500만+
2024-07-02,2024,3,인사이드 아웃 2 / 하이재킹 / 핸섬가이즈,"인사이드 아웃 2 (5M+, 8,760,451명) / 하이재킹 (<5M, 1,771,095명) / 핸섬가이즈 (<5M, 1,767,644명)",70.083857442348,70% 이상,3343,8760451,500만+
2024-07-03,2024,3,탈주 / 인사이드 아웃 2 / 핸섬가이즈,"탈주 (<5M, 2,554,562명) / 인사이드 아웃 2 (5M+, 8,760,451명) / 핸섬가이즈 (<5M, 1,767,644명)",64.05808033188761,60% 이상,3397,8760451,500만+
2024-07-04,2024,3,탈주 / 인사이드 아웃 2 / 핸섬가이즈,"탈주 (<5M, 2,554,562명) / 인사이드 아웃 2 (5M+, 8,760,451명) / 핸섬가이즈 (<5M, 1,767,644명)",65.86067933218192,60% 이상,3432,8760451,500만+
2024-07-05,2024,3,인사이드 아웃 2 / 탈주 / 핸섬가이즈,"인사이드 아웃 2 (5M+, 8,760,451명) / 탈주 (<5M, 2,554,562명) / 핸섬가이즈 (<5M, 1,767,644명)",65.06785647889943,60% 이상,3500,8760451,500만+
2024-07-06,2024,3,인사이드 아웃 2 / 탈주 / 핸섬가이즈,"인사이드 아웃 2 (5M+, 8,760,451명) / 탈주 (<5M, 2,554,562명) / 핸섬가이즈 (<5M, 1,767,644명)",68.14748201438849,60% 이상,3789,8760451,500만+
2024-07-07,2024,3,인사이드 아웃 2 / 탈주 / 핸섬가이즈,"인사이드 아웃 2 (5M+, 8,760,451명) / 탈주 (<5M, 2,554,562명) / 핸섬가이즈 (<5M, 1,767,644명)",67.34400287718036,60% 이상,3745,8760451,500만+
2024-07-08,2024,3,인사이드 아웃 2 / 탈주 / 핸섬가이즈,"인사이드 아웃 2 (5M+, 8,760,451명) / 탈주 (<5M, 2,554,562명) / 핸섬가이즈 (<5M, 1,767,644명)",65.43867120954003,60% 이상,3073,8760451,500만+
2024-07-09,2024,3,인사이드 아웃 2 / 탈주 / 핸섬가이즈,"인사이드 아웃 2 (5M+, 8,760,451명) / 탈주 (<5M, 2,554,562명) / 핸섬가이즈 (<5M, 1,767,644명)",64.93127863390254,60% 이상,3118,8760451,500만+
2024-07-10,2024,3,인사이드 아웃 2 / 탈주 / 핸섬가이즈,"인사이드 아웃 2 (5M+, 8,760,451명) / 탈주 (<5M, 2,554,562명) / 핸섬가이즈 (<5M, 1,767,644명)",63.82936897975231,60% 이상,3247,8760451,500만+
2024-07-11,2024,3,인사이드 아웃 2 / 탈주 / 핸섬가이즈,"인사이드 아웃 2 (5M+, 8,760,451명) / 탈주 (<5M, 2,554,562명) / 핸섬가이즈 (<5M, 1,767,644명)",66.65980654455649,60% 이상,3239,8760451,500만+
2024-07-24,2024,3,데드풀과 울버린 / 슈퍼배드 4 / 탈주,"데드풀과 울버린 (<5M, 1,962,077명) / 슈퍼배드 4 (<5M, 1,539,379명) / 탈주 (<5M, 2,554,562명)",61.57540826128722,60% 이상,3846,2554562,500만미만
2024-07-25,2024,3,데드풀과 울버린 / 슈퍼배드 4 / 탈주,"데드풀과 울버린 (<5M, 1,962,077명) / 슈퍼배드 4 (<5M, 1,539,379명) / 탈주 (<5M, 2,554,562명)",60.59491444106828,60% 이상,3789,2554562,500만미만
2024-07-26,2024,3,데드풀과 울버린 / 슈퍼배드 4 / 탈주,"데드풀과 울버린 (<5M, 1,962,077명) / 슈퍼배드 4 (<5M, 1,539,379명) / 탈주 (<5M, 2,554,562명)",61.33461047254151,60% 이상,3842,2554562,500만미만
2024-07-27,2024,3,데드풀과 울버린 / 슈퍼배드 4 / 탈주,"데드풀과 울버린 (<5M, 1,962,077명) / 슈퍼배드 4 (<5M, 1,539,379명) / 탈주 (<5M, 2,554,562명)",63.383637807783956,60% 이상,3990,2554562,500만미만
2024-07-28,2024,3,데드풀과 울버린 / 슈퍼배드 4 / 탈주,"데드풀과 울버린 (<5M, 1,962,077명) / 슈퍼배드 4 (<5M, 1,539,379명) / 탈주 (<5M, 2,554,562명)",63.519313304721024,60% 이상,3996,2554562,500만미만
2024-07-29,2024,3,데드풀과 울버린 / 슈퍼배드 4 / 탈주,"데드풀과 울버린 (<5M, 1,962,077명) / 슈퍼배드 4 (<5M, 1,539,379명) / 탈주 (<5M, 2,554,562명)",61.027801179443976,60% 이상,3622,2554562,500만미만
2024-07-31,2024,3,파일럿 / 데드풀과 울버린 / 슈퍼배드 4,"파일럿 (<5M, 4,710,803명) / 데드풀과 울버린 (<5M, 1,962,077명) / 슈퍼배드 4 (<5M, 1,539,379명)",63.20920568962761,60% 이상,3955,4710803,500만미만
2024-08-01,2024,3,파일럿 / 슈퍼배드 4 / 데드풀과 울버린,"파일럿 (<5M, 4,710,803명) / 슈퍼배드 4 (<5M, 1,539,379명) / 데드풀과 울버린 (<5M, 1,962,077명)",61.66296413836878,60% 이상,3886,4710803,500만미만
2024-08-02,2024,3,파일럿 / 슈퍼배드 4 / 데드풀과 울버린,"파일럿 (<5M, 4,710,803명) / 슈퍼배드 4 (<5M, 1,539,379명) / 데드풀과 울버린 (<5M, 1,962,077명)",61.73034417429744,60% 이상,3910,4710803,500만미만
2024-08-03,2024,3,파일럿 / 슈퍼배드 4 / 데드풀과 울버린,"파일럿 (<5M, 4,710,803명) / 슈퍼배드 4 (<5M, 1,539,379명) / 데드풀과 울버린 (<5M, 1,962,077명)",62.280701754385966,60% 이상,4047,4710803,500만미만
2024-08-04,2024,3,파일럿 / 슈퍼배드 4 / 데드풀과 울버린,"파일럿 (<5M, 4,710,803명) / 슈퍼배드 4 (<5M, 1,539,379명) / 데드풀과 울버린 (<5M, 1,962,077명)",62.36408822615719,60% 이상,4015,4710803,500만미만
2024-08-05,2024,3,파일럿 / 슈퍼배드 4 / 데드풀과 울버린,"파일럿 (<5M, 4,710,803명) / 슈퍼배드 4 (<5M, 1,539,379명) / 데드풀과 울버린 (<5M, 1,962,077명)",61.8570935450466,60% 이상,3584,4710803,500만미만
2024-08-06,2024,3,파일럿 / 슈퍼배드 4 / 데드풀과 울버린,"파일럿 (<5M, 4,710,803명) / 슈퍼배드 4 (<5M, 1,539,379명) / 데드풀과 울버린 (<5M, 1,962,077명)",63.92493861802877,60% 이상,3645,4710803,500만미만
2024-09-13,2024,2,베테랑2 / 스픽 노 이블,"베테랑2 (5M+, 7,514,196명) / 스픽 노 이블 (<5M, 37,026명)",62.535042050460554,60% 이상,3123,7514196,500만+
2024-09-13,2024,3,베테랑2 / 스픽 노 이블 / 에이리언: 로물루스,"베테랑2 (5M+, 7,514,196명) / 스픽 노 이블 (<5M, 37,026명) / 에이리언: 로물루스 (<5M, 1,998,630명)",71.22547056467762,70% 이상,3557,7514196,500만+
2024-09-14,2024,3,베테랑2 / 사랑의 하츄핑 / 스픽 노 이블,"베테랑2 (5M+, 7,514,196명) / 사랑의 하츄핑 (<5M, 1,222,520명) / 스픽 노 이블 (<5M, 37,026명)",66.58045446148162,60% 이상,3604,7514196,500만+
2024-09-15,2024,3,베테랑2 / 사랑의 하츄핑 / 스픽 노 이블,"베테랑2 (5M+, 7,514,196명) / 사랑의 하츄핑 (<5M, 1,222,520명) / 스픽 노 이블 (<5M, 37,026명)",65.8351409978308,60% 이상,3642,7514196,500만+
2024-09-16,2024,3,베테랑2 / 사랑의 하츄핑 / 스픽 노 이블,"베테랑2 (5M+, 7,514,196명) / 사랑의 하츄핑 (<5M, 1,222,520명) / 스픽 노 이블 (<5M, 37,026명)",66.10045662100457,60% 이상,3619,7514196,500만+
2024-09-17,2024,3,베테랑2 / 사랑의 하츄핑 / 스픽 노 이블,"베테랑2 (5M+, 7,514,196명) / 사랑의 하츄핑 (<5M, 1,222,520명) / 스픽 노 이블 (<5M, 37,026명)",66.06914212548016,60% 이상,3612,7514196,500만+
2024-09-18,2024,2,베테랑2 / 사랑의 하츄핑,"베테랑2 (5M+, 7,514,196명) / 사랑의 하츄핑 (<5M, 1,222,520명)",61.76528405740122,60% 이상,3142,7514196,500만+
2024-09-18,2024,3,베테랑2 / 사랑의 하츄핑 / 비긴 어게인,"베테랑2 (5M+, 7,514,196명) / 사랑의 하츄핑 (<5M, 1,222,520명) / 비긴 어게인 (<5M, 3,701,400명)",68.70454098682917,60% 이상,3495,7514196,500만+
2024-09-19,2024,2,베테랑2 / 비긴 어게인,"베테랑2 (5M+, 7,514,196명) / 비긴 어게인 (<5M, 3,701,400명)",63.937007874015755,60% 이상,2842,7514196,500만+
2024-09-19,2024,3,베테랑2 / 비긴 어게인 / 에이리언: 로물루스,"베테랑2 (5M+, 7,514,196명) / 비긴 어게인 (<5M, 3,701,400명) / 에이리언: 로물루스 (<5M, 1,998,630명)",72.5984251968504,70% 이상,3227,7514196,500만+
2024-09-20,2024,2,베테랑2 / 비긴 어게인,"베테랑2 (5M+, 7,514,196명) / 비긴 어게인 (<5M, 3,701,400명)",65.39932508436445,60% 이상,2907,7514196,500만+
2024-09-20,2024,3,베테랑2 / 비긴 어게인 / 에이리언: 로물루스,"베테랑2 (5M+, 7,514,196명) / 비긴 어게인 (<5M, 3,701,400명) / 에이리언: 로물루스 (<5M, 1,998,630명)",74.39820022497187,70% 이상,3307,7514196,500만+
2024-09-21,2024,3,베테랑2 / 사랑의 하츄핑 / 비긴 어게인,"베테랑2 (5M+, 7,514,196명) / 사랑의 하츄핑 (<5M, 1,222,520명) / 비긴 어게인 (<5M, 3,701,400명)",67.76842948717949,60% 이상,3383,7514196,500만+
2024-09-22,2024,3,베테랑2 / 사랑의 하츄핑 / 비긴 어게인,"베테랑2 (5M+, 7,514,196명) / 사랑의 하츄핑 (<5M, 1,222,520명) / 비긴 어게인 (<5M, 3,701,400명)",68.42741935483872,60% 이상,3394,7514196,500만+
2024-09-23,2024,2,베테랑2 / 비긴 어게인,"베테랑2 (5M+, 7,514,196명) / 비긴 어게인 (<5M, 3,701,400명)",66.22722914669224,60% 이상,2763,7514196,500만+
2024-09-23,2024,3,베테랑2 / 비긴 어게인 / 에이리언: 로물루스,"베테랑2 (5M+, 7,514,196명) / 비긴 어게인 (<5M, 3,701,400명) / 에이리언: 로물루스 (<5M, 1,998,630명)",75.09587727708534,70% 이상,3133,7514196,500만+
2024-09-24,2024,2,베테랑2 / 비긴 어게인,"베테랑2 (5M+, 7,514,196명) / 비긴 어게인 (<5M, 3,701,400명)",64.8491879350348,60% 이상,2795,7514196,500만+
2024-09-24,2024,3,베테랑2 / 비긴 어게인 / 에이리언: 로물루스,"베테랑2 (5M+, 7,514,196명) / 비긴 어게인 (<5M, 3,701,400명) / 에이리언: 로물루스 (<5M, 1,998,630명)",72.96983758700696,70% 이상,3145,7514196,500만+
2024-09-25,2024,2,베테랑2 / 트랜스포머 ONE,"베테랑2 (5M+, 7,514,196명) / 트랜스포머 ONE (<5M, 352,261명)",65.61965811965813,60% 이상,3071,7514196,500만+
2024-09-25,2024,3,베테랑2 / 트랜스포머 ONE / 비긴 어게인,"베테랑2 (5M+, 7,514,196명) / 트랜스포머 ONE (<5M, 352,261명) / 비긴 어게인 (<5M, 3,701,400명)",75.32051282051282,70% 이상,3525,7514196,500만+
2024-09-26,2024,2,베테랑2 / 트랜스포머 ONE,"베테랑2 (5M+, 7,514,196명) / 트랜스포머 ONE (<5M, 352,261명)",65.03867403314916,60% 이상,2943,7514196,500만+
2024-09-26,2024,3,베테랑2 / 트랜스포머 ONE / 비긴 어게인,"베테랑2 (5M+, 7,514,196명) / 트랜스포머 ONE (<5M, 352,261명) / 비긴 어게인 (<5M, 3,701,400명)",75.40331491712706,70% 이상,3412,7514196,500만+
2024-09-27,2024,2,베테랑2 / 트랜스포머 ONE,"베테랑2 (5M+, 7,514,196명) / 트랜스포머 ONE (<5M, 352,261명)",61.88766891891892,60% 이상,2931,7514196,500만+
2024-09-27,2024,3,베테랑2 / 트랜스포머 ONE / 비긴 어게인,"베테랑2 (5M+, 7,514,196명) / 트랜스포머 ONE (<5M, 352,261명) / 비긴 어게인 (<5M, 3,701,400명)",71.91722972972973,70% 이상,3406,7514196,500만+
2024-09-28,2024,3,베테랑2 / 트랜스포머 ONE / 비긴 어게인,"베테랑2 (5M+, 7,514,196명) / 트랜스포머 ONE (<5M, 352,261명) / 비긴 어게인 (<5M, 3,701,400명)",67.53545419701035,60% 이상,3524,7514196,500만+
2024-09-29,2024,3,베테랑2 / 트랜스포머 ONE / 비긴 어게인,"베테랑2 (5M+, 7,514,196명) / 트랜스포머 ONE (<5M, 352,261명) / 비긴 어게인 (<5M, 3,701,400명)",67.38420142225638,60% 이상,3506,7514196,500만+
2024-09-30,2024,2,베테랑2 / 트랜스포머 ONE,"베테랑2 (5M+, 7,514,196명) / 트랜스포머 ONE (<5M, 352,261명)",63.98334489937544,60% 이상,2766,7514196,500만+
2024-09-30,2024,3,베테랑2 / 트랜스포머 ONE / 비긴 어게인,"베테랑2 (5M+, 7,514,196명) / 트랜스포머 ONE (<5M, 352,261명) / 비긴 어게인 (<5M, 3,701,400명)",74.87855655794587,70% 이상,3237,7514196,500만+
2024-10-16,2024,3,보통의 가족 / 베테랑2 / 대도시의 사랑법,"보통의 가족 (<5M, 643,746명) / 베테랑2 (5M+, 7,514,196명) / 대도시의 사랑법 (<5M, 875,383명)",61.08417805200529,60% 이상,2772,7514196,500만+
2024-10-23,2024,3,베놈: 라스트 댄스 / 보통의 가족 / 대도시의 사랑법,"베놈: 라스트 댄스 (<5M, 1,759,962명) / 보통의 가족 (<5M, 643,746명) / 대도시의 사랑법 (<5M, 875,383명)",66.09507271543303,60% 이상,3045,1759962,500만미만
2024-10-24,2024,3,베놈: 라스트 댄스 / 보통의 가족 / 대도시의 사랑법,"베놈: 라스트 댄스 (<5M, 1,759,962명) / 보통의 가족 (<5M, 643,746명) / 대도시의 사랑법 (<5M, 875,383명)",67.95014466948587,60% 이상,3053,1759962,500만미만
2024-10-25,2024,3,베놈: 라스트 댄스 / 보통의 가족 / 대도시의 사랑법,"베놈: 라스트 댄스 (<5M, 1,759,962명) / 보통의 가족 (<5M, 643,746명) / 대도시의 사랑법 (<5M, 875,383명)",65.89180050718512,60% 이상,3118,1759962,500만미만
2024-10-26,2024,3,베놈: 라스트 댄스 / 보통의 가족 / 대도시의 사랑법,"베놈: 라스트 댄스 (<5M, 1,759,962명) / 보통의 가족 (<5M, 643,746명) / 대도시의 사랑법 (<5M, 875,383명)",61.77949709864604,60% 이상,3194,1759962,500만미만
2024-10-27,2024,3,베놈: 라스트 댄스 / 보통의 가족 / 대도시의 사랑법,"베놈: 라스트 댄스 (<5M, 1,759,962명) / 보통의 가족 (<5M, 643,746명) / 대도시의 사랑법 (<5M, 875,383명)",62.37174427782162,60% 이상,3161,1759962,500만미만
2024-10-28,2024,3,베놈: 라스트 댄스 / 보통의 가족 / 대도시의 사랑법,"베놈: 라스트 댄스 (<5M, 1,759,962명) / 보통의 가족 (<5M, 643,746명) / 대도시의 사랑법 (<5M, 875,383명)",68.85401806942464,60% 이상,2896,1759962,500만미만
2024-10-29,2024,3,베놈: 라스트 댄스 / 보통의 가족 / 대도시의 사랑법,"베놈: 라스트 댄스 (<5M, 1,759,962명) / 보통의 가족 (<5M, 643,746명) / 대도시의 사랑법 (<5M, 875,383명)",65.78073089700997,60% 이상,2970,1759962,500만미만
2024-10-30,2024,3,아마존 활명수 / 베놈: 라스트 댄스 / 보통의 가족,"아마존 활명수 (<5M, 603,874명) / 베놈: 라스트 댄스 (<5M, 1,759,962명) / 보통의 가족 (<5M, 643,746명)",69.15027208036835,60% 이상,3304,1759962,500만미만
2024-10-31,2024,3,아마존 활명수 / 베놈: 라스트 댄스 / 보통의 가족,"아마존 활명수 (<5M, 603,874명) / 베놈: 라스트 댄스 (<5M, 1,759,962명) / 보통의 가족 (<5M, 643,746명)",64.56551998409226,60% 이상,3247,1759962,500만미만
2024-11-01,2024,3,아마존 활명수 / 베놈: 라스트 댄스 / 보통의 가족,"아마존 활명수 (<5M, 603,874명) / 베놈: 라스트 댄스 (<5M, 1,759,962명) / 보통의 가족 (<5M, 643,746명)",64.98410174880763,60% 이상,3270,1759962,500만미만
2024-11-04,2024,3,아마존 활명수 / 베놈: 라스트 댄스 / 보통의 가족,"아마존 활명수 (<5M, 603,874명) / 베놈: 라스트 댄스 (<5M, 1,759,962명) / 보통의 가족 (<5M, 643,746명)",65.5608214849921,60% 이상,2905,1759962,500만미만
2024-11-05,2024,3,아마존 활명수 / 베놈: 라스트 댄스 / 보통의 가족,"아마존 활명수 (<5M, 603,874명) / 베놈: 라스트 댄스 (<5M, 1,759,962명) / 보통의 가족 (<5M, 643,746명)",68.11894882434302,60% 이상,2955,1759962,500만미만
2024-11-13,2024,3,글래디에이터 Ⅱ / 청설 / 베놈: 라스트 댄스,"글래디에이터 Ⅱ (<5M, 901,333명) / 청설 (<5M, 795,135명) / 베놈: 라스트 댄스 (<5M, 1,759,962명)",72.06629834254143,70% 이상,3261,1759962,500만미만
2024-11-14,2024,3,글래디에이터 Ⅱ / 사흘 / 청설,"글래디에이터 Ⅱ (<5M, 901,333명) / 사흘 (<5M, 197,965명) / 청설 (<5M, 795,135명)",65.90720795360397,60% 이상,3182,901333,500만미만
2024-11-15,2024,3,글래디에이터 Ⅱ / 청설 / 사흘,"글래디에이터 Ⅱ (<5M, 901,333명) / 청설 (<5M, 795,135명) / 사흘 (<5M, 197,965명)",66.2741116751269,60% 이상,3264,901333,500만미만
2024-11-16,2024,3,글래디에이터 Ⅱ / 청설 / 사흘,"글래디에이터 Ⅱ (<5M, 901,333명) / 청설 (<5M, 795,135명) / 사흘 (<5M, 197,965명)",63.01104437124588,60% 이상,3252,901333,500만미만
2024-11-17,2024,3,글래디에이터 Ⅱ / 청설 / 사흘,"글래디에이터 Ⅱ (<5M, 901,333명) / 청설 (<5M, 795,135명) / 사흘 (<5M, 197,965명)",63.05150631681244,60% 이상,3244,901333,500만미만
2024-11-18,2024,3,글래디에이터 Ⅱ / 청설 / 사흘,"글래디에이터 Ⅱ (<5M, 901,333명) / 청설 (<5M, 795,135명) / 사흘 (<5M, 197,965명)",68.73701223735858,60% 이상,2977,901333,500만미만
2024-11-19,2024,3,글래디에이터 Ⅱ / 청설 / 사흘,"글래디에이터 Ⅱ (<5M, 901,333명) / 청설 (<5M, 795,135명) / 사흘 (<5M, 197,965명)",66.35955056179776,60% 이상,2953,901333,500만미만
2024-11-20,2024,3,위키드 / 히든페이스 / 글래디에이터 Ⅱ,"위키드 (<5M, 2,280,997명) / 히든페이스 (<5M, 1,005,171명) / 글래디에이터 Ⅱ (<5M, 901,333명)",63.785769528228926,60% 이상,3299,2280997,500만미만
2024-11-21,2024,3,위키드 / 히든페이스 / 글래디에이터 Ⅱ,"위키드 (<5M, 2,280,997명) / 히든페이스 (<5M, 1,005,171명) / 글래디에이터 Ⅱ (<5M, 901,333명)",65.50235478806908,60% 이상,3338,2280997,500만미만
2024-11-22,2024,3,위키드 / 히든페이스 / 글래디에이터 Ⅱ,"위키드 (<5M, 2,280,997명) / 히든페이스 (<5M, 1,005,171명) / 글래디에이터 Ⅱ (<5M, 901,333명)",66.2821482602118,60% 이상,3505,2280997,500만미만
2024-11-23,2024,3,위키드 / 히든페이스 / 글래디에이터 Ⅱ,"위키드 (<5M, 2,280,997명) / 히든페이스 (<5M, 1,005,171명) / 글래디에이터 Ⅱ (<5M, 901,333명)",67.64598540145985,60% 이상,3707,2280997,500만미만
2024-11-24,2024,3,위키드 / 히든페이스 / 글래디에이터 Ⅱ,"위키드 (<5M, 2,280,997명) / 히든페이스 (<5M, 1,005,171명) / 글래디에이터 Ⅱ (<5M, 901,333명)",67.49633967789165,60% 이상,3688,2280997,500만미만
2024-11-25,2024,3,위키드 / 히든페이스 / 글래디에이터 Ⅱ,"위키드 (<5M, 2,280,997명) / 히든페이스 (<5M, 1,005,171명) / 글래디에이터 Ⅱ (<5M, 901,333명)",68.55293380664021,60% 이상,3283,2280997,500만미만
2024-11-26,2024,3,위키드 / 히든페이스 / 글래디에이터 Ⅱ,"위키드 (<5M, 2,280,997명) / 히든페이스 (<5M, 1,005,171명) / 글래디에이터 Ⅱ (<5M, 901,333명)",68.87923904052936,60% 이상,3331,2280997,500만미만
2024-11-27,2024,3,모아나 2 / 위키드 / 히든페이스,"모아나 2 (<5M, 3,526,383명) / 위키드 (<5M, 2,280,997명) / 히든페이스 (<5M, 1,005,171명)",71.73387846125254,70% 이상,3860,3526383,500만미만
2024-11-28,2024,3,모아나 2 / 위키드 / 히든페이스,"모아나 2 (<5M, 3,526,383명) / 위키드 (<5M, 2,280,997명) / 히든페이스 (<5M, 1,005,171명)",73.29979879275655,70% 이상,3643,3526383,500만미만
2024-11-29,2024,3,모아나 2 / 위키드 / 히든페이스,"모아나 2 (<5M, 3,526,383명) / 위키드 (<5M, 2,280,997명) / 히든페이스 (<5M, 1,005,171명)",73.63059773207766,70% 이상,3831,3526383,500만미만
2024-11-30,2024,3,모아나 2 / 위키드 / 히든페이스,"모아나 2 (<5M, 3,526,383명) / 위키드 (<5M, 2,280,997명) / 히든페이스 (<5M, 1,005,171명)",75.21909379078873,70% 이상,4034,3526383,500만미만
2024-12-01,2024,3,모아나 2 / 위키드 / 히든페이스,"모아나 2 (<5M, 3,526,383명) / 위키드 (<5M, 2,280,997명) / 히든페이스 (<5M, 1,005,171명)",76.07709750566895,70% 이상,4026,3526383,500만미만
2024-12-02,2024,3,모아나 2 / 위키드 / 히든페이스,"모아나 2 (<5M, 3,526,383명) / 위키드 (<5M, 2,280,997명) / 히든페이스 (<5M, 1,005,171명)",71.47028154327424,70% 이상,3427,3526383,500만미만
2024-12-03,2024,3,모아나 2 / 위키드 / 히든페이스,"모아나 2 (<5M, 3,526,383명) / 위키드 (<5M, 2,280,997명) / 히든페이스 (<5M, 1,005,171명)",73.97894736842105,70% 이상,3514,3526383,500만미만
2024-12-07,2024,3,모아나 2 / 소방관 / 위키드,"모아나 2 (<5M, 3,526,383명) / 소방관 (<5M, 3,836,189명) / 위키드 (<5M, 2,280,997명)",65.88815789473684,60% 이상,4006,3836189,500만미만
2024-12-08,2024,3,모아나 2 / 소방관 / 위키드,"모아나 2 (<5M, 3,526,383명) / 소방관 (<5M, 3,836,189명) / 위키드 (<5M, 2,280,997명)",66.05610561056105,60% 이상,4003,3836189,500만미만
2024-12-09,2024,3,소방관 / 모아나 2 / 위키드,"소방관 (<5M, 3,836,189명) / 모아나 2 (<5M, 3,526,383명) / 위키드 (<5M, 2,280,997명)",61.18292205248727,60% 이상,3124,3836189,500만미만
2024-12-10,2024,3,소방관 / 모아나 2 / 위키드,"소방관 (<5M, 3,836,189명) / 모아나 2 (<5M, 3,526,383명) / 위키드 (<5M, 2,280,997명)",62.04183458069468,60% 이상,3233,3836189,500만미만
2024-12-14,2024,3,소방관 / 모아나 2 / 대가족,"소방관 (<5M, 3,836,189명) / 모아나 2 (<5M, 3,526,383명) / 대가족 (<5M, 324,530명)",60.95597897503285,60% 이상,3711,3836189,500만미만
2024-12-15,2024,3,소방관 / 모아나 2 / 대가족,"소방관 (<5M, 3,836,189명) / 모아나 2 (<5M, 3,526,383명) / 대가족 (<5M, 324,530명)",60.389503218352864,60% 이상,3659,3836189,500만미만
2024-12-24,2024,3,하얼빈 / 소방관 / 무파사: 라이온 킹,"하얼빈 (<5M, 4,900,863명) / 소방관 (<5M, 3,836,189명) / 무파사: 라이온 킹 (<5M, 833,832명)",62.207357859531776,60% 이상,3720,4900863,500만미만
2024-12-26,2024,3,하얼빈 / 소방관 / 무파사: 라이온 킹,"하얼빈 (<5M, 4,900,863명) / 소방관 (<5M, 3,836,189명) / 무파사: 라이온 킹 (<5M, 833,832명)",62.45304589253634,60% 이상,3824,4900863,500만미만
2024-12-27,2024,3,하얼빈 / 소방관 / 무파사: 라이온 킹,"하얼빈 (<5M, 4,900,863명) / 소방관 (<5M, 3,836,189명) / 무파사: 라이온 킹 (<5M, 833,832명)",61.03938024531956,60% 이상,3782,4900863,500만미만
2025-01-22,2025,3,히트맨2 / 하얼빈 / 극장판 포켓몬스터 AG: 뮤와 파동의 용사 루카리오,"히트맨2 (<5M, 2,535,747명) / 하얼빈 (<5M, 4,900,863명) / 극장판 포켓몬스터 AG: 뮤와 파동의 용사 루카리오 (<5M, 168,709명)",61.07916850950906,60% 이상,2762,4900863,500만미만
2025-01-23,2025,3,히트맨2 / 하얼빈 / 극장판 포켓몬스터 AG: 뮤와 파동의 용사 루카리오,"히트맨2 (<5M, 2,535,747명) / 하얼빈 (<5M, 4,900,863명) / 극장판 포켓몬스터 AG: 뮤와 파동의 용사 루카리오 (<5M, 168,709명)",65.50738446879467,60% 이상,2750,4900863,500만미만
2025-01-24,2025,3,검은 수녀들 / 히트맨2 / 하얼빈,"검은 수녀들 (<5M, 1,657,383명) / 히트맨2 (<5M, 2,535,747명) / 하얼빈 (<5M, 4,900,863명)",67.63074484944534,60% 이상,3414,4900863,500만미만
2025-01-25,2025,3,검은 수녀들 / 히트맨2 / 극장판 포켓몬스터 AG: 뮤와 파동의 용사 루카리오,"검은 수녀들 (<5M, 1,657,383명) / 히트맨2 (<5M, 2,535,747명) / 극장판 포켓몬스터 AG: 뮤와 파동의 용사 루카리오 (<5M, 168,709명)",62.14090287277702,60% 이상,3634,2535747,500만미만
2025-01-26,2025,3,검은 수녀들 / 히트맨2 / 극장판 포켓몬스터 AG: 뮤와 파동의 용사 루카리오,"검은 수녀들 (<5M, 1,657,383명) / 히트맨2 (<5M, 2,535,747명) / 극장판 포켓몬스터 AG: 뮤와 파동의 용사 루카리오 (<5M, 168,709명)",62.72219400711021,60% 이상,3705,2535747,500만미만
2025-01-27,2025,3,검은 수녀들 / 히트맨2 / 말할 수 없는 비밀,"검은 수녀들 (<5M, 1,657,383명) / 히트맨2 (<5M, 2,535,747명) / 말할 수 없는 비밀 (<5M, 811,097명)",60.36795048143053,60% 이상,3511,2535747,500만미만
2025-01-28,2025,3,히트맨2 / 검은 수녀들 / 말할 수 없는 비밀,"히트맨2 (<5M, 2,535,747명) / 검은 수녀들 (<5M, 1,657,383명) / 말할 수 없는 비밀 (<5M, 811,097명)",61.02965678107298,60% 이상,3663,2535747,500만미만
2025-01-29,2025,3,히트맨2 / 검은 수녀들 / 하얼빈,"히트맨2 (<5M, 2,535,747명) / 검은 수녀들 (<5M, 1,657,383명) / 하얼빈 (<5M, 4,900,863명)",60.972360972360974,60% 이상,3662,4900863,500만미만
2025-01-31,2025,3,히트맨2 / 검은 수녀들 / 말할 수 없는 비밀,"히트맨2 (<5M, 2,535,747명) / 검은 수녀들 (<5M, 1,657,383명) / 말할 수 없는 비밀 (<5M, 811,097명)",62.51609343387898,60% 이상,3399,2535747,500만미만
2025-02-01,2025,3,히트맨2 / 검은 수녀들 / 말할 수 없는 비밀,"히트맨2 (<5M, 2,535,747명) / 검은 수녀들 (<5M, 1,657,383명) / 말할 수 없는 비밀 (<5M, 811,097명)",60.35189613939187,60% 이상,3533,2535747,500만미만
2025-02-02,2025,3,히트맨2 / 검은 수녀들 / 말할 수 없는 비밀,"히트맨2 (<5M, 2,535,747명) / 검은 수녀들 (<5M, 1,657,383명) / 말할 수 없는 비밀 (<5M, 811,097명)",60.4663302592657,60% 이상,3475,2535747,500만미만
2025-02-03,2025,3,히트맨2 / 검은 수녀들 / 말할 수 없는 비밀,"히트맨2 (<5M, 2,535,747명) / 검은 수녀들 (<5M, 1,657,383명) / 말할 수 없는 비밀 (<5M, 811,097명)",67.06881143878462,60% 이상,3002,2535747,500만미만
2025-02-04,2025,3,히트맨2 / 검은 수녀들 / 말할 수 없는 비밀,"히트맨2 (<5M, 2,535,747명) / 검은 수녀들 (<5M, 1,657,383명) / 말할 수 없는 비밀 (<5M, 811,097명)",66.29018245004345,60% 이상,3052,2535747,500만미만
2025-02-07,2025,3,히트맨2 / 말할 수 없는 비밀 / 검은 수녀들,"히트맨2 (<5M, 2,535,747명) / 말할 수 없는 비밀 (<5M, 811,097명) / 검은 수녀들 (<5M, 1,657,383명)",61.89105403011514,60% 이상,2795,2535747,500만미만
2025-02-12,2025,3,캡틴 아메리카: 브레이브 뉴 월드 / 히트맨2 / 말할 수 없는 비밀,"캡틴 아메리카: 브레이브 뉴 월드 (<5M, 1,652,658명) / 히트맨2 (<5M, 2,535,747명) / 말할 수 없는 비밀 (<5M, 811,097명)",62.07105369398466,60% 이상,3075,2535747,500만미만
2025-02-13,2025,3,캡틴 아메리카: 브레이브 뉴 월드 / 히트맨2 / 말할 수 없는 비밀,"캡틴 아메리카: 브레이브 뉴 월드 (<5M, 1,652,658명) / 히트맨2 (<5M, 2,535,747명) / 말할 수 없는 비밀 (<5M, 811,097명)",62.434502216848045,60% 이상,3098,2535747,500만미만
2025-02-14,2025,3,캡틴 아메리카: 브레이브 뉴 월드 / 말할 수 없는 비밀 / 히트맨2,"캡틴 아메리카: 브레이브 뉴 월드 (<5M, 1,652,658명) / 말할 수 없는 비밀 (<5M, 811,097명) / 히트맨2 (<5M, 2,535,747명)",60.64742589703588,60% 이상,3110,2535747,500만미만
2025-02-16,2025,3,캡틴 아메리카: 브레이브 뉴 월드 / 말할 수 없는 비밀 / 히트맨2,"캡틴 아메리카: 브레이브 뉴 월드 (<5M, 1,652,658명) / 말할 수 없는 비밀 (<5M, 811,097명) / 히트맨2 (<5M, 2,535,747명)",61.053024645257665,60% 이상,3270,2535747,500만미만
2025-02-17,2025,3,캡틴 아메리카: 브레이브 뉴 월드 / 말할 수 없는 비밀 / 히트맨2,"캡틴 아메리카: 브레이브 뉴 월드 (<5M, 1,652,658명) / 말할 수 없는 비밀 (<5M, 811,097명) / 히트맨2 (<5M, 2,535,747명)",60.60021436227224,60% 이상,2827,2535747,500만미만
2025-02-18,2025,3,캡틴 아메리카: 브레이브 뉴 월드 / 말할 수 없는 비밀 / 히트맨2,"캡틴 아메리카: 브레이브 뉴 월드 (<5M, 1,652,658명) / 말할 수 없는 비밀 (<5M, 811,097명) / 히트맨2 (<5M, 2,535,747명)",61.57962328767124,60% 이상,2877,2535747,500만미만
2025-02-19,2025,3,캡틴 아메리카: 브레이브 뉴 월드 / 히트맨2 / 말할 수 없는 비밀,"캡틴 아메리카: 브레이브 뉴 월드 (<5M, 1,652,658명) / 히트맨2 (<5M, 2,535,747명) / 말할 수 없는 비밀 (<5M, 811,097명)",61.3992496137718,60% 이상,2782,2535747,500만미만
2025-02-20,2025,3,캡틴 아메리카: 브레이브 뉴 월드 / 히트맨2 / 말할 수 없는 비밀,"캡틴 아메리카: 브레이브 뉴 월드 (<5M, 1,652,658명) / 히트맨2 (<5M, 2,535,747명) / 말할 수 없는 비밀 (<5M, 811,097명)",62.19104876419505,60% 이상,2793,2535747,500만미만
2025-02-28,2025,3,미키 17 / 퇴마록 / 캡틴 아메리카: 브레이브 뉴 월드,"미키 17 (<5M, 3,002,495명) / 퇴마록 (<5M, 490,404명) / 캡틴 아메리카: 브레이브 뉴 월드 (<5M, 1,652,658명)",67.73234200743495,60% 이상,3644,3002495,500만미만
2025-03-01,2025,3,미키 17 / 퇴마록 / 캡틴 아메리카: 브레이브 뉴 월드,"미키 17 (<5M, 3,002,495명) / 퇴마록 (<5M, 490,404명) / 캡틴 아메리카: 브레이브 뉴 월드 (<5M, 1,652,658명)",63.74052232518955,60% 이상,3783,3002495,500만미만
2025-03-02,2025,3,미키 17 / 퇴마록 / 캡틴 아메리카: 브레이브 뉴 월드,"미키 17 (<5M, 3,002,495명) / 퇴마록 (<5M, 490,404명) / 캡틴 아메리카: 브레이브 뉴 월드 (<5M, 1,652,658명)",64.89071038251366,60% 이상,3800,3002495,500만미만
2025-03-03,2025,3,미키 17 / 퇴마록 / 캡틴 아메리카: 브레이브 뉴 월드,"미키 17 (<5M, 3,002,495명) / 퇴마록 (<5M, 490,404명) / 캡틴 아메리카: 브레이브 뉴 월드 (<5M, 1,652,658명)",63.770604395604394,60% 이상,3714,3002495,500만미만
2025-03-04,2025,3,미키 17 / 퇴마록 / 캡틴 아메리카: 브레이브 뉴 월드,"미키 17 (<5M, 3,002,495명) / 퇴마록 (<5M, 490,404명) / 캡틴 아메리카: 브레이브 뉴 월드 (<5M, 1,652,658명)",68.27342613754415,60% 이상,3286,3002495,500만미만
2025-03-05,2025,3,미키 17 / 퇴마록 / 콘클라베,"미키 17 (<5M, 3,002,495명) / 퇴마록 (<5M, 490,404명) / 콘클라베 (<5M, 314,141명)",63.525410164065626,60% 이상,3175,3002495,500만미만
2025-03-06,2025,3,미키 17 / 퇴마록 / 콘클라베,"미키 17 (<5M, 3,002,495명) / 퇴마록 (<5M, 490,404명) / 콘클라베 (<5M, 314,141명)",63.68613138686132,60% 이상,3141,3002495,500만미만
2025-03-07,2025,3,미키 17 / 퇴마록 / 캡틴 아메리카: 브레이브 뉴 월드,"미키 17 (<5M, 3,002,495명) / 퇴마록 (<5M, 490,404명) / 캡틴 아메리카: 브레이브 뉴 월드 (<5M, 1,652,658명)",67.0260374288039,60% 이상,3295,3002495,500만미만
2025-03-08,2025,3,미키 17 / 퇴마록 / 캡틴 아메리카: 브레이브 뉴 월드,"미키 17 (<5M, 3,002,495명) / 퇴마록 (<5M, 490,404명) / 캡틴 아메리카: 브레이브 뉴 월드 (<5M, 1,652,658명)",66.3271189698251,60% 이상,3451,3002495,500만미만
2025-03-09,2025,3,미키 17 / 퇴마록 / 콘클라베,"미키 17 (<5M, 3,002,495명) / 퇴마록 (<5M, 490,404명) / 콘클라베 (<5M, 314,141명)",64.80382775119618,60% 이상,3386,3002495,500만미만
2025-03-10,2025,3,미키 17 / 퇴마록 / 콘클라베,"미키 17 (<5M, 3,002,495명) / 퇴마록 (<5M, 490,404명) / 콘클라베 (<5M, 314,141명)",64.5487831143657,60% 이상,2997,3002495,500만미만
2025-03-11,2025,3,미키 17 / 퇴마록 / 콘클라베,"미키 17 (<5M, 3,002,495명) / 퇴마록 (<5M, 490,404명) / 콘클라베 (<5M, 314,141명)",64.41664869527712,60% 이상,2987,3002495,500만미만
2025-03-31,2025,3,승부 / 미키 17 / 플로우,"승부 (<5M, 2,127,984명) / 미키 17 (<5M, 3,002,495명) / 플로우 (<5M, 173,558명)",64.01305876443999,60% 이상,2549,3002495,500만미만
2025-04-01,2025,3,승부 / 미키 17 / 플로우,"승부 (<5M, 2,127,984명) / 미키 17 (<5M, 3,002,495명) / 플로우 (<5M, 173,558명)",61.81953765846383,60% 이상,2487,3002495,500만미만
2025-04-02,2025,3,승부 / 로비 / 미키 17,"승부 (<5M, 2,127,984명) / 로비 (<5M, 257,757명) / 미키 17 (<5M, 3,002,495명)",67.09770114942529,60% 이상,2802,3002495,500만미만
2025-04-03,2025,3,승부 / 로비 / 미키 17,"승부 (<5M, 2,127,984명) / 로비 (<5M, 257,757명) / 미키 17 (<5M, 3,002,495명)",69.05529382593603,60% 이상,2785,3002495,500만미만
2025-04-04,2025,3,승부 / 로비 / 미키 17,"승부 (<5M, 2,127,984명) / 로비 (<5M, 257,757명) / 미키 17 (<5M, 3,002,495명)",64.51909802116889,60% 이상,2804,3002495,500만미만
2025-04-07,2025,3,승부 / 로비 / 미키 17,"승부 (<5M, 2,127,984명) / 로비 (<5M, 257,757명) / 미키 17 (<5M, 3,002,495명)",65.98437920818745,60% 이상,2450,3002495,500만미만
2025-04-08,2025,3,승부 / 로비 / 미키 17,"승부 (<5M, 2,127,984명) / 로비 (<5M, 257,757명) / 미키 17 (<5M, 3,002,495명)",65.84728033472804,60% 이상,2518,3002495,500만미만
2025-04-09,2025,3,승부 / 아마추어 / 로비,"승부 (<5M, 2,127,984명) / 아마추어 (<5M, 94,254명) / 로비 (<5M, 257,757명)",69.50107296137338,60% 이상,2591,2127984,500만미만
2025-04-10,2025,3,승부 / 아마추어 / 로비,"승부 (<5M, 2,127,984명) / 아마추어 (<5M, 94,254명) / 로비 (<5M, 257,757명)",65.08422664624808,60% 이상,2550,2127984,500만미만
2025-04-11,2025,3,승부 / 아마추어 / 로비,"승부 (<5M, 2,127,984명) / 아마추어 (<5M, 94,254명) / 로비 (<5M, 257,757명)",60.27071954405129,60% 이상,2538,2127984,500만미만
2025-04-14,2025,3,승부 / 아마추어 / 로비,"승부 (<5M, 2,127,984명) / 아마추어 (<5M, 94,254명) / 로비 (<5M, 257,757명)",65.1342090234152,60% 이상,2281,2127984,500만미만
2025-04-15,2025,3,승부 / 아마추어 / 로비,"승부 (<5M, 2,127,984명) / 아마추어 (<5M, 94,254명) / 로비 (<5M, 257,757명)",66.67626728110599,60% 이상,2315,2127984,500만미만
2025-04-16,2025,2,야당 / 승부,"야당 (<5M, 3,370,806명) / 승부 (<5M, 2,127,984명)",62.53305129561079,60% 이상,2365,3370806,500만미만
2025-04-16,2025,3,야당 / 승부 / 브리짓 존스의 일기: 뉴 챕터,"야당 (<5M, 3,370,806명) / 승부 (<5M, 2,127,984명) / 브리짓 존스의 일기: 뉴 챕터 (<5M, 42,312명)",75.6213643574828,70% 이상,2860,3370806,500만미만
2025-04-17,2025,2,야당 / 승부,"야당 (<5M, 3,370,806명) / 승부 (<5M, 2,127,984명)",60.3251206502413,60% 이상,2375,3370806,500만미만
2025-04-17,2025,3,야당 / 승부 / 브리짓 존스의 일기: 뉴 챕터,"야당 (<5M, 3,370,806명) / 승부 (<5M, 2,127,984명) / 브리짓 존스의 일기: 뉴 챕터 (<5M, 42,312명)",71.90754381508762,70% 이상,2831,3370806,500만미만
2025-04-18,2025,3,야당 / 승부 / 브리짓 존스의 일기: 뉴 챕터,"야당 (<5M, 3,370,806명) / 승부 (<5M, 2,127,984명) / 브리짓 존스의 일기: 뉴 챕터 (<5M, 42,312명)",70.18086625416468,70% 이상,2949,3370806,500만미만
2025-04-19,2025,2,야당 / 승부,"야당 (<5M, 3,370,806명) / 승부 (<5M, 2,127,984명)",63.249063670411985,60% 이상,2702,3370806,500만미만
2025-04-19,2025,3,야당 / 승부 / 브리짓 존스의 일기: 뉴 챕터,"야당 (<5M, 3,370,806명) / 승부 (<5M, 2,127,984명) / 브리짓 존스의 일기: 뉴 챕터 (<5M, 42,312명)",74.55524344569288,70% 이상,3185,3370806,500만미만
2025-04-20,2025,3,야당 / 승부 / 브리짓 존스의 일기: 뉴 챕터,"야당 (<5M, 3,370,806명) / 승부 (<5M, 2,127,984명) / 브리짓 존스의 일기: 뉴 챕터 (<5M, 42,312명)",68.5326918871638,60% 이상,3134,3370806,500만미만
2025-04-21,2025,2,야당 / 승부,"야당 (<5M, 3,370,806명) / 승부 (<5M, 2,127,984명)",63.4646519158122,60% 이상,2352,3370806,500만미만
2025-04-21,2025,3,야당 / 승부 / 브리짓 존스의 일기: 뉴 챕터,"야당 (<5M, 3,370,806명) / 승부 (<5M, 2,127,984명) / 브리짓 존스의 일기: 뉴 챕터 (<5M, 42,312명)",74.85159201295197,70% 이상,2774,3370806,500만미만
2025-04-22,2025,2,야당 / 승부,"야당 (<5M, 3,370,806명) / 승부 (<5M, 2,127,984명)",61.47709727225939,60% 이상,2389,3370806,500만미만
2025-04-22,2025,3,야당 / 승부 / 브리짓 존스의 일기: 뉴 챕터,"야당 (<5M, 3,370,806명) / 승부 (<5M, 2,127,984명) / 브리짓 존스의 일기: 뉴 챕터 (<5M, 42,312명)",72.20792588780236,70% 이상,2806,3370806,500만미만
2025-04-23,2025,2,야당 / 승부,"야당 (<5M, 3,370,806명) / 승부 (<5M, 2,127,984명)",64.86343145054362,60% 이상,2446,3370806,500만미만
2025-04-23,2025,3,야당 / 승부 / 브리짓 존스의 일기: 뉴 챕터,"야당 (<5M, 3,370,806명) / 승부 (<5M, 2,127,984명) / 브리짓 존스의 일기: 뉴 챕터 (<5M, 42,312명)",73.03102625298328,70% 이상,2754,3370806,500만미만
2025-04-24,2025,2,야당 / 승부,"야당 (<5M, 3,370,806명) / 승부 (<5M, 2,127,984명)",66.97099892588614,60% 이상,2494,3370806,500만미만
2025-04-24,2025,3,야당 / 승부 / 브리짓 존스의 일기: 뉴 챕터,"야당 (<5M, 3,370,806명) / 승부 (<5M, 2,127,984명) / 브리짓 존스의 일기: 뉴 챕터 (<5M, 42,312명)",74.97314715359828,70% 이상,2792,3370806,500만미만
2025-04-25,2025,2,야당 / 승부,"야당 (<5M, 3,370,806명) / 승부 (<5M, 2,127,984명)",65.18218623481782,60% 이상,2576,3370806,500만미만
2025-04-25,2025,3,야당 / 승부 / 브리짓 존스의 일기: 뉴 챕터,"야당 (<5M, 3,370,806명) / 승부 (<5M, 2,127,984명) / 브리짓 존스의 일기: 뉴 챕터 (<5M, 42,312명)",72.82388663967612,70% 이상,2878,3370806,500만미만
2025-04-26,2025,2,야당 / A MINECRAFT MOVIE 마인크래프트 무비,"야당 (<5M, 3,370,806명) / A MINECRAFT MOVIE 마인크래프트 무비 (<5M, 1,355,645명)",65.86021505376344,60% 이상,3185,3370806,500만미만
2025-04-26,2025,3,야당 / A MINECRAFT MOVIE 마인크래프트 무비 / 승부,"야당 (<5M, 3,370,806명) / A MINECRAFT MOVIE 마인크래프트 무비 (<5M, 1,355,645명) / 승부 (<5M, 2,127,984명)",79.88006617038874,70% 이상,3863,3370806,500만미만
2025-04-27,2025,2,야당 / A MINECRAFT MOVIE 마인크래프트 무비,"야당 (<5M, 3,370,806명) / A MINECRAFT MOVIE 마인크래프트 무비 (<5M, 1,355,645명)",65.12956539481738,60% 이상,3192,3370806,500만미만
2025-04-27,2025,3,야당 / A MINECRAFT MOVIE 마인크래프트 무비 / 승부,"야당 (<5M, 3,370,806명) / A MINECRAFT MOVIE 마인크래프트 무비 (<5M, 1,355,645명) / 승부 (<5M, 2,127,984명)",78.188124872475,70% 이상,3832,3370806,500만미만
2025-04-28,2025,2,야당 / A MINECRAFT MOVIE 마인크래프트 무비,"야당 (<5M, 3,370,806명) / A MINECRAFT MOVIE 마인크래프트 무비 (<5M, 1,355,645명)",62.487660414610076,60% 이상,2532,3370806,500만미만
2025-04-28,2025,3,야당 / A MINECRAFT MOVIE 마인크래프트 무비 / 승부,"야당 (<5M, 3,370,806명) / A MINECRAFT MOVIE 마인크래프트 무비 (<5M, 1,355,645명) / 승부 (<5M, 2,127,984명)",76.9990128331688,70% 이상,3120,3370806,500만미만
2025-04-29,2025,2,야당 / A MINECRAFT MOVIE 마인크래프트 무비,"야당 (<5M, 3,370,806명) / A MINECRAFT MOVIE 마인크래프트 무비 (<5M, 1,355,645명)",62.466618111192034,60% 이상,2573,3370806,500만미만
2025-04-29,2025,3,야당 / A MINECRAFT MOVIE 마인크래프트 무비 / 승부,"야당 (<5M, 3,370,806명) / A MINECRAFT MOVIE 마인크래프트 무비 (<5M, 1,355,645명) / 승부 (<5M, 2,127,984명)",76.93614955086186,70% 이상,3169,3370806,500만미만
2025-04-30,2025,3,썬더볼츠＊ / 야당 / 거룩한 밤: 데몬 헌터스,"썬더볼츠＊ (<5M, 917,148명) / 야당 (<5M, 3,370,806명) / 거룩한 밤: 데몬 헌터스 (<5M, 772,903명)",62.15495907100705,60% 이상,3265,3370806,500만미만
2025-05-17,2025,3,미션 임파서블: 파이널 레코닝 / 야당 / A MINECRAFT MOVIE 마인크래프트 무비,"미션 임파서블: 파이널 레코닝 (<5M, 3,380,750명) / 야당 (<5M, 3,370,806명) / A MINECRAFT MOVIE 마인크래프트 무비 (<5M, 1,355,645명)",65.95707248416608,60% 이상,3749,3380750,500만미만
2025-05-18,2025,3,미션 임파서블: 파이널 레코닝 / 야당 / A MINECRAFT MOVIE 마인크래프트 무비,"미션 임파서블: 파이널 레코닝 (<5M, 3,380,750명) / 야당 (<5M, 3,370,806명) / A MINECRAFT MOVIE 마인크래프트 무비 (<5M, 1,355,645명)",66.88195191962684,60% 이상,3728,3380750,500만미만
2025-05-19,2025,3,미션 임파서블: 파이널 레코닝 / 야당 / 파과,"미션 임파서블: 파이널 레코닝 (<5M, 3,380,750명) / 야당 (<5M, 3,370,806명) / 파과 (<5M, 543,979명)",65.09433962264151,60% 이상,3243,3380750,500만미만
2025-05-20,2025,3,미션 임파서블: 파이널 레코닝 / 야당 / 파과,"미션 임파서블: 파이널 레코닝 (<5M, 3,380,750명) / 야당 (<5M, 3,370,806명) / 파과 (<5M, 543,979명)",65.48021475442434,60% 이상,3293,3380750,500만미만
2025-05-21,2025,3,미션 임파서블: 파이널 레코닝 / 릴로 & 스티치 / 야당,"미션 임파서블: 파이널 레코닝 (<5M, 3,380,750명) / 릴로 & 스티치 (<5M, 479,871명) / 야당 (<5M, 3,370,806명)",68.10624493106245,60% 이상,3359,3380750,500만미만
2025-05-22,2025,3,미션 임파서블: 파이널 레코닝 / 릴로 & 스티치 / 야당,"미션 임파서블: 파이널 레코닝 (<5M, 3,380,750명) / 릴로 & 스티치 (<5M, 479,871명) / 야당 (<5M, 3,370,806명)",66.3490776403811,60% 이상,3273,3380750,500만미만
2025-05-23,2025,3,미션 임파서블: 파이널 레코닝 / 릴로 & 스티치 / 야당,"미션 임파서블: 파이널 레코닝 (<5M, 3,380,750명) / 릴로 & 스티치 (<5M, 479,871명) / 야당 (<5M, 3,370,806명)",67.3054587688734,60% 이상,3477,3380750,500만미만
2025-05-24,2025,3,미션 임파서블: 파이널 레코닝 / 릴로 & 스티치 / 야당,"미션 임파서블: 파이널 레코닝 (<5M, 3,380,750명) / 릴로 & 스티치 (<5M, 479,871명) / 야당 (<5M, 3,370,806명)",67.89103690685413,60% 이상,3863,3380750,500만미만
2025-05-25,2025,3,미션 임파서블: 파이널 레코닝 / 릴로 & 스티치 / 야당,"미션 임파서블: 파이널 레코닝 (<5M, 3,380,750명) / 릴로 & 스티치 (<5M, 479,871명) / 야당 (<5M, 3,370,806명)",68.2983682983683,60% 이상,3809,3380750,500만미만
2025-05-26,2025,3,미션 임파서블: 파이널 레코닝 / 릴로 & 스티치 / 야당,"미션 임파서블: 파이널 레코닝 (<5M, 3,380,750명) / 릴로 & 스티치 (<5M, 479,871명) / 야당 (<5M, 3,370,806명)",68.28521434820647,60% 이상,3122,3380750,500만미만
2025-05-27,2025,3,미션 임파서블: 파이널 레코닝 / 릴로 & 스티치 / 야당,"미션 임파서블: 파이널 레코닝 (<5M, 3,380,750명) / 릴로 & 스티치 (<5M, 479,871명) / 야당 (<5M, 3,370,806명)",69.02268760907505,60% 이상,3164,3380750,500만미만
2025-05-28,2025,3,미션 임파서블: 파이널 레코닝 / 릴로 & 스티치 / 야당,"미션 임파서블: 파이널 레코닝 (<5M, 3,380,750명) / 릴로 & 스티치 (<5M, 479,871명) / 야당 (<5M, 3,370,806명)",64.45959104186952,60% 이상,3310,3380750,500만미만
2025-05-29,2025,3,미션 임파서블: 파이널 레코닝 / 야당 / 릴로 & 스티치,"미션 임파서블: 파이널 레코닝 (<5M, 3,380,750명) / 야당 (<5M, 3,370,806명) / 릴로 & 스티치 (<5M, 479,871명)",66.43041237113403,60% 이상,3093,3380750,500만미만
2025-05-30,2025,3,미션 임파서블: 파이널 레코닝 / 하이파이브 / 소주전쟁,"미션 임파서블: 파이널 레코닝 (<5M, 3,380,750명) / 하이파이브 (<5M, 1,881,386명) / 소주전쟁 (<5M, 274,568명)",64.42524417731029,60% 이상,3430,3380750,500만미만
2025-05-31,2025,3,미션 임파서블: 파이널 레코닝 / 하이파이브 / 소주전쟁,"미션 임파서블: 파이널 레코닝 (<5M, 3,380,750명) / 하이파이브 (<5M, 1,881,386명) / 소주전쟁 (<5M, 274,568명)",62.30971128608924,60% 이상,3561,3380750,500만미만
2025-06-01,2025,3,미션 임파서블: 파이널 레코닝 / 하이파이브 / 소주전쟁,"미션 임파서블: 파이널 레코닝 (<5M, 3,380,750명) / 하이파이브 (<5M, 1,881,386명) / 소주전쟁 (<5M, 274,568명)",60.267479261892674,60% 이상,3560,3380750,500만미만
2025-06-04,2025,3,하이파이브 / 미션 임파서블: 파이널 레코닝 / 소주전쟁,"하이파이브 (<5M, 1,881,386명) / 미션 임파서블: 파이널 레코닝 (<5M, 3,380,750명) / 소주전쟁 (<5M, 274,568명)",67.66780890949406,60% 이상,3357,3380750,500만미만
2025-06-05,2025,3,하이파이브 / 미션 임파서블: 파이널 레코닝 / 소주전쟁,"하이파이브 (<5M, 1,881,386명) / 미션 임파서블: 파이널 레코닝 (<5M, 3,380,750명) / 소주전쟁 (<5M, 274,568명)",66.61520648398302,60% 이상,3452,3380750,500만미만
2025-06-06,2025,3,드래곤 길들이기 / 하이파이브 / 미션 임파서블: 파이널 레코닝,"드래곤 길들이기 (<5M, 1,769,551명) / 하이파이브 (<5M, 1,881,386명) / 미션 임파서블: 파이널 레코닝 (<5M, 3,380,750명)",61.333333333333336,60% 이상,3772,3380750,500만미만
2025-06-07,2025,3,드래곤 길들이기 / 하이파이브 / 미션 임파서블: 파이널 레코닝,"드래곤 길들이기 (<5M, 1,769,551명) / 하이파이브 (<5M, 1,881,386명) / 미션 임파서블: 파이널 레코닝 (<5M, 3,380,750명)",61.74125305126119,60% 이상,3794,3380750,500만미만
2025-06-08,2025,3,드래곤 길들이기 / 하이파이브 / 미션 임파서블: 파이널 레코닝,"드래곤 길들이기 (<5M, 1,769,551명) / 하이파이브 (<5M, 1,881,386명) / 미션 임파서블: 파이널 레코닝 (<5M, 3,380,750명)",61.15688859591299,60% 이상,3711,3380750,500만미만
2025-06-09,2025,3,드래곤 길들이기 / 하이파이브 / 미션 임파서블: 파이널 레코닝,"드래곤 길들이기 (<5M, 1,769,551명) / 하이파이브 (<5M, 1,881,386명) / 미션 임파서블: 파이널 레코닝 (<5M, 3,380,750명)",65.58079725675097,60% 이상,3060,3380750,500만미만
2025-06-10,2025,3,드래곤 길들이기 / 하이파이브 / 미션 임파서블: 파이널 레코닝,"드래곤 길들이기 (<5M, 1,769,551명) / 하이파이브 (<5M, 1,881,386명) / 미션 임파서블: 파이널 레코닝 (<5M, 3,380,750명)",63.565891472868216,60% 이상,3116,3380750,500만미만
2025-06-14,2025,3,드래곤 길들이기 / 하이파이브 / 미션 임파서블: 파이널 레코닝,"드래곤 길들이기 (<5M, 1,769,551명) / 하이파이브 (<5M, 1,881,386명) / 미션 임파서블: 파이널 레코닝 (<5M, 3,380,750명)",60.12646793134598,60% 이상,3328,3380750,500만미만
2025-06-15,2025,3,드래곤 길들이기 / 하이파이브 / 미션 임파서블: 파이널 레코닝,"드래곤 길들이기 (<5M, 1,769,551명) / 하이파이브 (<5M, 1,881,386명) / 미션 임파서블: 파이널 레코닝 (<5M, 3,380,750명)",60.680944535969246,60% 이상,3315,3380750,500만미만
2025-06-16,2025,3,하이파이브 / 드래곤 길들이기 / 미션 임파서블: 파이널 레코닝,"하이파이브 (<5M, 1,881,386명) / 드래곤 길들이기 (<5M, 1,769,551명) / 미션 임파서블: 파이널 레코닝 (<5M, 3,380,750명)",65.83292860611948,60% 이상,2711,3380750,500만미만
2025-06-17,2025,3,하이파이브 / 드래곤 길들이기 / 미션 임파서블: 파이널 레코닝,"하이파이브 (<5M, 1,881,386명) / 드래곤 길들이기 (<5M, 1,769,551명) / 미션 임파서블: 파이널 레코닝 (<5M, 3,380,750명)",62.62081366599236,60% 이상,2786,3380750,500만미만
2025-07-02,2025,3,쥬라기 월드: 새로운 시작 / F1 더 무비 / 노이즈,"쥬라기 월드: 새로운 시작 (<5M, 2,194,112명) / F1 더 무비 (5M+, 5,261,209명) / 노이즈 (<5M, 1,699,845명)",61.56267357896685,60% 이상,3325,5261209,500만+
2025-07-03,2025,3,쥬라기 월드: 새로운 시작 / F1 더 무비 / 노이즈,"쥬라기 월드: 새로운 시작 (<5M, 2,194,112명) / F1 더 무비 (5M+, 5,261,209명) / 노이즈 (<5M, 1,699,845명)",62.5328330206379,60% 이상,3333,5261209,500만+
2025-07-04,2025,3,쥬라기 월드: 새로운 시작 / F1 더 무비 / 노이즈,"쥬라기 월드: 새로운 시작 (<5M, 2,194,112명) / F1 더 무비 (5M+, 5,261,209명) / 노이즈 (<5M, 1,699,845명)",62.323250402720596,60% 이상,3482,5261209,500만+
2025-07-05,2025,3,쥬라기 월드: 새로운 시작 / F1 더 무비 / 노이즈,"쥬라기 월드: 새로운 시작 (<5M, 2,194,112명) / F1 더 무비 (5M+, 5,261,209명) / 노이즈 (<5M, 1,699,845명)",60.97644834106928,60% 이상,3547,5261209,500만+
2025-07-06,2025,3,쥬라기 월드: 새로운 시작 / 노이즈 / F1 더 무비,"쥬라기 월드: 새로운 시작 (<5M, 2,194,112명) / 노이즈 (<5M, 1,699,845명) / F1 더 무비 (5M+, 5,261,209명)",62.33586731167934,60% 이상,3608,5261209,500만+
2025-07-07,2025,3,쥬라기 월드: 새로운 시작 / F1 더 무비 / 노이즈,"쥬라기 월드: 새로운 시작 (<5M, 2,194,112명) / F1 더 무비 (5M+, 5,261,209명) / 노이즈 (<5M, 1,699,845명)",63.89055322548432,60% 이상,3199,5261209,500만+
2025-07-08,2025,3,쥬라기 월드: 새로운 시작 / F1 더 무비 / 노이즈,"쥬라기 월드: 새로운 시작 (<5M, 2,194,112명) / F1 더 무비 (5M+, 5,261,209명) / 노이즈 (<5M, 1,699,845명)",63.476070528967256,60% 이상,3276,5261209,500만+
2025-07-09,2025,3,슈퍼맨 / 쥬라기 월드: 새로운 시작 / 노이즈,"슈퍼맨 (<5M, 851,220명) / 쥬라기 월드: 새로운 시작 (<5M, 2,194,112명) / 노이즈 (<5M, 1,699,845명)",60.03280481137233,60% 이상,3294,2194112,500만미만
2025-07-15,2025,3,쥬라기 월드: 새로운 시작 / 슈퍼맨 / F1 더 무비,"쥬라기 월드: 새로운 시작 (<5M, 2,194,112명) / 슈퍼맨 (<5M, 851,220명) / F1 더 무비 (5M+, 5,261,209명)",60.84635159185288,60% 이상,3077,5261209,500만+
2025-08-20,2025,3,좀비딸 / F1 더 무비 / 악마가 이사왔다,"좀비딸 (5M+, 5,641,601명) / F1 더 무비 (5M+, 5,261,209명) / 악마가 이사왔다 (<5M, 436,088명)",61.54342218400688,60% 이상,2863,5641601,500만+
2025-08-21,2025,3,좀비딸 / F1 더 무비 / 악마가 이사왔다,"좀비딸 (5M+, 5,641,601명) / F1 더 무비 (5M+, 5,261,209명) / 악마가 이사왔다 (<5M, 436,088명)",63.05167442891994,60% 이상,2843,5641601,500만+
2025-08-22,2025,3,극장판 귀멸의 칼날: 무한성편 / 좀비딸 / F1 더 무비,"극장판 귀멸의 칼날: 무한성편 (5M+, 5,809,650명) / 좀비딸 (5M+, 5,641,601명) / F1 더 무비 (5M+, 5,261,209명)",70.18714100426162,70% 이상,3788,5809650,500만+
2025-08-23,2025,3,극장판 귀멸의 칼날: 무한성편 / 좀비딸 / F1 더 무비,"극장판 귀멸의 칼날: 무한성편 (5M+, 5,809,650명) / 좀비딸 (5M+, 5,641,601명) / F1 더 무비 (5M+, 5,261,209명)",65.56839744695532,60% 이상,3801,5809650,500만+
2025-08-24,2025,3,극장판 귀멸의 칼날: 무한성편 / 좀비딸 / F1 더 무비,"극장판 귀멸의 칼날: 무한성편 (5M+, 5,809,650명) / 좀비딸 (5M+, 5,641,601명) / F1 더 무비 (5M+, 5,261,209명)",65.99720572825707,60% 이상,3779,5809650,500만+
2025-08-25,2025,3,극장판 귀멸의 칼날: 무한성편 / 좀비딸 / F1 더 무비,"극장판 귀멸의 칼날: 무한성편 (5M+, 5,809,650명) / 좀비딸 (5M+, 5,641,601명) / F1 더 무비 (5M+, 5,261,209명)",68.23364672934588,60% 이상,3411,5809650,500만+
2025-08-26,2025,3,극장판 귀멸의 칼날: 무한성편 / 좀비딸 / F1 더 무비,"극장판 귀멸의 칼날: 무한성편 (5M+, 5,809,650명) / 좀비딸 (5M+, 5,641,601명) / F1 더 무비 (5M+, 5,261,209명)",67.92489732055544,60% 이상,3473,5809650,500만+
2025-08-27,2025,3,극장판 귀멸의 칼날: 무한성편 / 좀비딸 / F1 더 무비,"극장판 귀멸의 칼날: 무한성편 (5M+, 5,809,650명) / 좀비딸 (5M+, 5,641,601명) / F1 더 무비 (5M+, 5,261,209명)",64.11042944785275,60% 이상,3762,5809650,500만+
2025-08-28,2025,3,극장판 귀멸의 칼날: 무한성편 / 좀비딸 / F1 더 무비,"극장판 귀멸의 칼날: 무한성편 (5M+, 5,809,650명) / 좀비딸 (5M+, 5,641,601명) / F1 더 무비 (5M+, 5,261,209명)",62.44139920663541,60% 이상,3463,5809650,500만+
2025-08-29,2025,3,극장판 귀멸의 칼날: 무한성편 / 좀비딸 / F1 더 무비,"극장판 귀멸의 칼날: 무한성편 (5M+, 5,809,650명) / 좀비딸 (5M+, 5,641,601명) / F1 더 무비 (5M+, 5,261,209명)",62.36292889989387,60% 이상,3526,5809650,500만+
2025-08-30,2025,3,극장판 귀멸의 칼날: 무한성편 / 좀비딸 / F1 더 무비,"극장판 귀멸의 칼날: 무한성편 (5M+, 5,809,650명) / 좀비딸 (5M+, 5,641,601명) / F1 더 무비 (5M+, 5,261,209명)",63.07097680955727,60% 이상,3590,5809650,500만+
2025-08-31,2025,3,극장판 귀멸의 칼날: 무한성편 / 좀비딸 / F1 더 무비,"극장판 귀멸의 칼날: 무한성편 (5M+, 5,809,650명) / 좀비딸 (5M+, 5,641,601명) / F1 더 무비 (5M+, 5,261,209명)",63.06147613175973,60% 이상,3580,5809650,500만+
2025-09-01,2025,3,극장판 귀멸의 칼날: 무한성편 / F1 더 무비 / 좀비딸,"극장판 귀멸의 칼날: 무한성편 (5M+, 5,809,650명) / F1 더 무비 (5M+, 5,261,209명) / 좀비딸 (5M+, 5,641,601명)",65.04995836802664,60% 이상,3125,5809650,500만+
2025-09-02,2025,3,극장판 귀멸의 칼날: 무한성편 / F1 더 무비 / 좀비딸,"극장판 귀멸의 칼날: 무한성편 (5M+, 5,809,650명) / F1 더 무비 (5M+, 5,261,209명) / 좀비딸 (5M+, 5,641,601명)",65.00101978380583,60% 이상,3187,5809650,500만+
2025-09-03,2025,3,극장판 귀멸의 칼날: 무한성편 / 컨저링: 마지막 의식 / 좀비딸,"극장판 귀멸의 칼날: 무한성편 (5M+, 5,809,650명) / 컨저링: 마지막 의식 (<5M, 410,827명) / 좀비딸 (5M+, 5,641,601명)",66.69498725573492,60% 이상,3140,5809650,500만+
2025-09-04,2025,3,극장판 귀멸의 칼날: 무한성편 / 컨저링: 마지막 의식 / 좀비딸,"극장판 귀멸의 칼날: 무한성편 (5M+, 5,809,650명) / 컨저링: 마지막 의식 (<5M, 410,827명) / 좀비딸 (5M+, 5,641,601명)",64.45231153685964,60% 이상,3095,5809650,500만+
2025-09-05,2025,3,극장판 귀멸의 칼날: 무한성편 / 컨저링: 마지막 의식 / 살인자 리포트,"극장판 귀멸의 칼날: 무한성편 (5M+, 5,809,650명) / 컨저링: 마지막 의식 (<5M, 410,827명) / 살인자 리포트 (<5M, 360,799명)",60.2154750244858,60% 이상,3074,5809650,500만+
2025-09-08,2025,3,극장판 귀멸의 칼날: 무한성편 / 컨저링: 마지막 의식 / 살인자 리포트,"극장판 귀멸의 칼날: 무한성편 (5M+, 5,809,650명) / 컨저링: 마지막 의식 (<5M, 410,827명) / 살인자 리포트 (<5M, 360,799명)",60.08583690987124,60% 이상,2800,5809650,500만+
2025-09-09,2025,3,극장판 귀멸의 칼날: 무한성편 / 컨저링: 마지막 의식 / 살인자 리포트,"극장판 귀멸의 칼날: 무한성편 (5M+, 5,809,650명) / 컨저링: 마지막 의식 (<5M, 410,827명) / 살인자 리포트 (<5M, 360,799명)",60.74486301369863,60% 이상,2838,5809650,500만+
2025-09-24,2025,3,어쩔수가없다 / 극장판 체인소 맨: 레제편 / 얼굴,"어쩔수가없다 (<5M, 2,925,401명) / 극장판 체인소 맨: 레제편 (<5M, 3,453,440명) / 얼굴 (<5M, 1,067,555명)",71.13323124042878,70% 이상,3716,3453440,500만미만
2025-09-25,2025,3,어쩔수가없다 / 극장판 체인소 맨: 레제편 / 얼굴,"어쩔수가없다 (<5M, 2,925,401명) / 극장판 체인소 맨: 레제편 (<5M, 3,453,440명) / 얼굴 (<5M, 1,067,555명)",69.55278742086992,60% 이상,3406,3453440,500만미만
2025-09-26,2025,3,어쩔수가없다 / 극장판 체인소 맨: 레제편 / 얼굴,"어쩔수가없다 (<5M, 2,925,401명) / 극장판 체인소 맨: 레제편 (<5M, 3,453,440명) / 얼굴 (<5M, 1,067,555명)",69.25802007478843,60% 이상,3519,3453440,500만미만
2025-09-27,2025,3,어쩔수가없다 / 극장판 체인소 맨: 레제편 / 얼굴,"어쩔수가없다 (<5M, 2,925,401명) / 극장판 체인소 맨: 레제편 (<5M, 3,453,440명) / 얼굴 (<5M, 1,067,555명)",63.05207080254339,60% 이상,3669,3453440,500만미만
2025-09-28,2025,3,어쩔수가없다 / 극장판 체인소 맨: 레제편 / 얼굴,"어쩔수가없다 (<5M, 2,925,401명) / 극장판 체인소 맨: 레제편 (<5M, 3,453,440명) / 얼굴 (<5M, 1,067,555명)",63.13157440938093,60% 이상,3661,3453440,500만미만
2025-09-29,2025,3,어쩔수가없다 / 극장판 체인소 맨: 레제편 / 얼굴,"어쩔수가없다 (<5M, 2,925,401명) / 극장판 체인소 맨: 레제편 (<5M, 3,453,440명) / 얼굴 (<5M, 1,067,555명)",66.15961658678891,60% 이상,3175,3453440,500만미만
2025-09-30,2025,3,어쩔수가없다 / 극장판 체인소 맨: 레제편 / 얼굴,"어쩔수가없다 (<5M, 2,925,401명) / 극장판 체인소 맨: 레제편 (<5M, 3,453,440명) / 얼굴 (<5M, 1,067,555명)",66.0373486558588,60% 이상,3218,3453440,500만미만
2025-11-23,2025,3,위키드: 포 굿 / 나우 유 씨 미 3 / 극장판 체인소 맨: 레제편,"위키드: 포 굿 (<5M, 964,710명) / 나우 유 씨 미 3 (<5M, 1,367,031명) / 극장판 체인소 맨: 레제편 (<5M, 3,453,440명)",60.33012878650462,60% 이상,3326,3453440,500만미만
2025-11-25,2025,3,위키드: 포 굿 / 나우 유 씨 미 3 / 극장판 체인소 맨: 레제편,"위키드: 포 굿 (<5M, 964,710명) / 나우 유 씨 미 3 (<5M, 1,367,031명) / 극장판 체인소 맨: 레제편 (<5M, 3,453,440명)",62.55648805681085,60% 이상,2907,3453440,500만미만
2025-11-26,2025,3,주토피아 2 / 위키드: 포 굿 / 나우 유 씨 미 3,"주토피아 2 (5M+, 8,604,180명) / 위키드: 포 굿 (<5M, 964,710명) / 나우 유 씨 미 3 (<5M, 1,367,031명)",71.52425778421434,70% 이상,3951,8604180,500만+
2025-11-27,2025,3,주토피아 2 / 위키드: 포 굿 / 나우 유 씨 미 3,"주토피아 2 (5M+, 8,604,180명) / 위키드: 포 굿 (<5M, 964,710명) / 나우 유 씨 미 3 (<5M, 1,367,031명)",71.25585023400936,70% 이상,3654,8604180,500만+
2025-11-28,2025,3,주토피아 2 / 위키드: 포 굿 / 나우 유 씨 미 3,"주토피아 2 (5M+, 8,604,180명) / 위키드: 포 굿 (<5M, 964,710명) / 나우 유 씨 미 3 (<5M, 1,367,031명)",72.27082540890072,70% 이상,3800,8604180,500만+
2025-11-29,2025,2,주토피아 2 / 위키드: 포 굿,"주토피아 2 (5M+, 8,604,180명) / 위키드: 포 굿 (<5M, 964,710명)",60.97871566308896,60% 이상,3352,8604180,500만+
2025-11-29,2025,3,주토피아 2 / 위키드: 포 굿 / 나우 유 씨 미 3,"주토피아 2 (5M+, 8,604,180명) / 위키드: 포 굿 (<5M, 964,710명) / 나우 유 씨 미 3 (<5M, 1,367,031명)",76.18701109696198,70% 이상,4188,8604180,500만+
2025-11-30,2025,3,주토피아 2 / 위키드: 포 굿 / 나우 유 씨 미 3,"주토피아 2 (5M+, 8,604,180명) / 위키드: 포 굿 (<5M, 964,710명) / 나우 유 씨 미 3 (<5M, 1,367,031명)",74.35805351050458,70% 이상,4141,8604180,500만+
2025-12-01,2025,3,주토피아 2 / 위키드: 포 굿 / 나우 유 씨 미 3,"주토피아 2 (5M+, 8,604,180명) / 위키드: 포 굿 (<5M, 964,710명) / 나우 유 씨 미 3 (<5M, 1,367,031명)",72.54150702426564,70% 이상,3408,8604180,500만+
2025-12-02,2025,3,주토피아 2 / 위키드: 포 굿 / 나우 유 씨 미 3,"주토피아 2 (5M+, 8,604,180명) / 위키드: 포 굿 (<5M, 964,710명) / 나우 유 씨 미 3 (<5M, 1,367,031명)",72.23377703826955,70% 이상,3473,8604180,500만+
2025-12-16,2025,3,주토피아 2 / 윗집 사람들 / 극장판 주술회전: 시부야사변 X 사멸회유,"주토피아 2 (5M+, 8,604,180명) / 윗집 사람들 (<5M, 545,602명) / 극장판 주술회전: 시부야사변 X 사멸회유 (<5M, 357,540명)",61.288343558282214,60% 이상,2997,8604180,500만+
2025-12-17,2025,2,아바타: 불과 재 / 주토피아 2,"아바타: 불과 재 (5M+, 6,731,026명) / 주토피아 2 (5M+, 8,604,180명)",73.08612440191388,70% 이상,3666,8604180,500만+
2025-12-17,2025,3,아바타: 불과 재 / 주토피아 2 / 윗집 사람들,"아바타: 불과 재 (5M+, 6,731,026명) / 주토피아 2 (5M+, 8,604,180명) / 윗집 사람들 (<5M, 545,602명)",83.07416267942584,70% 이상,4167,8604180,500만+
2025-12-18,2025,2,아바타: 불과 재 / 주토피아 2,"아바타: 불과 재 (5M+, 6,731,026명) / 주토피아 2 (5M+, 8,604,180명)",72.6424459003375,70% 이상,3659,8604180,500만+
2025-12-18,2025,3,아바타: 불과 재 / 주토피아 2 / 윗집 사람들,"아바타: 불과 재 (5M+, 6,731,026명) / 주토피아 2 (5M+, 8,604,180명) / 윗집 사람들 (<5M, 545,602명)",83.10502283105023,70% 이상,4186,8604180,500만+
2025-12-19,2025,2,아바타: 불과 재 / 주토피아 2,"아바타: 불과 재 (5M+, 6,731,026명) / 주토피아 2 (5M+, 8,604,180명)",71.65018421562924,70% 이상,3695,8604180,500만+
2025-12-19,2025,3,아바타: 불과 재 / 주토피아 2 / 윗집 사람들,"아바타: 불과 재 (5M+, 6,731,026명) / 주토피아 2 (5M+, 8,604,180명) / 윗집 사람들 (<5M, 545,602명)",82.27651735505138,70% 이상,4243,8604180,500만+
2025-12-20,2025,2,아바타: 불과 재 / 주토피아 2,"아바타: 불과 재 (5M+, 6,731,026명) / 주토피아 2 (5M+, 8,604,180명)",69.08921933085503,60% 이상,3717,8604180,500만+
2025-12-20,2025,3,아바타: 불과 재 / 주토피아 2 / 뽀로로 극장판 스위트캐슬 대모험,"아바타: 불과 재 (5M+, 6,731,026명) / 주토피아 2 (5M+, 8,604,180명) / 뽀로로 극장판 스위트캐슬 대모험 (<5M, 249,736명)",80.20446096654275,70% 이상,4315,8604180,500만+
2025-12-21,2025,2,아바타: 불과 재 / 주토피아 2,"아바타: 불과 재 (5M+, 6,731,026명) / 주토피아 2 (5M+, 8,604,180명)",68.69272489246306,60% 이상,3673,8604180,500만+
2025-12-21,2025,3,아바타: 불과 재 / 주토피아 2 / 뽀로로 극장판 스위트캐슬 대모험,"아바타: 불과 재 (5M+, 6,731,026명) / 주토피아 2 (5M+, 8,604,180명) / 뽀로로 극장판 스위트캐슬 대모험 (<5M, 249,736명)",79.91397045072003,70% 이상,4273,8604180,500만+
2025-12-22,2025,2,아바타: 불과 재 / 주토피아 2,"아바타: 불과 재 (5M+, 6,731,026명) / 주토피아 2 (5M+, 8,604,180명)",71.8013468013468,70% 이상,3412,8604180,500만+
2025-12-22,2025,3,아바타: 불과 재 / 주토피아 2 / 윗집 사람들,"아바타: 불과 재 (5M+, 6,731,026명) / 주토피아 2 (5M+, 8,604,180명) / 윗집 사람들 (<5M, 545,602명)",82.44949494949495,70% 이상,3918,8604180,500만+
2025-12-23,2025,2,아바타: 불과 재 / 주토피아 2,"아바타: 불과 재 (5M+, 6,731,026명) / 주토피아 2 (5M+, 8,604,180명)",71.14080164439876,70% 이상,3461,8604180,500만+
2025-12-23,2025,3,아바타: 불과 재 / 주토피아 2 / 윗집 사람들,"아바타: 불과 재 (5M+, 6,731,026명) / 주토피아 2 (5M+, 8,604,180명) / 윗집 사람들 (<5M, 545,602명)",81.68550873586845,70% 이상,3974,8604180,500만+
2025-12-24,2025,3,"아바타: 불과 재 / 주토피아 2 / 오늘 밤, 세계에서 이 사랑이 사라진다 해도","아바타: 불과 재 (5M+, 6,731,026명) / 주토피아 2 (5M+, 8,604,180명) / 오늘 밤, 세계에서 이 사랑이 사라진다 해도 (<5M, 1,268,560명)",73.32012250045037,70% 이상,4070,8604180,500만+
2025-12-25,2025,3,"아바타: 불과 재 / 주토피아 2 / 오늘 밤, 세계에서 이 사랑이 사라진다 해도","아바타: 불과 재 (5M+, 6,731,026명) / 주토피아 2 (5M+, 8,604,180명) / 오늘 밤, 세계에서 이 사랑이 사라진다 해도 (<5M, 1,268,560명)",71.76470588235294,70% 이상,4148,8604180,500만+
2025-12-26,2025,3,"아바타: 불과 재 / 주토피아 2 / 오늘 밤, 세계에서 이 사랑이 사라진다 해도","아바타: 불과 재 (5M+, 6,731,026명) / 주토피아 2 (5M+, 8,604,180명) / 오늘 밤, 세계에서 이 사랑이 사라진다 해도 (<5M, 1,268,560명)",71.09062445642721,70% 이상,4087,8604180,500만+
2025-12-27,2025,3,"아바타: 불과 재 / 주토피아 2 / 오늘 밤, 세계에서 이 사랑이 사라진다 해도","아바타: 불과 재 (5M+, 6,731,026명) / 주토피아 2 (5M+, 8,604,180명) / 오늘 밤, 세계에서 이 사랑이 사라진다 해도 (<5M, 1,268,560명)",72.04772767152132,70% 이상,4106,8604180,500만+
2025-12-28,2025,3,"아바타: 불과 재 / 주토피아 2 / 오늘 밤, 세계에서 이 사랑이 사라진다 해도","아바타: 불과 재 (5M+, 6,731,026명) / 주토피아 2 (5M+, 8,604,180명) / 오늘 밤, 세계에서 이 사랑이 사라진다 해도 (<5M, 1,268,560명)",72.50268528464017,70% 이상,4050,8604180,500만+
2025-12-29,2025,3,"아바타: 불과 재 / 주토피아 2 / 오늘 밤, 세계에서 이 사랑이 사라진다 해도","아바타: 불과 재 (5M+, 6,731,026명) / 주토피아 2 (5M+, 8,604,180명) / 오늘 밤, 세계에서 이 사랑이 사라진다 해도 (<5M, 1,268,560명)",73.46329818977522,70% 이상,3693,8604180,500만+
2025-12-30,2025,3,"아바타: 불과 재 / 주토피아 2 / 오늘 밤, 세계에서 이 사랑이 사라진다 해도","아바타: 불과 재 (5M+, 6,731,026명) / 주토피아 2 (5M+, 8,604,180명) / 오늘 밤, 세계에서 이 사랑이 사라진다 해도 (<5M, 1,268,560명)",71.98012232415901,70% 이상,3766,8604180,500만+
2025-12-31,2025,3,아바타: 불과 재 / 주토피아 2 / 만약에 우리,"아바타: 불과 재 (5M+, 6,731,026명) / 주토피아 2 (5M+, 8,604,180명) / 만약에 우리 (<5M, 2,594,460명)",61.04539641943734,60% 이상,3819,8604180,500만+
2026-02-04,2026,3,왕과 사는 남자 / 만약에 우리 / 신의악단,"왕과 사는 남자 (10M+, 16,883,801명) / 만약에 우리 (<5M, 2,594,460명) / 신의악단 (<5M, 1,438,794명)",68.70554765291607,60% 이상,2898,16883801,1000만+
2026-02-05,2026,3,왕과 사는 남자 / 만약에 우리 / 신의악단,"왕과 사는 남자 (10M+, 16,883,801명) / 만약에 우리 (<5M, 2,594,460명) / 신의악단 (<5M, 1,438,794명)",67.35884274381708,60% 이상,2887,16883801,1000만+
2026-02-06,2026,3,왕과 사는 남자 / 만약에 우리 / 신의악단,"왕과 사는 남자 (10M+, 16,883,801명) / 만약에 우리 (<5M, 2,594,460명) / 신의악단 (<5M, 1,438,794명)",63.2807570977918,60% 이상,3009,16883801,1000만+
2026-02-07,2026,3,왕과 사는 남자 / 신의악단 / 만약에 우리,"왕과 사는 남자 (10M+, 16,883,801명) / 신의악단 (<5M, 1,438,794명) / 만약에 우리 (<5M, 2,594,460명)",60.01895734597156,60% 이상,3166,16883801,1000만+
2026-02-09,2026,3,왕과 사는 남자 / 만약에 우리 / 신의악단,"왕과 사는 남자 (10M+, 16,883,801명) / 만약에 우리 (<5M, 2,594,460명) / 신의악단 (<5M, 1,438,794명)",62.41837424003602,60% 이상,2772,16883801,1000만+
2026-02-10,2026,3,왕과 사는 남자 / 만약에 우리 / 신의악단,"왕과 사는 남자 (10M+, 16,883,801명) / 만약에 우리 (<5M, 2,594,460명) / 신의악단 (<5M, 1,438,794명)",60.82293718537973,60% 이상,2779,16883801,1000만+
2026-02-11,2026,3,휴민트 / 왕과 사는 남자 / 넘버원,"휴민트 (<5M, 1,979,498명) / 왕과 사는 남자 (10M+, 16,883,801명) / 넘버원 (<5M, 278,409명)",63.960663324334746,60% 이상,3317,16883801,1000만+
2026-02-12,2026,3,휴민트 / 왕과 사는 남자 / 넘버원,"휴민트 (<5M, 1,979,498명) / 왕과 사는 남자 (10M+, 16,883,801명) / 넘버원 (<5M, 278,409명)",63.09928274820687,60% 이상,3343,16883801,1000만+
2026-02-13,2026,3,왕과 사는 남자 / 휴민트 / 넘버원,"왕과 사는 남자 (10M+, 16,883,801명) / 휴민트 (<5M, 1,979,498명) / 넘버원 (<5M, 278,409명)",65.89738699218005,60% 이상,3455,16883801,1000만+
2026-02-14,2026,3,왕과 사는 남자 / 휴민트 / 넘버원,"왕과 사는 남자 (10M+, 16,883,801명) / 휴민트 (<5M, 1,979,498명) / 넘버원 (<5M, 278,409명)",64.74458874458874,60% 이상,3739,16883801,1000만+
2026-02-15,2026,3,왕과 사는 남자 / 휴민트 / 넘버원,"왕과 사는 남자 (10M+, 16,883,801명) / 휴민트 (<5M, 1,979,498명) / 넘버원 (<5M, 278,409명)",65.8783204798629,60% 이상,3844,16883801,1000만+
2026-02-16,2026,3,왕과 사는 남자 / 휴민트 / 넘버원,"왕과 사는 남자 (10M+, 16,883,801명) / 휴민트 (<5M, 1,979,498명) / 넘버원 (<5M, 278,409명)",66.48170625975376,60% 이상,3834,16883801,1000만+
2026-02-17,2026,3,왕과 사는 남자 / 휴민트 / 넘버원,"왕과 사는 남자 (10M+, 16,883,801명) / 휴민트 (<5M, 1,979,498명) / 넘버원 (<5M, 278,409명)",68.70638754696725,60% 이상,3840,16883801,1000만+
2026-02-18,2026,3,왕과 사는 남자 / 휴민트 / 넘버원,"왕과 사는 남자 (10M+, 16,883,801명) / 휴민트 (<5M, 1,979,498명) / 넘버원 (<5M, 278,409명)",68.44938980617373,60% 이상,3814,16883801,1000만+
2026-02-19,2026,3,왕과 사는 남자 / 휴민트 / 넘버원,"왕과 사는 남자 (10M+, 16,883,801명) / 휴민트 (<5M, 1,979,498명) / 넘버원 (<5M, 278,409명)",69.65983519966194,60% 이상,3297,16883801,1000만+
2026-02-20,2026,3,왕과 사는 남자 / 휴민트 / 넘버원,"왕과 사는 남자 (10M+, 16,883,801명) / 휴민트 (<5M, 1,979,498명) / 넘버원 (<5M, 278,409명)",66.72463768115942,60% 이상,3453,16883801,1000만+
2026-02-21,2026,3,왕과 사는 남자 / 휴민트 / 넘버원,"왕과 사는 남자 (10M+, 16,883,801명) / 휴민트 (<5M, 1,979,498명) / 넘버원 (<5M, 278,409명)",68.81620516632596,60% 이상,3703,16883801,1000만+
2026-02-22,2026,3,왕과 사는 남자 / 휴민트 / 넘버원,"왕과 사는 남자 (10M+, 16,883,801명) / 휴민트 (<5M, 1,979,498명) / 넘버원 (<5M, 278,409명)",68.84031122638014,60% 이상,3716,16883801,1000만+
2026-02-23,2026,3,왕과 사는 남자 / 휴민트 / 넘버원,"왕과 사는 남자 (10M+, 16,883,801명) / 휴민트 (<5M, 1,979,498명) / 넘버원 (<5M, 278,409명)",70.43285238623751,70% 이상,3173,16883801,1000만+
2026-02-24,2026,3,왕과 사는 남자 / 휴민트 / 넘버원,"왕과 사는 남자 (10M+, 16,883,801명) / 휴민트 (<5M, 1,979,498명) / 넘버원 (<5M, 278,409명)",68.03469430928708,60% 이상,3216,16883801,1000만+
2026-02-25,2026,3,왕과 사는 남자 / 휴민트 / 초속 5센티미터,"왕과 사는 남자 (10M+, 16,883,801명) / 휴민트 (<5M, 1,979,498명) / 초속 5센티미터 (<5M, 87,040명)",67.01236537694454,60% 이상,3360,16883801,1000만+
2026-02-26,2026,3,왕과 사는 남자 / 휴민트 / 초속 5센티미터,"왕과 사는 남자 (10M+, 16,883,801명) / 휴민트 (<5M, 1,979,498명) / 초속 5센티미터 (<5M, 87,040명)",65.15533165407221,60% 이상,3104,16883801,1000만+
2026-02-27,2026,3,왕과 사는 남자 / 휴민트 / 초속 5센티미터,"왕과 사는 남자 (10M+, 16,883,801명) / 휴민트 (<5M, 1,979,498명) / 초속 5센티미터 (<5M, 87,040명)",62.78795038393385,60% 이상,3189,16883801,1000만+
2026-02-28,2026,3,왕과 사는 남자 / 휴민트 / 초속 5센티미터,"왕과 사는 남자 (10M+, 16,883,801명) / 휴민트 (<5M, 1,979,498명) / 초속 5센티미터 (<5M, 87,040명)",65.44677689020992,60% 이상,3523,16883801,1000만+
2026-03-01,2026,3,왕과 사는 남자 / 휴민트 / 호퍼스,"왕과 사는 남자 (10M+, 16,883,801명) / 휴민트 (<5M, 1,979,498명) / 호퍼스 (<5M, 754,046명)",62.221429844892135,60% 이상,3490,16883801,1000만+
2026-03-02,2026,3,왕과 사는 남자 / 휴민트 / 호퍼스,"왕과 사는 남자 (10M+, 16,883,801명) / 휴민트 (<5M, 1,979,498명) / 호퍼스 (<5M, 754,046명)",63.611162446867496,60% 이상,3442,16883801,1000만+
2026-03-03,2026,3,왕과 사는 남자 / 휴민트 / 초속 5센티미터,"왕과 사는 남자 (10M+, 16,883,801명) / 휴민트 (<5M, 1,979,498명) / 초속 5센티미터 (<5M, 87,040명)",66.2482884527613,60% 이상,2903,16883801,1000만+
2026-03-04,2026,3,왕과 사는 남자 / 호퍼스 / 휴민트,"왕과 사는 남자 (10M+, 16,883,801명) / 호퍼스 (<5M, 754,046명) / 휴민트 (<5M, 1,979,498명)",66.98240866035182,60% 이상,2970,16883801,1000만+
2026-03-05,2026,3,왕과 사는 남자 / 호퍼스 / 휴민트,"왕과 사는 남자 (10M+, 16,883,801명) / 호퍼스 (<5M, 754,046명) / 휴민트 (<5M, 1,979,498명)",65.90156698300596,60% 이상,2986,16883801,1000만+
2026-03-06,2026,3,왕과 사는 남자 / 호퍼스 / 휴민트,"왕과 사는 남자 (10M+, 16,883,801명) / 호퍼스 (<5M, 754,046명) / 휴민트 (<5M, 1,979,498명)",68.52739012705686,60% 이상,3290,16883801,1000만+
2026-03-07,2026,2,왕과 사는 남자 / 호퍼스,"왕과 사는 남자 (10M+, 16,883,801명) / 호퍼스 (<5M, 754,046명)",61.64277411855869,60% 이상,3182,16883801,1000만+
2026-03-07,2026,3,왕과 사는 남자 / 호퍼스 / 휴민트,"왕과 사는 남자 (10M+, 16,883,801명) / 호퍼스 (<5M, 754,046명) / 휴민트 (<5M, 1,979,498명)",71.69701666020921,70% 이상,3701,16883801,1000만+
2026-03-08,2026,2,왕과 사는 남자 / 호퍼스,"왕과 사는 남자 (10M+, 16,883,801명) / 호퍼스 (<5M, 754,046명)",62.28104320747372,60% 이상,3200,16883801,1000만+
2026-03-08,2026,3,왕과 사는 남자 / 호퍼스 / 휴민트,"왕과 사는 남자 (10M+, 16,883,801명) / 호퍼스 (<5M, 754,046명) / 휴민트 (<5M, 1,979,498명)",72.30439859867653,70% 이상,3715,16883801,1000만+
2026-03-09,2026,3,왕과 사는 남자 / 호퍼스 / 휴민트,"왕과 사는 남자 (10M+, 16,883,801명) / 호퍼스 (<5M, 754,046명) / 휴민트 (<5M, 1,979,498명)",70.89113566893957,70% 이상,3015,16883801,1000만+
2026-03-10,2026,3,왕과 사는 남자 / 호퍼스 / 휴민트,"왕과 사는 남자 (10M+, 16,883,801명) / 호퍼스 (<5M, 754,046명) / 휴민트 (<5M, 1,979,498명)",67.61463844797179,60% 이상,3067,16883801,1000만+
2026-03-11,2026,2,왕과 사는 남자 / 호퍼스,"왕과 사는 남자 (10M+, 16,883,801명) / 호퍼스 (<5M, 754,046명)",61.37278106508875,60% 이상,2593,16883801,1000만+
2026-03-11,2026,3,왕과 사는 남자 / 호퍼스 / 휴민트,"왕과 사는 남자 (10M+, 16,883,801명) / 호퍼스 (<5M, 754,046명) / 휴민트 (<5M, 1,979,498명)",71.64497041420118,70% 이상,3027,16883801,1000만+
2026-03-12,2026,2,왕과 사는 남자 / 호퍼스,"왕과 사는 남자 (10M+, 16,883,801명) / 호퍼스 (<5M, 754,046명)",60.8411214953271,60% 이상,2604,16883801,1000만+
2026-03-12,2026,3,왕과 사는 남자 / 호퍼스 / 휴민트,"왕과 사는 남자 (10M+, 16,883,801명) / 호퍼스 (<5M, 754,046명) / 휴민트 (<5M, 1,979,498명)",70.95794392523365,70% 이상,3037,16883801,1000만+
2026-03-13,2026,2,왕과 사는 남자 / 호퍼스,"왕과 사는 남자 (10M+, 16,883,801명) / 호퍼스 (<5M, 754,046명)",66.56019656019656,60% 이상,2709,16883801,1000만+
2026-03-13,2026,3,왕과 사는 남자 / 호퍼스 / 휴민트,"왕과 사는 남자 (10M+, 16,883,801명) / 호퍼스 (<5M, 754,046명) / 휴민트 (<5M, 1,979,498명)",77.24815724815724,70% 이상,3144,16883801,1000만+
2026-03-14,2026,2,왕과 사는 남자 / 호퍼스,"왕과 사는 남자 (10M+, 16,883,801명) / 호퍼스 (<5M, 754,046명)",70.90301003344482,70% 이상,3180,16883801,1000만+
2026-03-14,2026,3,왕과 사는 남자 / 호퍼스 / 휴민트,"왕과 사는 남자 (10M+, 16,883,801명) / 호퍼스 (<5M, 754,046명) / 휴민트 (<5M, 1,979,498명)",78.9520624303233,70% 이상,3541,16883801,1000만+
2026-03-15,2026,2,왕과 사는 남자 / 호퍼스,"왕과 사는 남자 (10M+, 16,883,801명) / 호퍼스 (<5M, 754,046명)",73.45132743362832,70% 이상,3154,16883801,1000만+
2026-03-15,2026,3,왕과 사는 남자 / 호퍼스 / 휴민트,"왕과 사는 남자 (10M+, 16,883,801명) / 호퍼스 (<5M, 754,046명) / 휴민트 (<5M, 1,979,498명)",81.6022356776898,70% 이상,3504,16883801,1000만+
2026-03-16,2026,2,왕과 사는 남자 / 호퍼스,"왕과 사는 남자 (10M+, 16,883,801명) / 호퍼스 (<5M, 754,046명)",66.68414154652687,60% 이상,2544,16883801,1000만+
2026-03-16,2026,3,왕과 사는 남자 / 호퍼스 / 휴민트,"왕과 사는 남자 (10M+, 16,883,801명) / 호퍼스 (<5M, 754,046명) / 휴민트 (<5M, 1,979,498명)",77.92922673656619,70% 이상,2973,16883801,1000만+
2026-03-17,2026,2,왕과 사는 남자 / 호퍼스,"왕과 사는 남자 (10M+, 16,883,801명) / 호퍼스 (<5M, 754,046명)",64.04938271604938,60% 이상,2594,16883801,1000만+
2026-03-17,2026,3,왕과 사는 남자 / 호퍼스 / 휴민트,"왕과 사는 남자 (10M+, 16,883,801명) / 호퍼스 (<5M, 754,046명) / 휴민트 (<5M, 1,979,498명)",74.49382716049382,70% 이상,3017,16883801,1000만+
2026-03-18,2026,2,왕과 사는 남자 / 프로젝트 헤일메리,"왕과 사는 남자 (10M+, 16,883,801명) / 프로젝트 헤일메리 (<5M, 2,883,508명)",62.125813449023866,60% 이상,2864,16883801,1000만+
2026-03-18,2026,3,왕과 사는 남자 / 프로젝트 헤일메리 / 메소드연기,"왕과 사는 남자 (10M+, 16,883,801명) / 프로젝트 헤일메리 (<5M, 2,883,508명) / 메소드연기 (<5M, 59,984명)",73.38394793926247,70% 이상,3383,16883801,1000만+
2026-03-19,2026,2,왕과 사는 남자 / 프로젝트 헤일메리,"왕과 사는 남자 (10M+, 16,883,801명) / 프로젝트 헤일메리 (<5M, 2,883,508명)",62.900763358778626,60% 이상,2884,16883801,1000만+
2026-03-19,2026,3,왕과 사는 남자 / 프로젝트 헤일메리 / 메소드연기,"왕과 사는 남자 (10M+, 16,883,801명) / 프로젝트 헤일메리 (<5M, 2,883,508명) / 메소드연기 (<5M, 59,984명)",74.08942202835333,70% 이상,3397,16883801,1000만+
2026-03-20,2026,2,왕과 사는 남자 / 프로젝트 헤일메리,"왕과 사는 남자 (10M+, 16,883,801명) / 프로젝트 헤일메리 (<5M, 2,883,508명)",61.28226477935054,60% 이상,2944,16883801,1000만+
2026-03-20,2026,3,왕과 사는 남자 / 프로젝트 헤일메리 / 메소드연기,"왕과 사는 남자 (10M+, 16,883,801명) / 프로젝트 헤일메리 (<5M, 2,883,508명) / 메소드연기 (<5M, 59,984명)",71.98168193172357,70% 이상,3458,16883801,1000만+
2026-03-21,2026,2,왕과 사는 남자 / 프로젝트 헤일메리,"왕과 사는 남자 (10M+, 16,883,801명) / 프로젝트 헤일메리 (<5M, 2,883,508명)",60.975609756097555,60% 이상,3050,16883801,1000만+
2026-03-21,2026,3,왕과 사는 남자 / 프로젝트 헤일메리 / 호퍼스,"왕과 사는 남자 (10M+, 16,883,801명) / 프로젝트 헤일메리 (<5M, 2,883,508명) / 호퍼스 (<5M, 754,046명)",75.48980407836865,70% 이상,3776,16883801,1000만+
2026-03-22,2026,2,왕과 사는 남자 / 프로젝트 헤일메리,"왕과 사는 남자 (10M+, 16,883,801명) / 프로젝트 헤일메리 (<5M, 2,883,508명)",60.48451151707704,60% 이상,3046,16883801,1000만+
2026-03-22,2026,3,왕과 사는 남자 / 프로젝트 헤일메리 / 호퍼스,"왕과 사는 남자 (10M+, 16,883,801명) / 프로젝트 헤일메리 (<5M, 2,883,508명) / 호퍼스 (<5M, 754,046명)",74.86100079428117,70% 이상,3770,16883801,1000만+
2026-03-23,2026,2,왕과 사는 남자 / 프로젝트 헤일메리,"왕과 사는 남자 (10M+, 16,883,801명) / 프로젝트 헤일메리 (<5M, 2,883,508명)",64.8222274546739,60% 이상,2753,16883801,1000만+
2026-03-23,2026,3,왕과 사는 남자 / 프로젝트 헤일메리 / 메소드연기,"왕과 사는 남자 (10M+, 16,883,801명) / 프로젝트 헤일메리 (<5M, 2,883,508명) / 메소드연기 (<5M, 59,984명)",74.57028490699318,70% 이상,3167,16883801,1000만+
2026-03-24,2026,2,왕과 사는 남자 / 프로젝트 헤일메리,"왕과 사는 남자 (10M+, 16,883,801명) / 프로젝트 헤일메리 (<5M, 2,883,508명)",66.58018867924528,60% 이상,2823,16883801,1000만+
2026-03-24,2026,3,왕과 사는 남자 / 프로젝트 헤일메리 / 메소드연기,"왕과 사는 남자 (10M+, 16,883,801명) / 프로젝트 헤일메리 (<5M, 2,883,508명) / 메소드연기 (<5M, 59,984명)",76.72169811320755,70% 이상,3253,16883801,1000만+
2026-03-25,2026,2,왕과 사는 남자 / 프로젝트 헤일메리,"왕과 사는 남자 (10M+, 16,883,801명) / 프로젝트 헤일메리 (<5M, 2,883,508명)",65.67229655626234,60% 이상,2994,16883801,1000만+
2026-03-25,2026,3,왕과 사는 남자 / 프로젝트 헤일메리 / 프로텍터,"왕과 사는 남자 (10M+, 16,883,801명) / 프로젝트 헤일메리 (<5M, 2,883,508명) / 프로텍터 (<5M, 22,785명)",74.73130072384295,70% 이상,3407,16883801,1000만+
2026-03-26,2026,2,왕과 사는 남자 / 프로젝트 헤일메리,"왕과 사는 남자 (10M+, 16,883,801명) / 프로젝트 헤일메리 (<5M, 2,883,508명)",65.21739130434783,60% 이상,2850,16883801,1000만+
2026-03-26,2026,3,왕과 사는 남자 / 프로젝트 헤일메리 / 프로텍터,"왕과 사는 남자 (10M+, 16,883,801명) / 프로젝트 헤일메리 (<5M, 2,883,508명) / 프로텍터 (<5M, 22,785명)",73.77574370709382,70% 이상,3224,16883801,1000만+
2026-03-27,2026,2,왕과 사는 남자 / 프로젝트 헤일메리,"왕과 사는 남자 (10M+, 16,883,801명) / 프로젝트 헤일메리 (<5M, 2,883,508명)",63.898836168307966,60% 이상,2855,16883801,1000만+
2026-03-27,2026,3,왕과 사는 남자 / 프로젝트 헤일메리 / 호퍼스,"왕과 사는 남자 (10M+, 16,883,801명) / 프로젝트 헤일메리 (<5M, 2,883,508명) / 호퍼스 (<5M, 754,046명)",72.49328558639212,70% 이상,3239,16883801,1000만+
2026-03-28,2026,2,왕과 사는 남자 / 프로젝트 헤일메리,"왕과 사는 남자 (10M+, 16,883,801명) / 프로젝트 헤일메리 (<5M, 2,883,508명)",62.510656436487636,60% 이상,2933,16883801,1000만+
2026-03-28,2026,3,왕과 사는 남자 / 프로젝트 헤일메리 / 호퍼스,"왕과 사는 남자 (10M+, 16,883,801명) / 프로젝트 헤일메리 (<5M, 2,883,508명) / 호퍼스 (<5M, 754,046명)",74.93606138107417,70% 이상,3516,16883801,1000만+
2026-03-29,2026,2,왕과 사는 남자 / 프로젝트 헤일메리,"왕과 사는 남자 (10M+, 16,883,801명) / 프로젝트 헤일메리 (<5M, 2,883,508명)",62.569593147751604,60% 이상,2922,16883801,1000만+
2026-03-29,2026,3,왕과 사는 남자 / 프로젝트 헤일메리 / 호퍼스,"왕과 사는 남자 (10M+, 16,883,801명) / 프로젝트 헤일메리 (<5M, 2,883,508명) / 호퍼스 (<5M, 754,046명)",74.81798715203426,70% 이상,3494,16883801,1000만+
2026-03-30,2026,2,왕과 사는 남자 / 프로젝트 헤일메리,"왕과 사는 남자 (10M+, 16,883,801명) / 프로젝트 헤일메리 (<5M, 2,883,508명)",71.16339869281046,70% 이상,2722,16883801,1000만+
2026-03-30,2026,3,왕과 사는 남자 / 프로젝트 헤일메리 / 프로텍터,"왕과 사는 남자 (10M+, 16,883,801명) / 프로젝트 헤일메리 (<5M, 2,883,508명) / 프로텍터 (<5M, 22,785명)",79.05882352941177,70% 이상,3024,16883801,1000만+
2026-03-31,2026,2,왕과 사는 남자 / 프로젝트 헤일메리,"왕과 사는 남자 (10M+, 16,883,801명) / 프로젝트 헤일메리 (<5M, 2,883,508명)",66.6585721223895,60% 이상,2745,16883801,1000만+
2026-03-31,2026,3,왕과 사는 남자 / 프로젝트 헤일메리 / 호퍼스,"왕과 사는 남자 (10M+, 16,883,801명) / 프로젝트 헤일메리 (<5M, 2,883,508명) / 호퍼스 (<5M, 754,046명)",74.21078193297717,70% 이상,3056,16883801,1000만+
2026-04-01,2026,2,왕과 사는 남자 / 프로젝트 헤일메리,"왕과 사는 남자 (10M+, 16,883,801명) / 프로젝트 헤일메리 (<5M, 2,883,508명)",66.15115989024694,60% 이상,2652,16883801,1000만+
2026-04-01,2026,3,왕과 사는 남자 / 프로젝트 헤일메리 / 네가 마지막으로 남긴 노래,"왕과 사는 남자 (10M+, 16,883,801명) / 프로젝트 헤일메리 (<5M, 2,883,508명) / 네가 마지막으로 남긴 노래 (<5M, 78,787명)",80.11973060613619,70% 이상,3212,16883801,1000만+
2026-04-02,2026,3,왕과 사는 남자 / 프로젝트 헤일메리 / 끝장수사,"왕과 사는 남자 (10M+, 16,883,801명) / 프로젝트 헤일메리 (<5M, 2,883,508명) / 끝장수사 (<5M, 85,189명)",74.14198401504467,70% 이상,3154,16883801,1000만+
2026-04-03,2026,3,왕과 사는 남자 / 프로젝트 헤일메리 / 끝장수사,"왕과 사는 남자 (10M+, 16,883,801명) / 프로젝트 헤일메리 (<5M, 2,883,508명) / 끝장수사 (<5M, 85,189명)",73.4233237441912,70% 이상,3318,16883801,1000만+
2026-04-04,2026,3,프로젝트 헤일메리 / 왕과 사는 남자 / 끝장수사,"프로젝트 헤일메리 (<5M, 2,883,508명) / 왕과 사는 남자 (10M+, 16,883,801명) / 끝장수사 (<5M, 85,189명)",67.38920069672925,60% 이상,3482,16883801,1000만+
2026-04-05,2026,3,프로젝트 헤일메리 / 왕과 사는 남자 / 끝장수사,"프로젝트 헤일메리 (<5M, 2,883,508명) / 왕과 사는 남자 (10M+, 16,883,801명) / 끝장수사 (<5M, 85,189명)",66.39455782312925,60% 이상,3416,16883801,1000만+
2026-04-06,2026,2,왕과 사는 남자 / 프로젝트 헤일메리,"왕과 사는 남자 (10M+, 16,883,801명) / 프로젝트 헤일메리 (<5M, 2,883,508명)",60.20009760858956,60% 이상,2467,16883801,1000만+
2026-04-06,2026,3,왕과 사는 남자 / 프로젝트 헤일메리 / 끝장수사,"왕과 사는 남자 (10M+, 16,883,801명) / 프로젝트 헤일메리 (<5M, 2,883,508명) / 끝장수사 (<5M, 85,189명)",74.3533430941923,70% 이상,3047,16883801,1000만+
2026-04-07,2026,3,왕과 사는 남자 / 프로젝트 헤일메리 / 끝장수사,"왕과 사는 남자 (10M+, 16,883,801명) / 프로젝트 헤일메리 (<5M, 2,883,508명) / 끝장수사 (<5M, 85,189명)",73.96379228203907,70% 이상,3105,16883801,1000만+
2026-04-08,2026,3,살목지 / 프로젝트 헤일메리 / 왕과 사는 남자,"살목지 (<5M, 3,230,647명) / 프로젝트 헤일메리 (<5M, 2,883,508명) / 왕과 사는 남자 (10M+, 16,883,801명)",71.7937792927141,70% 이상,3370,16883801,1000만+
2026-04-09,2026,3,살목지 / 프로젝트 헤일메리 / 왕과 사는 남자,"살목지 (<5M, 3,230,647명) / 프로젝트 헤일메리 (<5M, 2,883,508명) / 왕과 사는 남자 (10M+, 16,883,801명)",72.26185480486781,70% 이상,3444,16883801,1000만+
2026-04-10,2026,3,살목지 / 프로젝트 헤일메리 / 왕과 사는 남자,"살목지 (<5M, 3,230,647명) / 프로젝트 헤일메리 (<5M, 2,883,508명) / 왕과 사는 남자 (10M+, 16,883,801명)",73.53896103896103,70% 이상,3624,16883801,1000만+
2026-04-11,2026,3,살목지 / 프로젝트 헤일메리 / 왕과 사는 남자,"살목지 (<5M, 3,230,647명) / 프로젝트 헤일메리 (<5M, 2,883,508명) / 왕과 사는 남자 (10M+, 16,883,801명)",70.76779026217228,70% 이상,3779,16883801,1000만+
2026-04-12,2026,3,살목지 / 프로젝트 헤일메리 / 왕과 사는 남자,"살목지 (<5M, 3,230,647명) / 프로젝트 헤일메리 (<5M, 2,883,508명) / 왕과 사는 남자 (10M+, 16,883,801명)",72.36506378802747,70% 이상,3687,16883801,1000만+
2026-04-13,2026,3,살목지 / 프로젝트 헤일메리 / 왕과 사는 남자,"살목지 (<5M, 3,230,647명) / 프로젝트 헤일메리 (<5M, 2,883,508명) / 왕과 사는 남자 (10M+, 16,883,801명)",77.56833176248821,70% 이상,3292,16883801,1000만+
2026-04-14,2026,3,살목지 / 프로젝트 헤일메리 / 왕과 사는 남자,"살목지 (<5M, 3,230,647명) / 프로젝트 헤일메리 (<5M, 2,883,508명) / 왕과 사는 남자 (10M+, 16,883,801명)",77.86295005807202,70% 이상,3352,16883801,1000만+
2026-04-15,2026,3,살목지 / 프로젝트 헤일메리 / 왕과 사는 남자,"살목지 (<5M, 3,230,647명) / 프로젝트 헤일메리 (<5M, 2,883,508명) / 왕과 사는 남자 (10M+, 16,883,801명)",65.52018799401837,60% 이상,3067,16883801,1000만+
2026-04-16,2026,3,살목지 / 프로젝트 헤일메리 / 왕과 사는 남자,"살목지 (<5M, 3,230,647명) / 프로젝트 헤일메리 (<5M, 2,883,508명) / 왕과 사는 남자 (10M+, 16,883,801명)",66.76970633693972,60% 이상,3024,16883801,1000만+
2026-04-17,2026,3,살목지 / 프로젝트 헤일메리 / 왕과 사는 남자,"살목지 (<5M, 3,230,647명) / 프로젝트 헤일메리 (<5M, 2,883,508명) / 왕과 사는 남자 (10M+, 16,883,801명)",63.31123166566205,60% 이상,3151,16883801,1000만+
2026-04-18,2026,3,살목지 / 프로젝트 헤일메리 / 왕과 사는 남자,"살목지 (<5M, 3,230,647명) / 프로젝트 헤일메리 (<5M, 2,883,508명) / 왕과 사는 남자 (10M+, 16,883,801명)",62.29902051376825,60% 이상,3371,16883801,1000만+
2026-04-19,2026,3,살목지 / 프로젝트 헤일메리 / 왕과 사는 남자,"살목지 (<5M, 3,230,647명) / 프로젝트 헤일메리 (<5M, 2,883,508명) / 왕과 사는 남자 (10M+, 16,883,801명)",62.71987894836391,60% 이상,3316,16883801,1000만+
2026-04-20,2026,3,살목지 / 프로젝트 헤일메리 / 왕과 사는 남자,"살목지 (<5M, 3,230,647명) / 프로젝트 헤일메리 (<5M, 2,883,508명) / 왕과 사는 남자 (10M+, 16,883,801명)",65.27587779297767,60% 이상,2863,16883801,1000만+
2026-04-21,2026,3,살목지 / 프로젝트 헤일메리 / 왕과 사는 남자,"살목지 (<5M, 3,230,647명) / 프로젝트 헤일메리 (<5M, 2,883,508명) / 왕과 사는 남자 (10M+, 16,883,801명)",64.03135498320269,60% 이상,2859,16883801,1000만+
2026-04-29,2026,3,악마는 프라다를 입는다 2 / 슈퍼 마리오 갤럭시 / 살목지,"악마는 프라다를 입는다 2 (<5M, 1,558,581명) / 슈퍼 마리오 갤럭시 (<5M, 1,576,909명) / 살목지 (<5M, 3,230,647명)",64.93576985706531,60% 이상,3589,3230647,500만미만
2026-04-30,2026,3,악마는 프라다를 입는다 2 / 슈퍼 마리오 갤럭시 / 살목지,"악마는 프라다를 입는다 2 (<5M, 1,558,581명) / 슈퍼 마리오 갤럭시 (<5M, 1,576,909명) / 살목지 (<5M, 3,230,647명)",65.18795652948512,60% 이상,3659,3230647,500만미만
2026-05-01,2026,3,슈퍼 마리오 갤럭시 / 악마는 프라다를 입는다 2 / 살목지,"슈퍼 마리오 갤럭시 (<5M, 1,576,909명) / 악마는 프라다를 입는다 2 (<5M, 1,558,581명) / 살목지 (<5M, 3,230,647명)",67.78031290743155,60% 이상,4159,3230647,500만미만
2026-05-02,2026,3,슈퍼 마리오 갤럭시 / 악마는 프라다를 입는다 2 / 살목지,"슈퍼 마리오 갤럭시 (<5M, 1,576,909명) / 악마는 프라다를 입는다 2 (<5M, 1,558,581명) / 살목지 (<5M, 3,230,647명)",69.8779495524817,60% 이상,4294,3230647,500만미만
2026-05-03,2026,3,슈퍼 마리오 갤럭시 / 살목지 / 악마는 프라다를 입는다 2,"슈퍼 마리오 갤럭시 (<5M, 1,576,909명) / 살목지 (<5M, 3,230,647명) / 악마는 프라다를 입는다 2 (<5M, 1,558,581명)",65.43058535090407,60% 이상,4270,3230647,500만미만
2026-05-04,2026,3,슈퍼 마리오 갤럭시 / 악마는 프라다를 입는다 2 / 살목지,"슈퍼 마리오 갤럭시 (<5M, 1,576,909명) / 악마는 프라다를 입는다 2 (<5M, 1,558,581명) / 살목지 (<5M, 3,230,647명)",65.12432076403755,60% 이상,3955,3230647,500만미만
2026-05-05,2026,3,슈퍼 마리오 갤럭시 / 살목지 / 악마는 프라다를 입는다 2,"슈퍼 마리오 갤럭시 (<5M, 1,576,909명) / 살목지 (<5M, 3,230,647명) / 악마는 프라다를 입는다 2 (<5M, 1,558,581명)",66.22813805912398,60% 이상,4279,3230647,500만미만
2026-05-09,2026,3,슈퍼 마리오 갤럭시 / 악마는 프라다를 입는다 2 / 살목지,"슈퍼 마리오 갤럭시 (<5M, 1,576,909명) / 악마는 프라다를 입는다 2 (<5M, 1,558,581명) / 살목지 (<5M, 3,230,647명)",60.55619549119632,60% 이상,3680,3230647,500만미만
2026-05-10,2026,3,슈퍼 마리오 갤럭시 / 악마는 프라다를 입는다 2 / 살목지,"슈퍼 마리오 갤럭시 (<5M, 1,576,909명) / 악마는 프라다를 입는다 2 (<5M, 1,558,581명) / 살목지 (<5M, 3,230,647명)",61.64522681110358,60% 이상,3642,3230647,500만미만
2026-05-13,2026,3,마이클 / 악마는 프라다를 입는다 2 / 살목지,"마이클 (<5M, 1,184,600명) / 악마는 프라다를 입는다 2 (<5M, 1,558,581명) / 살목지 (<5M, 3,230,647명)",61.50815981992122,60% 이상,3279,3230647,500만미만
2026-05-14,2026,3,마이클 / 악마는 프라다를 입는다 2 / 살목지,"마이클 (<5M, 1,184,600명) / 악마는 프라다를 입는다 2 (<5M, 1,558,581명) / 살목지 (<5M, 3,230,647명)",61.19431279620853,60% 이상,3228,3230647,500만미만
2026-05-15,2026,3,마이클 / 악마는 프라다를 입는다 2 / 살목지,"마이클 (<5M, 1,184,600명) / 악마는 프라다를 입는다 2 (<5M, 1,558,581명) / 살목지 (<5M, 3,230,647명)",60.280970625798204,60% 이상,3304,3230647,500만미만
2026-05-18,2026,3,마이클 / 악마는 프라다를 입는다 2 / 살목지,"마이클 (<5M, 1,184,600명) / 악마는 프라다를 입는다 2 (<5M, 1,558,581명) / 살목지 (<5M, 3,230,647명)",64.86606154527341,60% 이상,2930,3230647,500만미만
2026-05-19,2026,3,마이클 / 악마는 프라다를 입는다 2 / 살목지,"마이클 (<5M, 1,184,600명) / 악마는 프라다를 입는다 2 (<5M, 1,558,581명) / 살목지 (<5M, 3,230,647명)",62.872570194384444,60% 이상,2911,3230647,500만미만
2026-05-20,2026,3,마이클 / 악마는 프라다를 입는다 2 / 살목지,"마이클 (<5M, 1,184,600명) / 악마는 프라다를 입는다 2 (<5M, 1,558,581명) / 살목지 (<5M, 3,230,647명)",62.58460236886633,60% 이상,2959,3230647,500만미만
2026-05-21,2026,3,군체 / 마이클 / 악마는 프라다를 입는다 2,"군체 (<5M, 2,018,610명) / 마이클 (<5M, 1,184,600명) / 악마는 프라다를 입는다 2 (<5M, 1,558,581명)",71.19254395255243,70% 이상,3361,2018610,500만미만
2026-05-22,2026,3,군체 / 마이클 / 악마는 프라다를 입는다 2,"군체 (<5M, 2,018,610명) / 마이클 (<5M, 1,184,600명) / 악마는 프라다를 입는다 2 (<5M, 1,558,581명)",68.0363492690636,60% 이상,3444,2018610,500만미만
2026-05-23,2026,3,군체 / 마이클 / 슈퍼 마리오 갤럭시,"군체 (<5M, 2,018,610명) / 마이클 (<5M, 1,184,600명) / 슈퍼 마리오 갤럭시 (<5M, 1,576,909명)",64.05240488155061,60% 이상,3569,2018610,500만미만
2026-05-24,2026,3,군체 / 마이클 / 슈퍼 마리오 갤럭시,"군체 (<5M, 2,018,610명) / 마이클 (<5M, 1,184,600명) / 슈퍼 마리오 갤럭시 (<5M, 1,576,909명)",64.96532100302329,60% 이상,3653,2018610,500만미만
2026-05-25,2026,3,군체 / 마이클 / 슈퍼 마리오 갤럭시,"군체 (<5M, 2,018,610명) / 마이클 (<5M, 1,184,600명) / 슈퍼 마리오 갤럭시 (<5M, 1,576,909명)",64.94505494505495,60% 이상,3546,2018610,500만미만
